date,ccy,oi,nc_long,nc_short
2000-01-04,AUD,25699,7529,1250
2000-01-11,AUD,30290,9782,642
2000-01-18,AUD,40500,17623,314
2000-01-25,AUD,38359,15623,224
2000-02-01,AUD,33312,1861,4873
2000-02-08,AUD,32010,1646,4744
2000-02-15,AUD,31826,746,5693
2000-02-22,AUD,31711,1074,6099
2000-02-29,AUD,33732,801,8014
2000-03-07,AUD,35724,885,8588
2000-03-14,AUD,20595,921,9342
2000-03-21,AUD,21335,872,9179
2000-03-28,AUD,22401,836,8684
2000-04-04,AUD,22574,872,8440
2000-04-11,AUD,23356,1262,9277
2000-04-18,AUD,24969,869,9834
2000-04-25,AUD,25230,869,9161
2000-05-02,AUD,25510,475,10058
2000-05-09,AUD,23977,475,8523
2000-05-16,AUD,24091,0,5768
2000-05-23,AUD,24119,0,5283
2000-05-30,AUD,23560,0,4782
2000-06-06,AUD,25818,0,5438
2000-06-13,AUD,30014,417,4296
2000-08-29,AUD,22356,500,3007
2000-09-05,AUD,23929,600,3322
2000-09-12,AUD,32544,1250,4804
2000-09-26,AUD,23818,1500,4922
2000-10-03,AUD,24100,1500,5113
2000-10-10,AUD,24487,1500,4990
2000-10-17,AUD,24654,1500,4701
2000-10-24,AUD,24107,1700,3428
2000-10-31,AUD,24973,1700,3846
2000-11-07,AUD,24313,1700,4316
2000-11-14,AUD,24415,1700,3441
2000-11-21,AUD,25701,1700,3970
2000-11-28,AUD,24753,1700,2473
2000-12-05,AUD,28474,2641,1981
2000-12-12,AUD,30062,2641,1971
2001-01-02,AUD,23374,4514,1468
2001-01-09,AUD,25878,4695,1363
2001-01-16,AUD,26450,4581,1322
2001-01-23,AUD,25392,3695,858
2001-01-30,AUD,23202,3225,1351
2001-02-06,AUD,23352,3685,1854
2001-02-13,AUD,24104,2562,2250
2001-02-20,AUD,25814,2229,3444
2001-02-27,AUD,26498,2386,3787
2001-03-06,AUD,35712,2430,3967
2001-03-13,AUD,42016,3109,4597
2001-03-20,AUD,25392,1776,4944
2001-03-27,AUD,26034,1852,4480
2001-04-03,AUD,26563,1895,5027
2001-04-10,AUD,27091,1895,5540
2001-04-17,AUD,26220,1895,4964
2001-04-24,AUD,25375,1925,3148
2001-05-01,AUD,25961,1950,2735
2001-05-08,AUD,25187,1950,2694
2001-05-15,AUD,26570,2420,3779
2001-05-22,AUD,28223,3350,1842
2001-05-29,AUD,27921,2968,2352
2001-06-05,AUD,25951,2195,1352
2001-06-12,AUD,28945,2100,2021
2001-07-03,AUD,18832,1700,2411
2001-07-10,AUD,18348,1700,2225
2001-07-17,AUD,21834,1993,3846
2001-07-24,AUD,21886,2665,3823
2001-07-31,AUD,23550,2623,3390
2001-08-07,AUD,21232,1500,2090
2001-08-14,AUD,22711,1900,2018
2001-08-21,AUD,26018,5975,1251
2001-08-28,AUD,27949,6695,2709
2001-09-04,AUD,26449,5677,1744
2001-09-10,AUD,28692,4759,1056
2001-09-18,AUD,22407,2552,4382
2001-09-25,AUD,22796,2084,3900
2001-10-02,AUD,23946,2622,3827
2001-10-09,AUD,23874,2181,4693
2001-10-16,AUD,21924,1617,2559
2001-10-23,AUD,21557,1597,2244
2001-10-30,AUD,21672,2210,1670
2001-11-06,AUD,21872,2634,1638
2001-11-13,AUD,24463,3028,3016
2001-11-20,AUD,24095,3729,428
2001-11-27,AUD,23520,3637,428
2001-12-04,AUD,22626,2664,528
2001-12-11,AUD,24669,1864,1942
2002-01-29,AUD,23264,2500,1523
2002-02-05,AUD,22051,2265,1879
2002-02-12,AUD,23861,2277,5114
2002-02-26,AUD,21858,1889,1804
2002-03-12,AUD,40202,8849,3423
2002-03-19,AUD,33061,9853,2978
2002-03-26,AUD,40611,13628,1368
2002-04-02,AUD,43378,15926,1623
2002-04-09,AUD,53917,25660,1623
2002-04-16,AUD,48665,19241,2074
2002-04-23,AUD,49941,20887,1536
2002-04-30,AUD,48150,18671,2050
2002-05-07,AUD,48575,17665,2336
2002-05-14,AUD,45570,13392,2055
2002-05-21,AUD,41905,10944,2873
2002-05-28,AUD,43033,13737,1915
2002-06-04,AUD,46120,14948,919
2002-06-11,AUD,52016,11974,625
2002-06-18,AUD,34311,9276,840
2002-06-25,AUD,33939,7315,753
2002-07-02,AUD,34128,7708,1486
2002-07-09,AUD,33989,7641,1304
2002-07-16,AUD,32752,7087,2708
2002-07-23,AUD,30034,3909,3160
2002-08-06,AUD,25198,1111,0
2002-08-13,AUD,23438,1191,0
2002-08-20,AUD,22559,1064,511
2002-08-27,AUD,23142,1034,1124
2002-09-03,AUD,25787,1034,867
2002-09-10,AUD,27644,995,471
2002-10-01,AUD,19336,2342,0
2002-10-08,AUD,24636,5845,0
2002-10-15,AUD,25002,5242,0
2002-10-22,AUD,34495,10534,563
2002-10-29,AUD,37148,12614,0
2002-11-05,AUD,42461,17956,240
2002-11-12,AUD,43395,17738,0
2002-11-19,AUD,40926,17300,0
2002-11-26,AUD,40034,15411,0
2002-12-03,AUD,37360,13508,0
2002-12-10,AUD,43658,11373,0
2002-12-17,AUD,37752,15088,577
2002-12-23,AUD,35422,12508,0
2002-12-31,AUD,34586,10920,0
2003-01-07,AUD,43834,19740,401
2003-01-14,AUD,45912,20414,431
2003-01-21,AUD,45506,19788,431
2003-01-28,AUD,46233,20369,431
2003-02-04,AUD,49109,23281,431
2003-02-11,AUD,46893,20066,431
2003-02-18,AUD,47209,18514,431
2003-02-25,AUD,47107,18461,431
2003-03-04,AUD,48318,18586,431
2003-03-11,AUD,53484,18087,89
2003-03-18,AUD,34641,9869,0
2003-03-25,AUD,32152,6153,0
2003-04-01,AUD,32383,6016,0
2003-04-08,AUD,30549,6806,0
2003-04-15,AUD,35538,10954,0
2003-04-22,AUD,41589,14919,1137
2003-04-29,AUD,43118,15235,429
2003-05-06,AUD,41820,14987,429
2003-05-13,AUD,41295,15089,429
2003-05-20,AUD,39408,13371,429
2003-05-27,AUD,37438,11885,429
2003-06-03,AUD,42095,14148,429
2003-06-10,AUD,44219,13338,431
2003-06-17,AUD,36601,10956,0
2003-06-24,AUD,36254,12800,0
2003-07-01,AUD,38754,15224,0
2003-07-08,AUD,36365,14175,0
2003-07-15,AUD,34228,12233,0
2003-07-22,AUD,33512,11621,0
2003-07-29,AUD,36006,12207,0
2003-08-05,AUD,33355,11385,0
2003-08-12,AUD,33216,10578,0
2003-08-19,AUD,34305,10320,0
2003-08-26,AUD,31865,7393,894
2003-09-02,AUD,33573,7307,2604
2003-09-09,AUD,36930,4746,1312
2003-09-16,AUD,36082,11590,1693
2003-09-23,AUD,41264,11559,1714
2003-09-30,AUD,42727,13188,1769
2003-10-07,AUD,49919,18224,1481
2003-10-14,AUD,50668,19182,1060
2003-10-21,AUD,53949,21851,1461
2003-10-28,AUD,55553,23216,1060
2003-11-04,AUD,59105,26380,1060
2003-11-11,AUD,60650,25795,1060
2003-11-18,AUD,63444,27948,1758
2003-11-25,AUD,61806,25859,625
2003-12-02,AUD,63089,27078,647
2003-12-09,AUD,73209,26691,1044
2003-12-16,AUD,56208,25711,532
2003-12-22,AUD,57595,27805,480
2003-12-30,AUD,58386,26703,582
2004-01-06,AUD,61052,25848,1341
2004-01-13,AUD,62404,27269,1913
2004-01-20,AUD,61905,26269,698
2004-01-27,AUD,61742,26523,1153
2004-02-03,AUD,51677,21322,1044
2004-02-10,AUD,58655,24250,2337
2004-02-17,AUD,67461,31248,2153
2004-02-24,AUD,59772,22429,1082
2004-03-02,AUD,55548,17417,995
2004-03-09,AUD,58264,14256,3771
2004-03-16,AUD,29167,6792,2956
2004-03-23,AUD,29576,5533,2567
2004-03-30,AUD,30367,6776,2604
2004-04-06,AUD,37468,11844,1477
2004-04-12,AUD,39460,12252,826
2004-04-20,AUD,31409,5808,2562
2004-04-27,AUD,32822,5801,2668
2004-05-04,AUD,35722,6397,4211
2004-05-11,AUD,36777,2845,5687
2004-05-18,AUD,38361,4260,6035
2004-05-25,AUD,38618,3817,8097
2004-06-01,AUD,39054,3008,8071
2004-06-08,AUD,42488,2186,6255
2004-06-15,AUD,23761,3931,4841
2004-06-22,AUD,24238,3662,4794
2004-06-29,AUD,26312,5885,4181
2004-07-06,AUD,25832,5257,3067
2004-07-13,AUD,30583,8622,953
2004-07-20,AUD,36642,10974,868
2004-07-27,AUD,28377,5018,2369
2004-08-03,AUD,30603,7348,888
2004-08-10,AUD,30904,8478,1365
2004-08-17,AUD,33254,9122,943
2004-08-24,AUD,34627,8792,1513
2004-08-31,AUD,32662,7138,2400
2004-09-07,AUD,35375,5160,5823
2004-09-21,AUD,22195,6972,6159
2004-09-28,AUD,29604,10783,3698
2004-10-05,AUD,43324,19510,2610
2004-10-12,AUD,53591,26060,1857
2004-10-19,AUD,53667,24842,2333
2004-10-26,AUD,60051,30579,2049
2004-11-02,AUD,61179,30737,1747
2004-11-09,AUD,67041,34824,2434
2004-11-16,AUD,70438,37285,2682
2004-11-23,AUD,70137,33214,2585
2004-11-30,AUD,73359,33361,2387
2004-12-07,AUD,88254,35652,1409
2004-12-14,AUD,56837,29627,66
2004-12-21,AUD,59283,29069,65
2004-12-28,AUD,60977,30330,73
2005-01-04,AUD,66759,32283,1670
2005-01-11,AUD,62685,26494,517
2005-01-18,AUD,65081,27749,534
2005-01-25,AUD,71814,31905,1002
2005-02-01,AUD,79897,38430,2646
2005-02-08,AUD,76844,36050,8451
2005-02-15,AUD,89106,44618,7919
2005-02-22,AUD,95179,49918,3948
2005-03-01,AUD,104099,56250,871
2005-03-08,AUD,130231,55816,3863
2005-03-15,AUD,102848,57410,3269
2005-03-22,AUD,105846,58973,3982
2005-03-29,AUD,81324,30819,4195
2005-04-05,AUD,78489,26134,5048
2005-04-12,AUD,85163,31709,6286
2005-04-19,AUD,85577,25245,6922
2005-04-26,AUD,89273,33986,6692
2005-05-03,AUD,89548,33987,4622
2005-05-10,AUD,89282,36178,5352
2005-05-17,AUD,84442,24221,8986
2005-05-24,AUD,85299,21939,8632
2005-05-31,AUD,83172,15019,9095
2005-06-07,AUD,87578,15528,2679
2005-06-14,AUD,59436,19846,4587
2005-06-21,AUD,83291,36466,3071
2005-06-28,AUD,69392,24447,1473
2005-07-05,AUD,60369,16534,7964
2005-07-12,AUD,64490,17868,9312
2005-07-19,AUD,63659,16209,9453
2005-07-26,AUD,60938,20643,3300
2005-08-02,AUD,60900,20549,3232
2005-08-09,AUD,72496,30047,2029
2005-08-16,AUD,73801,27090,786
2005-08-23,AUD,60188,14661,2791
2005-08-30,AUD,61099,14142,3277
2005-09-06,AUD,65292,20798,1465
2005-09-13,AUD,96367,36285,3043
2005-09-20,AUD,78632,36201,0
2005-09-27,AUD,63181,23527,582
2005-10-04,AUD,69587,29452,582
2005-10-11,AUD,60128,18844,1916
2005-10-18,AUD,63897,19393,8331
2005-10-25,AUD,59833,15562,7648
2005-11-01,AUD,61243,14623,10587
2005-11-08,AUD,68200,17183,13112
2005-11-15,AUD,75581,18367,18174
2005-11-22,AUD,79829,19690,18941
2005-11-29,AUD,78973,21190,15448
2005-12-06,AUD,71637,23052,7340
2005-12-13,AUD,82817,23890,3608
2005-12-20,AUD,43315,14497,6588
2005-12-27,AUD,57071,13691,12787
2006-01-03,AUD,60245,21116,14006
2006-01-10,AUD,55332,26703,4969
2006-01-17,AUD,61525,27102,4393
2006-01-24,AUD,63978,29898,10522
2006-01-31,AUD,73813,38523,9265
2006-02-07,AUD,68525,31309,10528
2006-02-14,AUD,62933,22669,14618
2006-02-21,AUD,62973,19649,15648
2006-02-28,AUD,58377,16175,14800
2006-03-07,AUD,67707,16803,19699
2006-03-14,AUD,43094,16571,14937
2006-03-21,AUD,61058,19065,30392
2006-03-28,AUD,68768,18522,31854
2006-04-04,AUD,65124,21629,27479
2006-04-11,AUD,54618,23254,16317
2006-04-18,AUD,52049,20597,9436
2006-04-25,AUD,52591,23684,15927
2006-05-02,AUD,57861,27297,5524
2006-05-09,AUD,74660,34685,5831
2006-05-16,AUD,78831,36522,5937
2006-05-23,AUD,81572,28453,12143
2006-05-30,AUD,76396,33720,6932
2006-06-06,AUD,72968,24106,10188
2006-06-13,AUD,81160,23302,11350
2006-06-20,AUD,37629,11753,14165
2006-06-27,AUD,42014,14220,11514
2006-07-03,AUD,45680,17141,12080
2006-07-11,AUD,51757,21901,4965
2006-07-18,AUD,54649,30614,2399
2006-07-25,AUD,62339,37046,3654
2006-08-01,AUD,67931,40195,2082
2006-08-08,AUD,65353,36364,3307
2006-08-15,AUD,72893,42751,3659
2006-08-22,AUD,62131,31584,1509
2006-08-29,AUD,63348,34383,1142
2006-09-05,AUD,81372,49725,1779
2006-09-12,AUD,69370,25739,1205
2006-09-19,AUD,61952,39055,5423
2006-09-26,AUD,57337,34442,4353
2006-10-03,AUD,56292,31493,9912
2006-10-10,AUD,65437,43831,8581
2006-10-17,AUD,74025,49027,9338
2006-10-24,AUD,87502,61738,5314
2006-10-31,AUD,107657,78430,7077
2006-11-07,AUD,123491,94014,8399
2006-11-14,AUD,105229,71619,6669
2006-11-21,AUD,108253,75236,7775
2006-11-28,AUD,123916,90263,10505
2006-12-05,AUD,129455,88467,13156
2006-12-12,AUD,170902,92025,11111
2006-12-19,AUD,129934,95543,6643
2006-12-26,AUD,128732,92051,7016
2007-01-03,AUD,132225,97410,8587
2007-01-09,AUD,116268,61978,12100
2007-01-16,AUD,121645,73505,6749
2007-01-23,AUD,127566,86840,9592
2007-01-30,AUD,116294,70120,5915
2007-02-06,AUD,117781,70813,9568
2007-02-13,AUD,115145,69996,5128
2007-02-20,AUD,123639,76535,6918
2007-02-27,AUD,140036,92669,9594
2007-03-06,AUD,120959,45971,18961
2007-03-13,AUD,132184,52719,4612
2007-03-20,AUD,104097,71585,8420
2007-03-27,AUD,120220,88508,7911
2007-04-03,AUD,121869,87803,5972
2007-04-10,AUD,117562,80577,6222
2007-04-17,AUD,123468,88724,10407
2007-04-24,AUD,123137,85191,8714
2007-05-01,AUD,107911,72663,8818
2007-05-08,AUD,114679,81980,8354
2007-05-15,AUD,114784,83700,8562
2007-05-22,AUD,103300,66861,19561
2007-05-29,AUD,97790,61546,22208
2007-06-05,AUD,122120,85106,7850
2007-06-12,AUD,157047,90443,17069
2007-06-19,AUD,115118,75187,9974
2007-06-26,AUD,111504,73314,6339
2007-07-03,AUD,109147,68053,9956
2007-07-10,AUD,110984,69945,4787
2007-07-17,AUD,120509,78022,9766
2007-07-24,AUD,118608,75651,8808
2007-07-31,AUD,108022,54254,18481
2007-08-07,AUD,110617,52971,22252
2007-08-14,AUD,105080,42572,19252
2007-08-21,AUD,95901,24197,19221
2007-08-28,AUD,96642,23209,11250
2007-09-04,AUD,103527,36282,9762
2007-09-11,AUD,106674,39919,9472
2007-09-18,AUD,59950,34512,11396
2007-09-25,AUD,74017,46504,7462
2007-10-02,AUD,97556,66857,12225
2007-10-09,AUD,95293,61054,12003
2007-10-16,AUD,96797,64754,9165
2007-10-23,AUD,85160,51672,8019
2007-10-30,AUD,88532,54852,8830
2007-11-06,AUD,93618,59911,9274
2007-11-13,AUD,78011,38876,6048
2007-11-20,AUD,70026,35304,4808
2007-11-27,AUD,64572,30147,4493
2007-12-04,AUD,67940,31152,7633
2007-12-11,AUD,75747,36148,3183
2007-12-18,AUD,54969,19365,8328
2007-12-24,AUD,57131,24100,10560
2007-12-31,AUD,60423,26901,8877
2008-01-08,AUD,78398,35947,12551
2008-01-15,AUD,81641,40712,15252
2008-01-22,AUD,68055,23779,18172
2008-01-29,AUD,65613,29037,12728
2008-02-05,AUD,73676,45325,12428
2008-02-12,AUD,86843,53483,17615
2008-02-19,AUD,94144,58464,18044
2008-02-26,AUD,94774,57201,20357
2008-03-04,AUD,90774,55808,18422
2008-03-11,AUD,93044,47880,16188
2008-03-18,AUD,72466,40625,5060
2008-03-25,AUD,71646,40242,4622
2008-04-01,AUD,72433,41035,4067
2008-04-08,AUD,88174,59685,7996
2008-04-15,AUD,90258,57536,12891
2008-04-22,AUD,101469,70348,11850
2008-04-29,AUD,96564,60245,9780
2008-05-06,AUD,106209,75627,10206
2008-05-13,AUD,101516,69793,12339
2008-05-20,AUD,111047,72418,11117
2008-05-27,AUD,107884,67200,9908
2008-06-03,AUD,109056,63673,10366
2008-06-10,AUD,106214,57536,10039
2008-06-17,AUD,72514,42536,5549
2008-06-24,AUD,88918,57267,7885
2008-07-01,AUD,96429,60912,9503
2008-07-08,AUD,97165,59766,10460
2008-07-15,AUD,105902,69126,13058
2008-07-22,AUD,107776,67105,13517
2008-07-29,AUD,85686,40755,11836
2008-08-05,AUD,80980,33288,18541
2008-08-12,AUD,74805,27714,18661
2008-08-19,AUD,76367,31016,25066
2008-08-26,AUD,78479,31820,30443
2008-09-02,AUD,84673,33552,32041
2008-09-09,AUD,93898,31792,30206
2008-09-16,AUD,53874,8575,25601
2008-09-23,AUD,55072,7759,27221
2008-09-30,AUD,53200,9103,23450
2008-10-07,AUD,54239,9501,17848
2008-10-14,AUD,47396,7511,14484
2008-10-21,AUD,57785,6711,13945
2008-10-28,AUD,72743,8762,18581
2008-11-04,AUD,67219,10623,16136
2008-11-11,AUD,65790,7314,15918
2008-11-18,AUD,63207,6661,12451
2008-11-25,AUD,69320,6524,15148
2008-12-02,AUD,71412,6121,15999
2008-12-09,AUD,68074,6463,10915
2008-12-16,AUD,28784,5922,10121
2008-12-22,AUD,32564,10581,12017
2008-12-30,AUD,33147,11209,11661
2009-01-06,AUD,38208,12656,12061
2009-01-13,AUD,39676,10310,14786
2009-01-20,AUD,45585,10971,17086
2009-01-27,AUD,45177,12591,16006
2009-02-03,AUD,48632,12195,17314
2009-02-10,AUD,44254,9507,15355
2009-02-17,AUD,48452,10183,17473
2009-02-24,AUD,45886,9908,15491
2009-03-03,AUD,49180,12386,15172
2009-03-10,AUD,68898,11649,15594
2009-03-17,AUD,50497,14926,15345
2009-03-24,AUD,58361,22254,13841
2009-03-31,AUD,63184,24594,13307
2009-04-07,AUD,70500,28880,10764
2009-04-14,AUD,74516,31641,10852
2009-04-21,AUD,69568,25840,8590
2009-04-28,AUD,69683,25748,9056
2009-05-05,AUD,79209,34186,11122
2009-05-12,AUD,84347,39484,11253
2009-05-19,AUD,85069,38275,8980
2009-05-26,AUD,90037,41658,9189
2009-06-02,AUD,92940,42095,11351
2009-06-09,AUD,107627,40966,9083
2009-06-16,AUD,73219,41233,9030
2009-06-23,AUD,77430,39780,10412
2009-06-30,AUD,91416,46348,11358
2009-07-07,AUD,86620,44542,12656
2009-07-14,AUD,87807,42301,16708
2009-07-21,AUD,98479,51052,12264
2009-07-28,AUD,103394,53877,10382
2009-08-04,AUD,106512,56300,9890
2009-08-11,AUD,106896,57276,8430
2009-08-18,AUD,101123,51792,7672
2009-08-25,AUD,106751,55340,7053
2009-09-01,AUD,102915,51967,10031
2009-09-08,AUD,114028,54829,6445
2009-09-15,AUD,104312,58173,9572
2009-09-22,AUD,109900,61001,9477
2009-09-29,AUD,104250,55700,8002
2009-10-06,AUD,110359,58029,7864
2009-10-13,AUD,119675,59930,7283
2009-10-20,AUD,120590,62429,8439
2009-10-27,AUD,115342,59128,6241
2009-11-03,AUD,114518,55825,5442
2009-11-09,AUD,111424,54402,6968
2009-11-17,AUD,124030,60635,13747
2009-11-24,AUD,118766,53743,10179
2009-12-01,AUD,118047,55415,6977
2009-12-08,AUD,125262,50719,4037
2009-12-15,AUD,101906,54757,13774
2009-12-22,AUD,94188,48769,16344
2009-12-29,AUD,98465,53603,17072
2010-01-05,AUD,108728,62114,15006
2010-01-12,AUD,126970,73240,13888
2010-01-19,AUD,133086,77331,14480
2010-01-26,AUD,112867,61097,15779
2010-02-02,AUD,98426,46531,13260
2010-02-09,AUD,99643,44346,16740
2010-02-16,AUD,98449,43315,16312
2010-02-23,AUD,108320,51882,12890
2010-03-02,AUD,116667,59106,10345
2010-03-09,AUD,130808,69885,8600
2010-03-16,AUD,126301,73747,10253
2010-03-23,AUD,142413,84248,9909
2010-03-30,AUD,142815,79698,10358
2010-04-06,AUD,151605,84060,10862
2010-04-13,AUD,154014,88635,7961
2010-04-20,AUD,154367,87169,8265
2010-04-27,AUD,140472,75357,9289
2010-05-04,AUD,136437,68196,11214
2010-05-11,AUD,115269,56155,6957
2010-05-18,AUD,113271,50564,12184
2010-05-25,AUD,106473,39367,19844
2010-06-01,AUD,110772,37021,21976
2010-06-08,AUD,108956,29746,21311
2010-06-15,AUD,57653,27729,15323
2010-06-22,AUD,60340,29809,18003
2010-06-29,AUD,59657,28105,15251
2010-07-06,AUD,64872,25885,18639
2010-07-13,AUD,68482,35209,11729
2010-07-20,AUD,80302,45253,12367
2010-07-27,AUD,89389,51282,10749
2010-08-03,AUD,99149,62096,13381
2010-08-10,AUD,114049,68353,13983
2010-08-17,AUD,120329,71020,13323
2010-08-24,AUD,107434,58462,11445
2010-08-31,AUD,102439,54261,10453
2010-09-07,AUD,128346,69700,12734
2010-09-14,AUD,120308,74076,17407
2010-09-21,AUD,129713,77944,13620
2010-09-28,AUD,137646,81419,11886
2010-10-05,AUD,139447,81871,12835
2010-10-12,AUD,138537,79697,12006
2010-10-19,AUD,133257,71661,12480
2010-10-26,AUD,128470,67433,12318
2010-11-02,AUD,125968,66821,15641
2010-11-09,AUD,130206,62983,15367
2010-11-16,AUD,121110,52462,16260
2010-11-23,AUD,117998,46935,18464
2010-11-30,AUD,117302,44794,18151
2010-12-07,AUD,127012,53550,10198
2010-12-14,AUD,113584,62670,8892
2010-12-21,AUD,115007,69875,9325
2010-12-28,AUD,124005,76857,12541
2011-01-04,AUD,121562,75056,12543
2011-01-11,AUD,113920,64837,11340
2011-01-18,AUD,114314,63811,10303
2011-01-25,AUD,113570,59185,13727
2011-02-01,AUD,120991,71144,11067
2011-02-08,AUD,135334,85741,13762
2011-02-15,AUD,122473,70847,5333
2011-02-22,AUD,125341,72726,6662
2011-03-01,AUD,135527,80398,8545
2011-03-08,AUD,152865,80756,7061
2011-03-15,AUD,100326,56352,8401
2011-03-22,AUD,101180,59626,7892
2011-03-29,AUD,138638,91791,6226
2011-04-05,AUD,146108,99390,8452
2011-04-12,AUD,149033,97153,6502
2011-04-19,AUD,143732,91589,6628
2011-04-26,AUD,143468,88675,7808
2011-05-03,AUD,142328,87326,13905
2011-05-10,AUD,128314,72871,12550
2011-05-17,AUD,115090,61179,10260
2011-05-24,AUD,110968,63002,9959
2011-05-31,AUD,117502,72030,12015
2011-06-07,AUD,145346,78547,13342
2011-06-14,AUD,115119,79616,11946
2011-06-21,AUD,100079,66796,12225
2011-06-28,AUD,93784,58957,12060
2011-07-05,AUD,121626,82079,18743
2011-07-12,AUD,120703,81258,13635
2011-07-19,AUD,128712,90221,12426
2011-07-26,AUD,135764,92174,10736
2011-08-02,AUD,133930,91352,15754
2011-08-09,AUD,104527,40840,11824
2011-08-16,AUD,103162,41286,11563
2011-08-23,AUD,112068,50917,7343
2011-08-30,AUD,120394,60605,13036
2011-09-06,AUD,131598,62247,14206
2011-09-13,AUD,125386,50014,13080
2011-09-20,AUD,78616,39049,15954
2011-09-27,AUD,82580,29422,24255
2011-10-04,AUD,100016,35937,23026
2011-10-11,AUD,118182,37196,26443
2011-10-18,AUD,121691,41395,21042
2011-10-25,AUD,126816,45831,22760
2011-11-01,AUD,139057,56797,30931
2011-11-08,AUD,147684,64485,37469
2011-11-15,AUD,136465,57352,33022
2011-11-22,AUD,128192,43450,25490
2011-11-29,AUD,124760,34307,21765
2011-12-06,AUD,142807,53653,23829
2011-12-13,AUD,153296,60132,25703
2011-12-20,AUD,104817,52047,26305
2011-12-27,AUD,111210,60302,27665
2012-01-03,AUD,117247,70268,23731
2012-01-10,AUD,125914,78721,25195
2012-01-17,AUD,135321,83346,29040
2012-01-24,AUD,139724,90943,21457
2012-01-31,AUD,150115,97471,19427
2012-02-07,AUD,148879,94332,19237
2012-02-14,AUD,151885,93866,20125
2012-02-21,AUD,149840,92233,17533
2012-02-28,AUD,161219,103665,25464
2012-03-06,AUD,164007,96358,34638
2012-03-13,AUD,200719,98469,31713
2012-03-20,AUD,160387,97025,51834
2012-03-27,AUD,147373,91615,32041
2012-04-03,AUD,151825,85990,36671
2012-04-10,AUD,154070,79806,40377
2012-04-17,AUD,148796,83830,35409
2012-04-24,AUD,146739,80597,34556
2012-05-01,AUD,147749,88649,36369
2012-05-08,AUD,152108,72145,47041
2012-05-15,AUD,144001,51066,46332
2012-05-22,AUD,139963,29999,46897
2012-05-29,AUD,142616,14788,50315
2012-06-05,AUD,158833,12579,63751
2012-06-12,AUD,195475,21189,66648
2012-06-19,AUD,130234,41121,44579
2012-06-26,AUD,122384,40023,42182
2012-07-03,AUD,125706,50125,40777
2012-07-10,AUD,121235,54718,35653
2012-07-17,AUD,122934,50981,37050
2012-07-24,AUD,131295,66740,40297
2012-07-31,AUD,144498,79895,42660
2012-08-07,AUD,162436,94635,41741
2012-08-14,AUD,176287,109875,43196
2012-08-21,AUD,195293,127500,40618
2012-08-28,AUD,190631,124137,46065
2012-09-04,AUD,189241,111869,49430
2012-09-11,AUD,218910,107537,39278
2012-09-18,AUD,174458,117009,47763
2012-09-25,AUD,178886,119144,29582
2012-10-02,AUD,162699,98600,34857
2012-10-09,AUD,162802,78524,38710
2012-10-16,AUD,162167,77802,39358
2012-10-23,AUD,168663,83602,37951
2012-10-30,AUD,174957,91030,38940
2012-11-06,AUD,178421,98037,37720
2012-11-13,AUD,183439,105833,37687
2012-11-20,AUD,180364,104617,39906
2012-11-27,AUD,196520,122186,45380
2012-12-04,AUD,212072,136218,43989
2012-12-11,AUD,229394,139540,36164
2012-12-18,AUD,204312,144966,47470
2012-12-24,AUD,173118,116141,40708
2012-12-31,AUD,170157,117354,37832
2013-01-08,AUD,184083,122343,42028
2013-01-15,AUD,203425,137090,48033
2013-01-22,AUD,208776,143776,46765
2013-01-29,AUD,183507,124520,39224
2013-02-05,AUD,180781,122609,41669
2013-02-12,AUD,163745,99758,45644
2013-02-19,AUD,159346,87921,43940
2013-02-26,AUD,157363,79140,53445
2013-03-05,AUD,157595,61315,54166
2013-03-12,AUD,183095,77746,54480
2013-03-19,AUD,158807,100998,46943
2013-03-26,AUD,202150,141086,55571
2013-04-02,AUD,197264,135540,51569
2013-04-09,AUD,186911,117540,39661
2013-04-16,AUD,169445,98834,45659
2013-04-23,AUD,161752,82715,51458
2013-04-30,AUD,158954,81303,51069
2013-05-07,AUD,157170,61501,54871
2013-05-14,AUD,190884,61654,75104
2013-05-21,AUD,205301,50036,82445
2013-05-28,AUD,209027,42213,84520
2013-06-04,AUD,212222,32853,91403
2013-06-11,AUD,240067,24482,87759
2013-06-18,AUD,180895,28769,92290
2013-06-25,AUD,174012,21403,83047
2013-07-02,AUD,182925,21521,92036
2013-07-09,AUD,178595,20955,84210
2013-07-16,AUD,186264,19222,89908
2013-07-23,AUD,185349,17344,81326
2013-07-30,AUD,198272,19527,92100
2013-08-06,AUD,201885,16566,93345
2013-08-13,AUD,184822,12625,75346
2013-08-20,AUD,184178,13676,76859
2013-08-27,AUD,186664,14662,85779
2013-09-03,AUD,189334,13655,85161
2013-09-10,AUD,183606,8464,68496
2013-09-17,AUD,129806,29805,57165
2013-09-24,AUD,126462,20049,54868
2013-10-01,AUD,113676,14928,43732
2013-10-08,AUD,117075,17221,43625
2013-10-15,AUD,124276,17656,49893
2013-10-22,AUD,125592,22882,44993
2013-10-29,AUD,129053,25041,48239
2013-11-05,AUD,129497,22357,47424
2013-11-12,AUD,137241,20484,56293
2013-11-19,AUD,136699,17585,53347
2013-11-26,AUD,111673,17197,50708
2013-12-03,AUD,121078,20197,64508
2013-12-10,AUD,126620,19134,64984
2013-12-17,AUD,113118,13752,65405
2013-12-24,AUD,117884,14857,69096
2013-12-31,AUD,120071,14430,71844
2014-01-07,AUD,122121,14213,71065
2014-01-14,AUD,112341,10376,62364
2014-01-21,AUD,137503,15645,80299
2014-01-28,AUD,136426,13997,79720
2014-02-04,AUD,125394,11696,67219
2014-02-11,AUD,110523,10202,57605
2014-02-18,AUD,103049,9439,53837
2014-02-25,AUD,98643,10299,49290
2014-03-04,AUD,105792,12262,53370
2014-03-11,AUD,122241,8627,49477
2014-03-18,AUD,81737,21577,46040
2014-03-25,AUD,84232,24387,44914
2014-04-01,AUD,93999,35398,40278
2014-04-08,AUD,96887,37630,34320
2014-04-15,AUD,98933,40463,32366
2014-04-22,AUD,107696,49540,33170
2014-04-29,AUD,109934,50019,39313
2014-05-06,AUD,104936,44805,36168
2014-05-13,AUD,107302,50147,33020
2014-05-20,AUD,107613,50130,30668
2014-05-27,AUD,109139,52071,36223
2014-06-03,AUD,110911,56811,35284
2014-06-10,AUD,128984,62141,33894
2014-06-17,AUD,99400,61078,34049
2014-06-24,AUD,101998,65612,32149
2014-07-01,AUD,114918,76598,37719
2014-07-08,AUD,101860,66705,30102
2014-07-15,AUD,105209,70881,31138
2014-07-22,AUD,109341,72170,33377
2014-07-29,AUD,106836,69348,29742
2014-08-05,AUD,98196,60860,27560
2014-08-12,AUD,94030,54691,25145
2014-08-19,AUD,103432,65747,29173
2014-08-26,AUD,107819,71658,29720
2014-09-02,AUD,114146,77050,28003
2014-09-09,AUD,126831,73321,32092
2014-09-16,AUD,97839,55588,33448
2014-09-23,AUD,105756,47187,38840
2014-09-30,AUD,118488,43193,45210
2014-10-07,AUD,129561,31601,58087
2014-10-14,AUD,115941,14367,44638
2014-10-21,AUD,115985,13951,45460
2014-10-28,AUD,120071,17446,51297
2014-11-04,AUD,123342,14595,52863
2014-11-11,AUD,123726,12896,50923
2014-11-18,AUD,117859,9522,47124
2014-11-25,AUD,127008,12050,56138
2014-12-02,AUD,133675,13565,54675
2014-12-09,AUD,159287,17378,62391
2014-12-16,AUD,116787,26786,61039
2014-12-23,AUD,118773,26180,65416
2014-12-30,AUD,120316,24646,65343
2015-01-06,AUD,122205,16981,65633
2015-01-13,AUD,119819,14778,60143
2015-01-20,AUD,110904,9828,56408
2015-01-27,AUD,125620,16079,65022
2015-02-03,AUD,133075,15969,72128
2015-02-10,AUD,125359,12517,65699
2015-02-17,AUD,131722,17230,71061
2015-02-24,AUD,139805,15597,78751
2015-03-03,AUD,136841,13652,75197
2015-03-10,AUD,196534,15137,91988
2015-03-17,AUD,152746,63046,91853
2015-03-24,AUD,135693,52079,80447
2015-03-31,AUD,138260,55814,80170
2015-04-07,AUD,159532,55928,96209
2015-04-14,AUD,161971,55077,97510
2015-04-21,AUD,153363,55570,90233
2015-04-28,AUD,140298,53753,81158
2015-05-05,AUD,137001,59033,58407
2015-05-12,AUD,136249,59435,54948
2015-05-19,AUD,142589,65130,57807
2015-05-26,AUD,144495,65245,58823
2015-06-02,AUD,156474,63386,76642
2015-06-09,AUD,165681,65195,79222
2015-06-16,AUD,119362,65421,69469
2015-06-23,AUD,116184,56099,65151
2015-06-30,AUD,118443,54909,66940
2015-07-07,AUD,135648,55071,77268
2015-07-14,AUD,148406,54936,88477
2015-07-21,AUD,159796,52330,93180
2015-07-28,AUD,165974,46555,97214
2015-08-04,AUD,168404,49401,98813
2015-08-11,AUD,164751,48017,99287
2015-08-18,AUD,161344,47544,97427
2015-08-25,AUD,174378,47275,111002
2015-09-01,AUD,173947,50928,106660
2015-09-08,AUD,190761,50072,103388
2015-09-15,AUD,156879,59117,99846
2015-09-22,AUD,147279,42666,95498
2015-09-29,AUD,142869,44560,93425
2015-10-06,AUD,139935,41592,82431
2015-10-13,AUD,142024,42266,75971
2015-10-20,AUD,140367,43295,81707
2015-10-27,AUD,141008,44835,81187
2015-11-03,AUD,145861,49856,88481
2015-11-10,AUD,153590,45893,98723
2015-11-17,AUD,162083,44933,111397
2015-11-24,AUD,152585,46037,103182
2015-12-01,AUD,154800,48063,94711
2015-12-08,AUD,162139,47696,81275
2015-12-15,AUD,110538,61956,72408
2015-12-22,AUD,106301,49122,69976
2015-12-29,AUD,98174,44766,62311
2016-01-05,AUD,99001,46047,59808
2016-01-12,AUD,121590,48528,71571
2016-01-19,AUD,132814,45471,81738
2016-01-26,AUD,125451,46281,79079
2016-02-02,AUD,122056,51397,77565
2016-02-09,AUD,113354,64020,69646
2016-02-16,AUD,111447,66740,63933
2016-02-23,AUD,119526,72523,62948
2016-03-01,AUD,122911,76480,59619
2016-03-08,AUD,141845,86141,56946
2016-03-15,AUD,99992,61544,48762
2016-03-22,AUD,111677,67931,49901
2016-03-29,AUD,119665,77076,53610
2016-04-05,AUD,121060,78234,51389
2016-04-12,AUD,132621,90768,55646
2016-04-19,AUD,142922,97472,53366
2016-04-26,AUD,155703,109932,50392
2016-05-03,AUD,142695,99024,46629
2016-05-10,AUD,126768,82774,44616
2016-05-17,AUD,114119,71793,46900
2016-05-24,AUD,114633,51712,51588
2016-05-31,AUD,114647,44560,49318
2016-06-07,AUD,119376,35406,51214
2016-06-14,AUD,79135,39512,46290
2016-06-21,AUD,78925,38611,45654
2016-06-28,AUD,70276,32556,34508
2016-07-05,AUD,72989,33794,28891
2016-07-12,AUD,89743,45938,29722
2016-07-19,AUD,99518,61642,28211
2016-07-26,AUD,95520,57083,25573
2016-08-02,AUD,99112,58269,26906
2016-08-09,AUD,102059,59586,24702
2016-08-16,AUD,112135,68945,27832
2016-08-23,AUD,114452,71011,28254
2016-08-30,AUD,110040,70432,27866
2016-09-06,AUD,108852,66211,27252
2016-09-13,AUD,112367,63134,26667
2016-09-20,AUD,86614,48543,41695
2016-09-27,AUD,98351,62892,47884
2016-10-04,AUD,110028,73545,49607
2016-10-11,AUD,112028,73395,47291
2016-10-18,AUD,122436,80526,50546
2016-10-25,AUD,124584,83153,51230
2016-11-01,AUD,125387,85541,44674
2016-11-08,AUD,137560,92503,51395
2016-11-15,AUD,113124,77814,36296
2016-11-22,AUD,100989,63488,32783
2016-11-29,AUD,92699,54791,33834
2016-12-06,AUD,84900,48274,27403
2016-12-13,AUD,87770,40290,26817
2016-12-20,AUD,76916,38321,34380
2016-12-27,AUD,94451,44076,45586
2017-01-03,AUD,104009,47948,51204
2017-01-10,AUD,96885,40782,44630
2017-01-17,AUD,87631,42401,37556
2017-01-24,AUD,94379,54552,44258
2017-01-31,AUD,101420,59187,47131
2017-02-07,AUD,114105,66545,49797
2017-02-14,AUD,127869,79313,55095
2017-02-21,AUD,137436,88768,55246
2017-02-28,AUD,141914,95696,43781
2017-03-07,AUD,153365,85221,34243
2017-03-14,AUD,114008,73553,30288
2017-03-21,AUD,134004,85397,40442
2017-03-28,AUD,134422,90838,37700
2017-04-04,AUD,137172,90215,40622
2017-04-11,AUD,123144,76747,31596
2017-04-18,AUD,114453,70392,27130
2017-04-25,AUD,108559,64684,21982
2017-05-02,AUD,107876,64169,21494
2017-05-09,AUD,120039,56471,30687
2017-05-16,AUD,138755,52244,45900
2017-05-23,AUD,128250,42892,40257
2017-05-30,AUD,129388,43148,40081
2017-06-06,AUD,133572,39101,39215
2017-06-13,AUD,134959,33134,34645
2017-06-20,AUD,81975,42272,27239
2017-06-27,AUD,89953,48906,29157
2017-07-03,AUD,100735,57544,25130
2017-07-11,AUD,98130,55950,19144
2017-07-18,AUD,117718,69075,17719
2017-07-25,AUD,132765,80799,24425
2017-08-01,AUD,139228,85280,24567
2017-08-08,AUD,149911,92077,34067
2017-08-15,AUD,149809,93318,33706
2017-08-22,AUD,149592,91558,31074
2017-08-29,AUD,159477,100962,34435
2017-09-05,AUD,168171,103353,38449
2017-09-12,AUD,187355,101713,38680
2017-09-19,AUD,158733,102990,30478
2017-09-26,AUD,154112,103507,26313
2017-10-03,AUD,147098,98499,26687
2017-10-10,AUD,140854,93702,24520
2017-10-17,AUD,134145,85763,23963
2017-10-24,AUD,134558,85819,28569
2017-10-31,AUD,131999,85422,33814
2017-11-07,AUD,125196,75144,29707
2017-11-14,AUD,126097,73155,29123
2017-11-21,AUD,132975,78134,38317
2017-11-28,AUD,134805,78202,39320
2017-12-05,AUD,139427,83634,43306
2017-12-12,AUD,157029,93384,52664
2017-12-19,AUD,105270,38012,50672
2017-12-26,AUD,110525,38210,51849
2018-01-02,AUD,123176,45175,65201
2018-01-09,AUD,123463,52347,46889
2018-01-16,AUD,123922,50348,40274
2018-01-23,AUD,141176,63551,46872
2018-01-30,AUD,140204,63496,50345
2018-02-06,AUD,139810,68273,54525
2018-02-13,AUD,113967,49208,40127
2018-02-20,AUD,111159,47170,35295
2018-02-27,AUD,111306,47255,37681
2018-03-06,AUD,106051,47469,44334
2018-03-13,AUD,106473,38366,39145
2018-03-20,AUD,97255,53750,35825
2018-03-27,AUD,104797,51072,42998
2018-04-03,AUD,108830,46152,46227
2018-04-10,AUD,104209,38793,41589
2018-04-17,AUD,99720,29832,39987
2018-04-24,AUD,122645,49580,52976
2018-05-01,AUD,145711,63321,68993
2018-05-08,AUD,160224,62751,79517
2018-05-15,AUD,173515,72514,95620
2018-05-22,AUD,150320,56063,77175
2018-05-29,AUD,155973,58656,81891
2018-06-05,AUD,143872,51719,71927
2018-06-12,AUD,137724,45318,60553
2018-06-19,AUD,135854,32212,75311
2018-06-26,AUD,137795,33105,74083
2018-07-03,AUD,141049,35061,74291
2018-07-10,AUD,135171,30112,71085
2018-07-17,AUD,132268,28530,69055
2018-07-24,AUD,133557,22676,68162
2018-07-31,AUD,137325,21642,73118
2018-08-07,AUD,141237,21364,75904
2018-08-14,AUD,149238,25649,77432
2018-08-21,AUD,145299,25528,75735
2018-08-28,AUD,141344,24792,69425
2018-09-04,AUD,156234,31772,75803
2018-09-11,AUD,176761,48230,92542
2018-09-18,AUD,162860,26231,94234
2018-09-25,AUD,158761,21888,93949
2018-10-02,AUD,154671,20470,92188
2018-10-09,AUD,170758,25596,98880
2018-10-16,AUD,155988,19849,91340
2018-10-23,AUD,157539,20207,90575
2018-10-30,AUD,164840,22379,92791
2018-11-06,AUD,150565,20825,87270
2018-11-13,AUD,146295,18800,78580
2018-11-20,AUD,141872,15968,75148
2018-11-27,AUD,136796,12168,66071
2018-12-04,AUD,148755,16743,67498
2018-12-11,AUD,148414,14520,60051
2018-12-18,AUD,112262,17970,53039
2018-12-24,AUD,117693,22653,53914
2018-12-31,AUD,122428,27919,54210
2019-01-08,AUD,127476,22345,60120
2019-01-15,AUD,125344,21029,58998
2019-01-22,AUD,120516,17580,53643
2019-01-29,AUD,121855,21112,53224
2019-02-05,AUD,120590,18997,54614
2019-02-12,AUD,127343,18677,53172
2019-02-19,AUD,129223,17626,54694
2019-02-26,AUD,130502,18802,54545
2019-03-05,AUD,141773,22597,63338
2019-03-12,AUD,163073,25440,69139
2019-03-19,AUD,142382,20513,72415
2019-03-26,AUD,141322,22879,76549
2019-04-02,AUD,149828,26551,82294
2019-04-09,AUD,146576,28481,82897
2019-04-16,AUD,140674,29791,76671
2019-04-23,AUD,142394,28754,79203
2019-04-30,AUD,159857,30520,89525
2019-05-07,AUD,162579,32291,89340
2019-05-14,AUD,165582,29130,93176
2019-05-21,AUD,183247,39757,105868
2019-05-28,AUD,179990,38653,105046
2019-06-04,AUD,170251,36304,99595
2019-06-11,AUD,198112,32447,95673
2019-06-18,AUD,178401,43352,108215
2019-06-25,AUD,164741,30526,96846
2019-07-02,AUD,162186,34840,93575
2019-07-09,AUD,158794,31850,85857
2019-07-16,AUD,157734,31843,84419
2019-07-23,AUD,150525,29500,77480
2019-07-30,AUD,162988,35450,88892
2019-08-06,AUD,178023,42314,97825
2019-08-13,AUD,175597,36304,99216
2019-08-20,AUD,169175,32358,95139
2019-08-27,AUD,165752,31850,92882
2019-09-03,AUD,174021,34089,93407
2019-09-10,AUD,182355,36994,90008
2019-09-17,AUD,138052,34566,74648
2019-09-24,AUD,160872,46244,93399
2019-10-01,AUD,171940,46909,99211
2019-10-08,AUD,168839,43328,90272
2019-10-15,AUD,163884,42162,89767
2019-10-22,AUD,157200,38170,82156
2019-10-29,AUD,153444,36831,77118
2019-11-05,AUD,161411,49832,76626
2019-11-12,AUD,160129,41261,82070
2019-11-19,AUD,172425,43871,91111
2019-11-26,AUD,184471,52639,97994
2019-12-03,AUD,185828,57550,93983
2019-12-10,AUD,181496,46614,83422
2019-12-17,AUD,153504,33294,79872
2019-12-24,AUD,155810,39526,85690
2019-12-31,AUD,164305,49430,87769
2020-01-07,AUD,157739,52063,79312
2020-01-14,AUD,144568,43769,64318
2020-01-21,AUD,139478,42359,61660
2020-01-28,AUD,156721,44662,72182
2020-02-04,AUD,180856,48368,91665
2020-02-11,AUD,177528,48188,80856
2020-02-18,AUD,187455,47989,85466
2020-02-25,AUD,213324,56684,100536
2020-03-03,AUD,223084,64846,116799
2020-03-10,AUD,211243,49757,103770
2020-03-17,AUD,149878,39246,67979
2020-03-24,AUD,135097,31024,56231
2020-03-31,AUD,130982,27315,58979
2020-04-07,AUD,130056,26483,61881
2020-04-14,AUD,128258,22037,57591
2020-04-21,AUD,126180,21452,56272
2020-04-28,AUD,129162,21736,59477
2020-05-05,AUD,129293,23541,56996
2020-05-12,AUD,129264,23719,59144
2020-05-19,AUD,132797,25301,64859
2020-05-26,AUD,136920,25530,66068
2020-06-02,AUD,135378,26571,67362
2020-06-09,AUD,138936,29912,66487
2020-06-16,AUD,90803,31685,38217
2020-06-23,AUD,93782,35974,40784
2020-06-30,AUD,100658,40025,42933
2020-07-07,AUD,105115,44740,45434
2020-07-14,AUD,107237,45543,41293
2020-07-21,AUD,108952,41778,41983
2020-07-28,AUD,113682,42402,47414
2020-08-04,AUD,120274,45465,46513
2020-08-11,AUD,122210,47321,50809
2020-08-18,AUD,124931,48489,51789
2020-08-25,AUD,127505,51131,55030
2020-09-01,AUD,137131,58190,58355
2020-09-08,AUD,144091,57097,59141
2020-09-15,AUD,131814,59687,43468
2020-09-22,AUD,133214,60713,44374
2020-09-29,AUD,128448,53816,44879
2020-10-06,AUD,132119,61379,50532
2020-10-13,AUD,137281,63863,60009
2020-10-20,AUD,134220,61147,54392
2020-10-27,AUD,130361,59696,50806
2020-11-03,AUD,134352,56529,57843
2020-11-10,AUD,130615,49371,58091
2020-11-17,AUD,129737,48831,54954
2020-11-24,AUD,131531,51679,56956
2020-12-01,AUD,130727,45453,56253
2020-12-08,AUD,160280,50650,60757
2020-12-15,AUD,127016,45786,55111
2020-12-21,AUD,136013,53323,57742
2020-12-29,AUD,138309,53827,60333
2021-01-05,AUD,146093,59738,63645
2021-01-12,AUD,144614,60450,54994
2021-01-19,AUD,144283,59927,55067
2021-01-26,AUD,143073,56372,55601
2021-02-02,AUD,142644,55768,57235
2021-02-09,AUD,140497,55931,56147
2021-02-16,AUD,140954,54675,57496
2021-02-23,AUD,145261,55664,57300
2021-03-02,AUD,149904,61047,55006
2021-03-09,AUD,150330,61848,53773
2021-03-16,AUD,129421,57840,50220
2021-03-23,AUD,133276,59032,53090
2021-03-30,AUD,137335,66607,54344
2021-04-06,AUD,137218,62991,58925
2021-04-13,AUD,139633,64031,60272
2021-04-20,AUD,136167,56723,58529
2021-04-27,AUD,140736,59735,61145
2021-05-04,AUD,137649,58385,56909
2021-05-11,AUD,140907,59158,56742
2021-05-18,AUD,137436,57862,54860
2021-05-25,AUD,134790,55098,55907
2021-06-01,AUD,135182,55385,57310
2021-06-08,AUD,148640,48150,57587
2021-06-15,AUD,124137,40139,58019
2021-06-22,AUD,147814,56133,73708
2021-06-29,AUD,140482,48824,66624
2021-07-06,AUD,147352,53352,78222
2021-07-13,AUD,155995,56721,85509
2021-07-20,AUD,163574,57072,92762
2021-07-27,AUD,167840,57415,96762
2021-08-03,AUD,169889,57742,99025
2021-08-10,AUD,171742,57323,106636
2021-08-17,AUD,186948,64169,114536
2021-08-24,AUD,197636,60964,117564
2021-08-31,AUD,182084,47384,107462
2021-09-07,AUD,173484,32496,102984
2021-09-14,AUD,164727,13116,96499
2021-09-21,AUD,185492,24746,110330
2021-09-28,AUD,180869,18407,104790
2021-10-05,AUD,188691,17471,107450
2021-10-12,AUD,177932,11193,98801
2021-10-19,AUD,158531,11632,87690
2021-10-26,AUD,160011,17448,92694
2021-11-02,AUD,162888,19187,94683
2021-11-09,AUD,157269,23844,87268
2021-11-16,AUD,166688,30760,91913
2021-11-23,AUD,188033,40523,103788
2021-11-30,AUD,201981,33217,113402
2021-12-07,AUD,212150,33380,115172
2021-12-14,AUD,197405,29254,108157
2021-12-21,AUD,191309,22958,103312
2021-12-28,AUD,183152,16885,98626
2022-01-04,AUD,180107,12632,101998
2022-01-11,AUD,185453,12383,103869
2022-01-18,AUD,181136,9051,97505
2022-01-25,AUD,190020,15121,98394
2022-02-01,AUD,196913,18835,98664
2022-02-08,AUD,196403,17323,103064
2022-02-15,AUD,192578,11692,98386
2022-02-22,AUD,192579,11553,95633
2022-03-01,AUD,189667,12720,91056
2022-03-08,AUD,197094,19521,97716
2022-03-15,AUD,124521,24281,69137
2022-03-22,AUD,127767,23747,74936
2022-03-29,AUD,143007,33960,83566
2022-04-05,AUD,148898,34871,72384
2022-04-12,AUD,150939,39770,68485
2022-04-19,AUD,147309,39201,68038
2022-04-26,AUD,147090,47105,74756
2022-05-03,AUD,152257,46995,75511
2022-05-10,AUD,153209,36869,78583
2022-05-17,AUD,163809,41473,86115
2022-05-24,AUD,158615,36579,82025
2022-05-31,AUD,153661,32897,81579
2022-06-07,AUD,166422,31720,79616
2022-06-14,AUD,142857,31660,74914
2022-06-21,AUD,137017,31745,72351
2022-06-28,AUD,139891,28887,71867
2022-07-05,AUD,146950,27622,75243
2022-07-12,AUD,158263,30527,72127
2022-07-19,AUD,155246,30578,73726
2022-07-26,AUD,156473,30024,77409
2022-08-02,AUD,167931,30835,86785
2022-08-09,AUD,158100,25644,83232
2022-08-16,AUD,160045,28835,88083
2022-08-23,AUD,169212,32342,92370
2022-08-30,AUD,169267,31304,88697
2022-09-06,AUD,178232,33305,89805
2022-09-13,AUD,182287,29218,87068
2022-09-20,AUD,150544,38797,79353
2022-09-27,AUD,152301,39006,73659
2022-10-04,AUD,139490,36248,64012
2022-10-11,AUD,138320,29325,60596
2022-10-18,AUD,150496,33046,68405
2022-10-25,AUD,166961,32159,83605
2022-11-01,AUD,165411,34148,84680
2022-11-08,AUD,162523,33288,79971
2022-11-15,AUD,162440,33214,77963
2022-11-22,AUD,156807,32825,75611
2022-11-29,AUD,159378,35045,79675
2022-12-06,AUD,158755,36334,76897
2022-12-13,AUD,172269,35825,73662
2022-12-20,AUD,129256,31779,65894
2022-12-27,AUD,129195,32955,69746
2023-01-03,AUD,132960,35208,71475
2023-01-10,AUD,126028,30210,63900
2023-01-17,AUD,128213,28593,62213
2023-01-24,AUD,129490,29466,62637
2023-01-31,AUD,136304,36337,66929
2023-02-07,AUD,124006,30044,58149
2023-02-14,AUD,126033,30752,59659
2023-02-21,AUD,123456,38492,63280
2023-02-28,AUD,126681,41071,65236
2023-03-07,AUD,157990,54307,79131
2023-03-14,AUD,150058,41685,81776
2023-03-21,AUD,151836,41183,79642
2023-03-28,AUD,151238,43813,79166
2023-04-04,AUD,151242,46687,73920
2023-04-11,AUD,159441,45481,83418
2023-04-18,AUD,159708,44610,86966
2023-04-25,AUD,178757,54241,93703
2023-05-02,AUD,181229,52340,97350
2023-05-09,AUD,165532,41225,90418
2023-05-16,AUD,167020,43903,97497
2023-05-23,AUD,180138,53419,102500
2023-05-30,AUD,204963,68969,113095
2023-06-06,AUD,209680,54501,110969
2023-06-13,AUD,182562,38758,100503
2023-06-20,AUD,149898,45743,95359
2023-06-27,AUD,136335,45225,84649
2023-07-03,AUD,153744,50170,94752
2023-07-11,AUD,152495,43661,88745
2023-07-18,AUD,148592,38252,88653
2023-07-25,AUD,146423,39108,90309
2023-08-01,AUD,161298,46612,98404
2023-08-08,AUD,182842,61091,104283
2023-08-15,AUD,204458,68623,122020
2023-08-22,AUD,226955,72034,135820
2023-08-29,AUD,223489,61376,131561
2023-09-05,AUD,241201,54032,137569
2023-09-12,AUD,256219,47309,126842
2023-09-19,AUD,221229,36780,133726
2023-09-26,AUD,211882,36104,122919
2023-10-03,AUD,207782,39465,121452
2023-10-10,AUD,190133,31827,108404
2023-10-17,AUD,196044,31565,112304
2023-10-24,AUD,194666,28018,111099
2023-10-31,AUD,196866,32805,107915
2023-11-07,AUD,192496,34049,99612
2023-11-14,AUD,197469,32728,103684
2023-11-21,AUD,196598,29565,107535
2023-11-28,AUD,197053,29203,100422
2023-12-05,AUD,195569,32886,90567
2023-12-12,AUD,208927,30967,83307
2023-12-19,AUD,147665,35277,85954
2023-12-26,AUD,152735,39011,90314
2024-01-02,AUD,157003,44442,87335
2024-01-09,AUD,156375,47326,79600
2024-01-16,AUD,163442,45812,93669
2024-01-23,AUD,161999,42853,96973
2024-01-30,AUD,165531,36956,95251
2024-02-06,AUD,180793,39242,111055
2024-02-13,AUD,199485,47405,126381
2024-02-20,AUD,205656,49100,130975
2024-02-27,AUD,204992,49640,128816
2024-03-05,AUD,234196,53966,138709
2024-03-12,AUD,229723,41591,132431
2024-03-19,AUD,220921,38207,145745
2024-03-26,AUD,218982,34438,139890
2024-04-02,AUD,224894,34557,137242
2024-04-09,AUD,208938,30556,122897
2024-04-16,AUD,234919,42365,143448
2024-04-23,AUD,239278,43429,139668
2024-04-30,AUD,224573,41293,124528
2024-05-07,AUD,209670,49480,113996
2024-05-14,AUD,201798,40059,117230
2024-05-21,AUD,196609,50536,106769
2024-05-28,AUD,193678,53892,103808
2024-06-04,AUD,199796,51661,102964
2024-06-11,AUD,212796,45540,110325
2024-06-18,AUD,174695,55699,97355
2024-06-25,AUD,181071,64620,88296
2024-07-02,AUD,197799,77951,93787
2024-07-09,AUD,225017,98997,96584
2024-07-16,AUD,229593,106312,95199
2024-07-23,AUD,226258,96973,105787
2024-07-30,AUD,205852,79236,110606
2024-08-06,AUD,192634,68193,108392
2024-08-13,AUD,188298,65028,107644
2024-08-20,AUD,187360,70554,109439
2024-08-27,AUD,204850,81486,100645
2024-09-03,AUD,213538,87118,94982
2024-09-10,AUD,230013,74259,88301
2024-09-17,AUD,169684,53941,94063
2024-09-24,AUD,176442,81924,93172
2024-10-01,AUD,201032,101462,86934
2024-10-08,AUD,205706,111561,78139
2024-10-15,AUD,193289,99051,79782
2024-10-22,AUD,186950,102509,74830
2024-10-29,AUD,183977,93677,66161
2024-11-05,AUD,177416,91488,60512
2024-11-12,AUD,171880,83555,53760
2024-11-19,AUD,181688,86703,55105
2024-11-26,AUD,185533,88694,56918
2024-12-03,AUD,190247,86699,65298
2024-12-10,AUD,239026,88751,80266
2024-12-17,AUD,172661,32929,94460
2024-12-24,AUD,177789,31414,99584
2024-12-31,AUD,182872,35248,106659
2025-01-07,AUD,197764,33116,106549
2025-01-14,AUD,192020,26135,103766
2025-01-21,AUD,190211,31179,102475
2025-01-28,AUD,192011,32196,104027
2025-02-04,AUD,204869,35330,110639
2025-02-11,AUD,196295,40368,105953
2025-02-18,AUD,189686,46918,103641
2025-02-25,AUD,185971,50873,96453
2025-03-04,AUD,202272,55151,103384
2025-03-11,AUD,258738,52171,100397
2025-03-18,AUD,180546,27628,98077
2025-03-25,AUD,180087,28124,105570
2025-04-01,AUD,182766,26211,102074
2025-04-08,AUD,194476,28493,91793
2025-04-15,AUD,178747,19740,78588
2025-04-22,AUD,190798,27175,81757
2025-04-29,AUD,184804,26602,76545
2025-05-06,AUD,183057,26243,74615
2025-05-13,AUD,180460,25507,74853
2025-05-20,AUD,177853,20997,80074
2025-05-27,AUD,179292,21572,82752
2025-06-03,AUD,202595,23969,87124
2025-06-10,AUD,224272,23997,93941
2025-06-17,AUD,147471,21194,90584
2025-06-24,AUD,151032,23249,95811
2025-07-01,AUD,151338,25539,95629
2025-07-08,AUD,153390,23272,97586
2025-07-15,AUD,150487,21233,96152
2025-07-22,AUD,161394,25066,106321
2025-07-29,AUD,159680,26506,104600
2025-08-05,AUD,163900,23988,107548
2025-08-12,AUD,171294,25631,113536
2025-08-19,AUD,185901,31668,126555
2025-08-26,AUD,191207,28700,129290
2025-09-02,AUD,185048,29677,112360
2025-09-09,AUD,208092,32200,111431
2025-09-16,AUD,154790,40276,91436
2025-09-23,AUD,160854,41994,101584
2025-09-30,AUD,167976,41713,106319
2025-10-07,AUD,170970,47717,105522
2025-10-14,AUD,170002,50324,109902
2025-10-21,AUD,173878,51794,117558
2025-10-28,AUD,173436,41715,115649
2025-11-04,AUD,180801,50360,121936
2025-11-10,AUD,179467,43114,121741
2025-11-18,AUD,179341,45721,121577
2025-11-25,AUD,192678,43918,128094
2025-12-02,AUD,202574,45868,129261
2025-12-09,AUD,296662,57569,120516
2025-12-16,AUD,293796,67640,89535
2025-12-23,AUD,217163,70657,92255
2025-12-30,AUD,223804,77497,98713
2026-01-06,AUD,230926,80491,99451
2026-01-13,AUD,229456,83955,102801
2026-01-20,AUD,230657,85759,99770
2026-01-27,AUD,252055,109806,102660
2026-02-03,AUD,254240,118751,92633
2026-02-10,AUD,247194,112766,79557
2026-02-17,AUD,256213,117820,71889
2026-02-24,AUD,248697,121661,69017
2026-03-03,AUD,267280,136515,68753
2026-03-10,AUD,315898,121394,67197
2026-03-17,AUD,265675,136074,67013
2026-03-24,AUD,257694,132629,61757
2026-03-31,AUD,263962,141775,60269
2026-04-07,AUD,264658,137959,67146
2026-04-14,AUD,263918,129517,64442
2026-04-21,AUD,275415,128811,63994
2026-04-28,AUD,277370,136909,65040
2026-05-05,AUD,279532,143214,64540
2026-05-12,AUD,289244,150800,65810
2026-05-19,AUD,301269,151583,65939
2026-05-26,AUD,302802,129129,68974
2026-06-02,AUD,305391,105176,63364
2026-06-09,AUD,314177,92995,74835
2026-06-16,AUD,295545,84342,88467
2026-06-23,AUD,214349,82200,95212
2026-06-30,AUD,215837,77788,95488
2026-07-07,AUD,204837,71962,96613
2026-07-14,AUD,208457,68377,99087
2026-07-21,AUD,225153,66184,103869
2026-07-28,AUD,229784,67819,107783
2026-08-04,AUD,240482,74385,107575
2026-08-11,AUD,267222,80538,119761
2026-08-18,AUD,288526,88204,132363
2026-08-25,AUD,333906,106864,151319
2026-09-01,AUD,391678,114105,153511
2026-09-08,AUD,455468,120532,155402
2026-09-15,AUD,493141,114312,153218
2026-09-22,AUD,306488,108533,155347
2011-04-05,BRL,37456,32067,26202
2011-04-12,BRL,37396,31884,26202
2011-04-19,BRL,37402,31911,26202
2011-05-24,BRL,32498,28797,26201
2011-05-31,BRL,41221,29743,27129
2011-06-14,BRL,38596,30165,27209
2011-06-21,BRL,38505,30074,27209
2011-06-28,BRL,38644,30195,27209
2011-07-05,BRL,38168,34133,10098
2011-07-12,BRL,37878,33831,10228
2011-07-19,BRL,18044,13881,10525
2011-07-26,BRL,20632,16582,12279
2011-08-02,BRL,20722,16551,12275
2011-08-23,BRL,27738,17730,12849
2011-08-30,BRL,39411,18516,12860
2011-09-06,BRL,33956,20641,15842
2011-09-13,BRL,36761,21562,17591
2011-09-27,BRL,34997,18703,16831
2011-10-04,BRL,32190,11826,16978
2012-04-17,BRL,17699,15816,13686
2012-04-24,BRL,20616,15277,14517
2012-05-01,BRL,18898,13597,14503
2012-05-08,BRL,18977,13700,14701
2012-05-15,BRL,20259,14370,15146
2012-05-22,BRL,20542,14500,15147
2012-05-29,BRL,21041,14401,14313
2012-06-05,BRL,19747,14382,14948
2012-06-12,BRL,20744,14540,14987
2012-06-19,BRL,21484,14870,14900
2012-06-26,BRL,19125,14920,14896
2012-07-03,BRL,17905,14821,14965
2012-07-10,BRL,17476,14569,15105
2012-07-17,BRL,16330,12965,13907
2012-07-24,BRL,16393,12972,13931
2012-07-31,BRL,16507,13053,13939
2012-08-07,BRL,17002,13917,14285
2012-08-14,BRL,17180,14124,14285
2012-08-21,BRL,17010,14126,14285
2012-08-28,BRL,18078,14076,14043
2012-09-11,BRL,16112,13640,13765
2012-09-18,BRL,16541,14673,14003
2012-09-25,BRL,19088,17257,16513
2012-10-09,BRL,20795,18573,532
2012-10-16,BRL,27658,18773,532
2012-10-23,BRL,27696,18772,496
2012-10-30,BRL,28703,18643,491
2012-11-06,BRL,32590,19030,692
2012-11-13,BRL,32424,18950,692
2012-11-20,BRL,32762,18953,946
2012-11-27,BRL,34629,19208,1968
2012-12-04,BRL,34124,19296,3680
2012-12-11,BRL,35698,21143,4729
2012-12-18,BRL,40302,21614,8086
2012-12-24,BRL,41054,22347,7583
2012-12-31,BRL,38246,22143,7430
2013-01-08,BRL,38461,22376,6421
2013-01-15,BRL,35698,15508,8530
2013-01-22,BRL,35784,15600,8513
2013-01-29,BRL,38984,18272,8816
2013-02-05,BRL,36636,15775,6732
2013-02-12,BRL,37767,15850,7551
2013-02-19,BRL,40040,17618,9702
2013-02-26,BRL,43124,17430,11088
2013-03-05,BRL,35104,16638,7038
2013-03-12,BRL,35944,16332,6617
2013-03-19,BRL,39835,18370,6353
2013-03-26,BRL,39555,18581,6295
2013-04-02,BRL,36811,16461,7831
2013-04-09,BRL,38140,18201,6503
2013-04-16,BRL,38974,18510,6420
2013-04-23,BRL,41390,18768,8356
2013-04-30,BRL,44186,19425,8362
2013-05-07,BRL,39392,18718,3501
2013-05-14,BRL,41892,21514,3174
2013-05-21,BRL,41971,21477,3575
2013-05-28,BRL,43754,21918,3887
2013-06-04,BRL,38940,12244,7137
2013-06-11,BRL,39852,12857,6532
2013-06-18,BRL,37359,12015,3856
2013-06-25,BRL,32142,9566,5645
2013-07-02,BRL,27642,6211,4670
2013-07-09,BRL,27791,6203,4654
2013-07-16,BRL,27576,6540,4836
2013-07-23,BRL,27238,6518,4625
2013-07-30,BRL,26510,6661,4389
2013-08-06,BRL,23744,5013,3965
2013-08-13,BRL,22890,4256,3915
2013-08-20,BRL,24506,5416,5207
2013-08-27,BRL,26942,5411,4506
2013-09-03,BRL,22287,5548,4463
2013-09-10,BRL,21677,5868,4225
2013-09-17,BRL,20139,4842,3139
2013-09-24,BRL,19744,4393,3239
2013-10-01,BRL,19813,4164,3279
2013-10-15,BRL,20423,5071,3285
2013-11-26,BRL,12817,5927,1336
2014-01-14,BRL,12239,4998,4469
2014-01-21,BRL,12349,4970,4432
2014-01-28,BRL,12527,4360,4346
2014-02-04,BRL,16431,8350,8303
2014-02-18,BRL,12649,5278,4422
2014-02-25,BRL,14406,6512,6116
2014-03-04,BRL,18463,12103,4832
2014-03-11,BRL,20185,13914,6094
2014-03-18,BRL,19417,13092,5555
2014-03-25,BRL,24298,18467,11415
2014-04-01,BRL,26490,15347,7538
2014-04-08,BRL,22284,16367,6934
2014-04-15,BRL,23432,17050,7444
2014-04-22,BRL,20955,14406,6491
2014-04-29,BRL,22059,14635,7037
2014-05-06,BRL,20272,14878,5725
2014-05-13,BRL,20617,14733,5739
2014-05-20,BRL,20807,14665,5737
2014-05-27,BRL,21599,14652,5492
2014-06-03,BRL,26138,13805,4583
2014-06-10,BRL,26258,13273,4825
2014-06-17,BRL,26514,13306,5016
2014-06-24,BRL,34430,19276,5021
2014-07-01,BRL,38539,23493,5885
2014-07-08,BRL,35751,23760,8214
2014-07-15,BRL,35431,23517,8175
2014-07-22,BRL,36572,22900,8315
2014-07-29,BRL,38522,23832,7453
2014-08-05,BRL,35832,21875,5767
2014-08-12,BRL,34789,20117,5579
2014-08-19,BRL,47781,21016,17411
2014-08-26,BRL,63964,23568,30321
2014-09-02,BRL,86435,30054,33055
2014-09-09,BRL,64243,26912,27593
2014-09-16,BRL,60496,21923,26161
2014-09-23,BRL,60800,18271,25831
2014-09-30,BRL,63322,12990,29690
2014-10-07,BRL,45481,7195,28316
2014-10-14,BRL,44378,5553,25645
2014-10-21,BRL,46570,8002,28911
2014-10-28,BRL,47059,7851,28978
2014-11-04,BRL,70667,6447,49991
2014-11-11,BRL,73442,8857,53512
2014-11-18,BRL,69924,8111,55915
2014-11-25,BRL,72548,7818,55604
2014-12-02,BRL,63330,5864,55011
2014-12-09,BRL,63694,5060,55141
2014-12-16,BRL,63770,4485,54645
2014-12-23,BRL,65182,5173,55077
2014-12-30,BRL,45821,5520,34972
2015-01-06,BRL,13376,4890,4901
2015-01-27,BRL,36682,14337,10569
2015-02-10,BRL,24644,15365,6695
2015-02-17,BRL,22759,11040,4680
2015-02-24,BRL,31681,18149,13588
2015-03-03,BRL,22394,4958,13556
2015-03-10,BRL,23426,5685,14235
2015-03-17,BRL,22555,4961,12144
2015-03-31,BRL,25906,5737,13771
2015-04-14,BRL,21917,4270,11531
2015-04-21,BRL,25135,9033,14050
2015-04-28,BRL,31095,10968,15734
2015-05-12,BRL,18088,10367,4553
2015-05-19,BRL,17150,9229,4424
2015-05-26,BRL,18123,9290,5414
2015-06-02,BRL,16770,7577,8828
2015-06-09,BRL,17631,8346,9758
2015-06-16,BRL,17239,7895,9209
2015-06-23,BRL,15544,7112,7291
2015-06-30,BRL,19096,9977,6433
2015-07-07,BRL,16983,8643,6363
2015-07-14,BRL,18124,10447,6905
2015-07-21,BRL,22552,14347,8141
2015-07-28,BRL,20303,8221,8214
2015-08-04,BRL,22359,8396,12860
2015-08-11,BRL,24003,8866,14071
2015-08-18,BRL,32298,12134,22435
2015-08-25,BRL,26390,10783,16700
2015-09-01,BRL,33933,11550,18182
2015-09-08,BRL,19217,10172,16017
2015-09-15,BRL,22115,12219,17979
2015-09-22,BRL,21809,11204,17052
2015-09-29,BRL,24643,11480,17477
2015-10-06,BRL,27787,20376,22183
2015-10-13,BRL,24387,19284,19195
2015-10-20,BRL,23634,18647,18705
2015-10-27,BRL,23282,18643,18712
2015-11-03,BRL,20277,16160,14460
2015-11-10,BRL,22705,17954,15521
2015-11-17,BRL,26585,21561,18982
2015-11-24,BRL,30543,23400,20255
2015-12-01,BRL,44265,24414,20753
2015-12-08,BRL,21369,12490,7106
2015-12-15,BRL,19707,9537,5389
2015-12-22,BRL,20542,8968,5908
2015-12-29,BRL,29333,9858,7307
2016-01-05,BRL,14320,6360,8430
2016-01-12,BRL,14588,5737,9281
2016-01-19,BRL,14794,6084,9400
2016-01-26,BRL,18670,6761,10474
2016-02-02,BRL,14279,4205,7343
2016-02-09,BRL,14405,4584,7157
2016-02-16,BRL,13713,4542,5879
2016-02-23,BRL,12936,5615,4420
2016-03-01,BRL,14911,6839,5370
2016-03-08,BRL,20886,14282,8648
2016-03-15,BRL,24577,18002,12944
2016-03-22,BRL,29616,22781,14524
2016-03-29,BRL,45047,22921,13493
2016-04-05,BRL,30973,22073,6901
2016-04-12,BRL,30779,21639,7798
2016-04-19,BRL,30622,20849,7685
2016-04-26,BRL,29017,19464,5375
2016-05-03,BRL,25288,17934,18779
2016-05-10,BRL,27543,20523,20331
2016-05-17,BRL,27453,20304,19981
2016-05-24,BRL,28868,20224,19875
2016-05-31,BRL,42712,19699,19981
2016-06-07,BRL,27709,18021,5173
2016-06-14,BRL,28373,17959,5482
2016-06-21,BRL,28085,18362,5390
2016-06-28,BRL,30326,18513,5797
2016-07-05,BRL,26195,17077,4687
2016-07-12,BRL,26973,18012,5888
2016-07-19,BRL,26199,17454,5974
2016-07-26,BRL,26189,16826,5316
2016-08-02,BRL,23861,16343,16440
2016-08-09,BRL,25841,17146,17282
2016-08-16,BRL,26895,18252,17886
2016-08-23,BRL,25182,16981,16730
2016-08-30,BRL,33489,16084,15284
2016-09-06,BRL,27330,18392,7800
2016-09-13,BRL,26578,17591,7630
2016-09-20,BRL,25424,16161,6804
2016-09-27,BRL,28194,18624,8451
2016-10-04,BRL,28894,20723,5955
2016-10-11,BRL,28829,20140,5298
2016-10-18,BRL,28702,20080,2989
2016-10-25,BRL,31043,22590,5243
2016-11-01,BRL,39101,22794,6138
2016-11-08,BRL,30044,22420,2968
2016-11-15,BRL,26869,19363,3821
2016-11-22,BRL,25699,17653,3956
2016-11-29,BRL,32314,17655,3655
2016-12-06,BRL,19925,11460,4208
2016-12-13,BRL,20065,11459,4441
2016-12-20,BRL,27059,18059,5152
2016-12-27,BRL,41949,22019,6652
2017-01-03,BRL,31351,22662,2432
2017-01-10,BRL,33220,24707,2910
2017-01-17,BRL,37029,28327,4587
2017-01-24,BRL,37854,29067,4108
2017-01-31,BRL,45732,29204,4241
2017-02-07,BRL,36650,28372,2465
2017-02-14,BRL,37134,28702,2652
2017-02-21,BRL,37953,27381,2908
2017-02-28,BRL,31024,22676,4084
2017-03-07,BRL,31243,22260,4324
2017-03-14,BRL,28865,19629,3784
2017-03-21,BRL,28221,19019,3111
2017-03-28,BRL,28988,18832,2367
2017-04-04,BRL,27378,18918,3484
2017-04-11,BRL,26607,17923,3664
2017-04-18,BRL,26342,17149,3857
2017-04-25,BRL,27474,16651,4421
2017-05-02,BRL,23314,11987,4504
2017-05-09,BRL,23482,10996,5021
2017-05-16,BRL,23033,11542,3970
2017-05-23,BRL,23696,11909,4259
2017-05-30,BRL,32902,12516,4409
2017-06-06,BRL,17282,8554,4405
2017-06-13,BRL,17926,8855,4949
2017-06-20,BRL,18137,9117,5147
2017-06-27,BRL,18579,9640,5358
2017-07-03,BRL,20251,10389,6365
2017-07-11,BRL,14666,5934,4497
2017-07-18,BRL,20342,11676,6740
2017-07-25,BRL,25093,13898,9568
2017-08-01,BRL,31824,17179,11334
2017-08-08,BRL,27118,19379,7740
2017-08-15,BRL,25648,18071,7257
2017-08-22,BRL,24746,17107,6921
2017-08-29,BRL,34051,17134,7819
2017-09-05,BRL,28247,19869,8120
2017-09-12,BRL,30536,21259,9896
2017-09-19,BRL,31918,22219,11304
2017-09-26,BRL,43304,23759,12380
2017-10-03,BRL,37056,24838,7146
2017-10-10,BRL,33676,24787,3913
2017-10-17,BRL,33994,24866,3980
2017-10-24,BRL,30035,21052,2690
2017-10-31,BRL,34776,19860,3434
2017-11-07,BRL,23992,15058,4922
2017-11-14,BRL,24263,14779,5152
2017-11-21,BRL,22772,13395,5201
2017-11-28,BRL,26277,9252,4952
2017-12-05,BRL,17280,5464,7257
2017-12-12,BRL,18765,6583,8408
2017-12-19,BRL,20142,7020,9972
2017-12-26,BRL,21306,6089,8644
2018-01-02,BRL,19510,7235,7087
2018-01-09,BRL,25706,15470,10220
2018-01-16,BRL,31875,21219,10012
2018-01-23,BRL,30605,19152,9581
2018-01-30,BRL,36701,19226,9298
2018-02-06,BRL,25295,15512,2495
2018-02-13,BRL,27571,17667,7339
2018-02-20,BRL,35697,17871,15453
2018-02-27,BRL,47344,19454,16921
2018-03-06,BRL,22228,3497,15871
2018-03-13,BRL,22650,3845,17163
2018-03-20,BRL,22821,4635,17130
2018-03-27,BRL,32300,9325,23338
2018-04-03,BRL,30426,4372,27160
2018-04-10,BRL,32523,5911,28103
2018-04-17,BRL,32634,5519,27832
2018-04-24,BRL,36163,10095,31566
2018-05-01,BRL,45508,10101,32243
2018-05-08,BRL,39447,7217,32959
2018-05-15,BRL,39889,7635,33320
2018-05-22,BRL,42228,10097,35438
2018-05-29,BRL,53179,13345,38669
2018-06-05,BRL,42457,7064,37326
2018-06-12,BRL,43440,8503,37029
2018-06-19,BRL,40631,5498,33522
2018-06-26,BRL,49686,8793,37590
2018-07-03,BRL,45280,5880,34436
2018-07-10,BRL,46125,7080,34400
2018-07-17,BRL,45684,7393,34403
2018-07-24,BRL,44981,7241,33673
2018-07-31,BRL,41343,7717,29093
2018-08-07,BRL,30896,7437,24642
2018-08-14,BRL,31400,7661,24787
2018-08-21,BRL,37109,10869,29353
2018-08-28,BRL,46621,13785,31814
2018-09-04,BRL,50184,14925,31696
2018-09-11,BRL,41837,9273,35833
2018-09-18,BRL,41305,9494,35494
2018-09-25,BRL,46266,7952,36541
2018-10-02,BRL,39560,5923,33162
2018-10-09,BRL,37381,6704,25532
2018-10-16,BRL,37688,7257,22950
2018-10-23,BRL,39251,8372,23637
2018-10-30,BRL,40379,7777,23434
2018-11-06,BRL,10333,7876,4276
2018-11-13,BRL,10917,8431,5217
2018-11-20,BRL,10789,8731,4688
2018-11-27,BRL,15698,8484,6029
2018-12-04,BRL,11372,6748,6237
2018-12-11,BRL,12353,7244,7257
2018-12-18,BRL,12741,8029,7810
2018-12-24,BRL,13226,7267,7752
2018-12-31,BRL,21484,11577,14720
2019-01-08,BRL,18182,8922,11818
2019-01-15,BRL,17453,9164,10619
2019-01-22,BRL,16067,8403,8367
2019-01-29,BRL,14316,8689,8797
2019-02-05,BRL,13417,9985,7218
2019-02-12,BRL,13961,9550,8074
2019-02-19,BRL,14898,10058,9033
2019-02-26,BRL,21065,10008,8911
2019-03-05,BRL,15907,9872,6734
2019-03-12,BRL,18798,9327,13785
2019-03-19,BRL,20594,14000,12742
2019-03-26,BRL,34143,16163,19322
2019-04-02,BRL,29848,12165,26224
2019-04-09,BRL,29939,11844,26613
2019-04-16,BRL,29973,12096,26159
2019-04-23,BRL,35159,14562,30919
2019-04-30,BRL,47482,16758,32409
2019-05-07,BRL,37922,9414,33895
2019-05-14,BRL,42849,12923,38843
2019-05-21,BRL,45313,15029,40929
2019-05-28,BRL,53389,16704,43605
2019-06-04,BRL,43687,6991,37670
2019-06-11,BRL,42084,5649,31296
2019-06-18,BRL,42961,7692,30259
2019-06-25,BRL,43844,8941,31609
2019-07-02,BRL,22025,9427,13689
2019-07-09,BRL,26203,12733,12827
2019-07-16,BRL,28475,14986,12621
2019-07-23,BRL,29826,16409,13413
2019-07-30,BRL,31192,16381,14157
2019-08-06,BRL,20922,14868,5599
2019-08-13,BRL,30347,20013,19337
2019-08-20,BRL,40931,20984,29645
2019-08-27,BRL,70739,26238,35990
2019-09-03,BRL,74950,29002,39930
2019-09-10,BRL,49261,10496,45228
2019-09-17,BRL,46962,8838,43141
2019-09-24,BRL,46933,8995,43446
2019-10-01,BRL,71597,14187,54067
2019-10-08,BRL,58555,7674,53507
2019-10-15,BRL,54844,5322,49757
2019-10-22,BRL,60366,7297,54321
2019-10-29,BRL,66061,5497,49216
2019-11-05,BRL,54015,4390,47842
2019-11-12,BRL,53541,3901,46999
2019-11-19,BRL,57140,6381,49244
2019-11-26,BRL,69259,7408,52022
2019-12-03,BRL,61720,6180,57454
2019-12-10,BRL,58221,7004,53999
2019-12-17,BRL,54328,5944,48634
2019-12-24,BRL,53904,5441,45419
2019-12-31,BRL,54106,5260,43990
2020-01-07,BRL,35290,6016,25639
2020-01-14,BRL,36542,6693,26148
2020-01-21,BRL,40843,8379,29714
2020-01-28,BRL,51245,13321,36945
2020-02-04,BRL,46403,9198,39534
2020-02-11,BRL,49327,9459,41664
2020-02-18,BRL,52307,9730,44710
2020-02-25,BRL,72225,11693,48680
2020-03-03,BRL,55131,5229,48087
2020-03-10,BRL,53382,3924,43750
2020-03-17,BRL,50772,4131,38114
2020-03-24,BRL,49374,3193,36462
2020-03-31,BRL,48493,4156,31960
2020-04-07,BRL,20165,4533,13861
2020-04-14,BRL,20974,5515,14959
2020-04-21,BRL,22643,6989,16383
2020-04-28,BRL,26847,6804,16060
2020-05-05,BRL,22702,5221,16310
2020-05-12,BRL,21109,4391,14144
2020-05-19,BRL,24751,7445,17861
2020-05-26,BRL,27377,9551,20709
2020-06-02,BRL,26354,9103,21106
2020-06-09,BRL,27217,7962,20976
2020-06-16,BRL,24410,5393,17863
2020-06-23,BRL,23903,5908,17217
2020-06-30,BRL,27335,6700,17409
2020-07-07,BRL,22285,6147,15762
2020-07-14,BRL,23545,7781,17187
2020-07-21,BRL,28462,10539,21360
2020-07-28,BRL,25932,8532,19266
2020-08-04,BRL,25822,7034,19736
2020-08-11,BRL,31846,11445,24991
2020-08-18,BRL,35406,12346,28505
2020-08-25,BRL,50474,14761,27575
2020-09-01,BRL,60300,16194,35468
2020-09-08,BRL,38361,6117,32253
2020-09-15,BRL,37715,7027,32040
2020-09-22,BRL,34981,5531,29325
2020-09-29,BRL,43870,9695,32909
2020-10-06,BRL,40000,7557,33855
2020-10-13,BRL,40518,7674,34265
2020-10-20,BRL,41269,7643,35213
2020-10-27,BRL,44192,7835,34729
2020-11-03,BRL,44208,9687,37849
2020-11-10,BRL,42812,10112,36050
2020-11-17,BRL,43080,12439,33528
2020-11-24,BRL,43614,11517,29662
2020-12-01,BRL,53312,12729,30502
2020-12-08,BRL,35661,9049,21767
2020-12-15,BRL,37624,10698,19911
2020-12-21,BRL,37756,10698,20201
2020-12-29,BRL,39181,11407,21084
2021-01-05,BRL,22774,10322,13516
2021-01-12,BRL,25943,12984,18716
2021-01-19,BRL,27178,12978,20123
2021-01-26,BRL,39037,13916,22246
2021-02-02,BRL,34016,12969,27418
2021-02-09,BRL,34453,10352,27718
2021-02-16,BRL,35286,9506,27712
2021-02-23,BRL,36249,11503,27440
2021-03-02,BRL,40820,13267,34318
2021-03-09,BRL,47345,16084,39398
2021-03-16,BRL,47685,14739,38506
2021-03-23,BRL,47249,12291,37540
2021-03-30,BRL,65860,10888,36197
2021-04-06,BRL,45164,10103,36609
2021-04-13,BRL,44345,8804,35395
2021-04-20,BRL,48874,13407,39402
2021-04-27,BRL,48911,11727,38013
2021-05-04,BRL,35358,13623,23521
2021-05-11,BRL,43190,21622,19109
2021-05-18,BRL,47039,25913,21082
2021-05-25,BRL,65687,25836,20229
2021-06-01,BRL,68951,27326,23238
2021-06-08,BRL,42502,29705,9657
2021-06-15,BRL,40165,27564,8905
2021-06-22,BRL,42078,27540,9275
2021-06-29,BRL,47708,32350,11864
2021-07-06,BRL,43715,31593,10288
2021-07-13,BRL,38782,27968,5748
2021-07-20,BRL,39718,28136,6723
2021-07-27,BRL,43479,29132,7371
2021-08-03,BRL,41258,31789,8345
2021-08-10,BRL,35683,26162,5624
2021-08-17,BRL,35272,25846,6857
2021-08-24,BRL,33466,22822,9476
2021-08-31,BRL,41316,20165,7907
2021-09-07,BRL,25433,15517,9183
2021-09-14,BRL,24174,13983,6989
2021-09-21,BRL,23390,13443,7671
2021-09-28,BRL,27975,12737,7651
2021-10-05,BRL,22976,10170,12460
2021-10-12,BRL,27338,14449,14822
2021-10-19,BRL,29983,16399,17057
2021-10-26,BRL,46073,20337,21279
2021-11-02,BRL,31674,8989,23261
2021-11-09,BRL,33808,10644,26102
2021-11-16,BRL,31767,8468,24166
2021-11-23,BRL,34375,9197,24001
2021-11-30,BRL,41101,10531,24373
2021-12-07,BRL,25487,7978,13602
2021-12-14,BRL,27706,10491,15108
2021-12-21,BRL,30811,10217,16764
2021-12-28,BRL,37384,13973,19259
2022-01-04,BRL,28218,10776,11852
2022-01-11,BRL,31087,7312,18124
2022-01-18,BRL,32098,10958,22327
2022-01-25,BRL,46657,21434,34050
2022-02-01,BRL,76175,36293,49646
2022-02-08,BRL,64283,49170,28924
2022-02-15,BRL,67288,51868,28108
2022-02-22,BRL,94577,51990,27545
2022-03-01,BRL,70566,56028,5580
2022-03-08,BRL,68623,54543,4047
2022-03-15,BRL,68874,55181,11018
2022-03-22,BRL,70832,55001,13437
2022-03-29,BRL,78894,53065,10449
2022-04-05,BRL,65870,50518,4992
2022-04-12,BRL,67772,52624,6495
2022-04-19,BRL,70553,53790,9218
2022-04-26,BRL,71504,53791,6907
2022-05-03,BRL,61549,49991,8203
2022-05-10,BRL,61450,48835,8057
2022-05-17,BRL,55990,42989,4894
2022-05-24,BRL,63976,45076,6362
2022-05-31,BRL,74146,52896,7580
2022-06-07,BRL,72371,58657,11952
2022-06-14,BRL,69931,58023,10810
2022-06-21,BRL,68858,55599,11254
2022-06-28,BRL,60107,43088,6060
2022-07-05,BRL,39470,24261,7928
2022-07-12,BRL,41034,19197,8992
2022-07-19,BRL,42452,20600,10125
2022-07-26,BRL,41645,20614,8902
2022-08-02,BRL,21194,10562,11692
2022-08-09,BRL,25481,13635,11902
2022-08-16,BRL,38079,25762,19239
2022-08-23,BRL,40201,27980,21615
2022-08-30,BRL,66706,30443,21584
2022-09-06,BRL,50005,39451,8591
2022-09-13,BRL,51582,42192,9239
2022-09-20,BRL,51500,41979,9610
2022-09-27,BRL,55930,39486,5722
2022-10-04,BRL,39984,28894,3115
2022-10-11,BRL,41360,28829,2754
2022-10-18,BRL,41954,30326,3828
2022-10-25,BRL,43644,31835,2656
2022-11-01,BRL,58289,38325,9168
2022-11-08,BRL,28046,18306,13805
2022-11-15,BRL,23469,16397,7379
2022-11-22,BRL,27748,18943,10207
2022-11-29,BRL,32057,16500,8863
2022-12-06,BRL,25464,14625,12427
2022-12-13,BRL,34190,23161,19702
2022-12-20,BRL,35303,22683,20447
2022-12-27,BRL,60835,32677,25262
2023-01-03,BRL,37987,32105,3894
2023-01-10,BRL,33429,25210,3509
2023-01-17,BRL,40800,32429,10236
2023-01-24,BRL,45128,35691,12906
2023-01-31,BRL,72096,39609,18012
2023-02-07,BRL,52238,42140,8764
2023-02-14,BRL,47440,36351,4409
2023-02-21,BRL,47247,35137,4604
2023-02-28,BRL,47629,33919,2097
2023-03-07,BRL,42102,32053,1942
2023-03-14,BRL,41757,30530,2259
2023-03-21,BRL,42222,27681,2824
2023-03-28,BRL,42663,25968,2485
2023-04-04,BRL,35244,24576,10573
2023-04-11,BRL,43986,30795,17850
2023-04-18,BRL,51883,37991,24395
2023-04-25,BRL,78748,39668,22849
2023-05-02,BRL,50062,39812,4351
2023-05-09,BRL,49208,38196,3602
2023-05-16,BRL,50633,38661,5055
2023-05-23,BRL,53223,38371,5679
2023-05-30,BRL,64846,35223,3948
2023-06-06,BRL,46686,31930,5749
2023-06-13,BRL,48869,33302,7146
2023-06-20,BRL,52991,36535,10633
2023-06-27,BRL,62008,39852,8257
2023-07-03,BRL,66547,38012,6908
2023-07-11,BRL,49363,36541,3343
2023-07-18,BRL,48146,36730,2797
2023-07-25,BRL,53443,36345,4374
2023-08-01,BRL,61510,37253,3902
2023-08-08,BRL,45709,32815,4776
2023-08-15,BRL,42031,27676,4201
2023-08-22,BRL,46576,26280,8108
2023-08-29,BRL,53160,23039,6451
2023-09-05,BRL,34871,20473,6540
2023-09-12,BRL,34969,19696,6519
2023-09-19,BRL,39943,23395,10542
2023-09-26,BRL,55588,29298,13740
2023-10-03,BRL,41033,25029,8392
2023-10-10,BRL,54523,24945,20731
2023-10-17,BRL,51070,20226,16730
2023-10-24,BRL,51454,20203,15018
2023-10-31,BRL,67068,29781,20435
2023-11-07,BRL,61594,44244,17693
2023-11-14,BRL,68030,49537,17886
2023-11-21,BRL,74224,53561,19679
2023-11-28,BRL,108749,52260,19379
2023-12-05,BRL,72487,53674,3430
2023-12-12,BRL,68646,50305,3641
2023-12-19,BRL,66001,46988,3156
2023-12-26,BRL,90255,47519,3253
2024-01-02,BRL,65029,46930,12623
2024-01-09,BRL,63702,44100,18986
2024-01-16,BRL,58760,39441,14746
2024-01-23,BRL,59204,36913,13163
2024-01-30,BRL,77395,37248,18950
2024-02-06,BRL,61057,38848,19186
2024-02-13,BRL,55671,32621,13273
2024-02-20,BRL,58282,32457,15935
2024-02-27,BRL,72910,34550,17024
2024-03-05,BRL,48871,24679,16399
2024-03-12,BRL,49361,26314,17627
2024-03-19,BRL,62346,39444,29130
2024-03-26,BRL,63629,37581,28894
2024-04-02,BRL,52060,30318,33579
2024-04-09,BRL,54431,33440,36056
2024-04-16,BRL,58950,35812,34911
2024-04-23,BRL,77214,52277,51313
2024-04-30,BRL,100604,47281,46995
2024-05-07,BRL,58797,9546,47189
2024-05-14,BRL,61385,11257,49516
2024-05-21,BRL,58971,8649,46307
2024-05-28,BRL,75308,6940,43522
2024-06-04,BRL,65362,32231,51091
2024-06-11,BRL,75965,36615,61202
2024-06-18,BRL,80357,38145,57902
2024-06-25,BRL,97680,37622,59942
2024-07-02,BRL,80305,19864,60924
2024-07-09,BRL,87725,23319,66003
2024-07-16,BRL,87271,21140,65666
2024-07-23,BRL,93717,25702,67700
2024-07-30,BRL,123212,30954,72113
2024-08-06,BRL,91105,21986,76869
2024-08-13,BRL,83411,18700,72542
2024-08-20,BRL,79462,14355,65310
2024-08-27,BRL,88192,13034,65997
2024-09-03,BRL,92064,12179,62990
2024-09-10,BRL,67047,18115,48479
2024-09-17,BRL,66659,15913,48219
2024-09-24,BRL,68689,13840,51102
2024-10-01,BRL,78123,16237,54492
2024-10-08,BRL,57608,25201,35180
2024-10-15,BRL,49152,18703,23846
2024-10-22,BRL,51640,22777,25582
2024-10-29,BRL,58681,24784,29053
2024-11-05,BRL,64898,30318,42843
2024-11-12,BRL,74045,39465,47042
2024-11-19,BRL,81235,43898,51175
2024-11-26,BRL,90250,39059,46626
2024-12-03,BRL,60634,25853,43267
2024-12-10,BRL,70832,32187,48580
2024-12-17,BRL,77962,31931,52868
2024-12-24,BRL,77990,32140,52819
2024-12-31,BRL,94033,31266,56840
2025-01-07,BRL,75107,22847,55824
2025-01-14,BRL,76314,19951,54825
2025-01-21,BRL,75156,20605,54736
2025-01-28,BRL,79915,19372,57866
2025-02-04,BRL,58770,33402,33160
2025-02-11,BRL,71300,41738,40658
2025-02-18,BRL,85355,50763,49823
2025-02-25,BRL,152424,63879,61501
2025-03-04,BRL,105980,73933,30766
2025-03-11,BRL,102759,69205,27352
2025-03-18,BRL,99549,61940,21219
2025-03-25,BRL,109079,70030,29681
2025-04-01,BRL,128304,69590,32555
2025-04-08,BRL,93997,67079,21964
2025-04-15,BRL,86747,64084,15052
2025-04-22,BRL,89246,63534,13647
2025-04-29,BRL,124938,81037,12699
2025-05-06,BRL,89250,61099,36138
2025-05-13,BRL,97197,62123,18608
2025-05-20,BRL,91585,51552,25263
2025-05-27,BRL,126347,62541,15702
2025-06-03,BRL,85447,54954,24161
2025-06-10,BRL,95116,61321,22020
2025-06-17,BRL,110802,74527,22835
2025-06-24,BRL,132579,66374,21644
2025-07-01,BRL,124507,74241,21998
2025-07-08,BRL,100849,65516,16546
2025-07-15,BRL,95160,60809,36637
2025-07-22,BRL,93421,58202,32345
2025-07-29,BRL,114097,50846,26924
2025-08-05,BRL,89286,51209,26611
2025-08-12,BRL,103240,59388,19806
2025-08-19,BRL,105972,61948,31538
2025-08-26,BRL,132012,64875,35959
2025-09-02,BRL,132738,67244,34075
2025-09-09,BRL,107535,67641,11554
2025-09-16,BRL,120214,72832,10610
2025-09-23,BRL,134318,76723,11224
2025-09-30,BRL,140410,97783,15225
2025-10-07,BRL,103701,80050,20404
2025-10-14,BRL,98460,75781,19672
2025-10-21,BRL,100105,75904,20752
2025-10-28,BRL,130707,75220,21390
2025-11-04,BRL,91324,67193,15980
2025-11-10,BRL,106911,74487,17082
2025-11-18,BRL,105331,74494,20675
2025-11-25,BRL,130151,71274,14493
2025-12-02,BRL,100529,74586,13740
2025-12-09,BRL,98454,74505,17071
2025-12-16,BRL,90529,66955,18949
2025-12-23,BRL,113899,61596,13921
2025-12-30,BRL,107900,60132,18023
2026-01-06,BRL,73669,48051,30434
2026-01-13,BRL,78988,52400,34526
2026-01-20,BRL,81451,53730,36089
2026-01-27,BRL,120493,56027,37182
2026-02-03,BRL,87335,57232,26270
2026-02-10,BRL,89018,58395,26752
2026-02-17,BRL,94638,62978,28316
2026-02-24,BRL,133514,71431,34757
2026-03-03,BRL,105739,71267,26297
2026-03-10,BRL,104291,71741,20713
2026-03-17,BRL,101943,71255,21938
2026-03-24,BRL,109875,75354,26106
2026-03-31,BRL,138554,82787,30076
2026-04-07,BRL,114071,80157,40062
2026-04-14,BRL,130878,90635,50660
2026-04-21,BRL,138521,89922,46389
2026-04-28,BRL,151212,88492,42049
2026-05-05,BRL,131121,93500,26703
2026-05-12,BRL,132278,93676,25123
2026-05-19,BRL,129402,95462,24450
2026-05-26,BRL,152333,96204,24553
2026-06-02,BRL,123348,88186,41206
2026-06-09,BRL,112091,81814,37968
2026-06-16,BRL,106488,74730,33736
2026-06-23,BRL,104284,74888,31209
2026-06-30,BRL,114990,74691,30017
2026-07-07,BRL,98743,71636,40788
2026-07-14,BRL,106059,77985,45228
2026-07-21,BRL,110652,80430,44893
2026-07-28,BRL,136397,85793,46298
2026-08-04,BRL,111605,89256,25283
2026-08-11,BRL,118155,95042,28756
2026-08-18,BRL,113408,91730,22981
2026-08-25,BRL,131553,91963,24061
2026-09-01,BRL,127273,97931,25118
2026-09-08,BRL,110644,84128,17982
2026-09-15,BRL,115887,87445,29396
2026-09-22,BRL,117063,84752,30551
2000-01-04,CAD,61690,24810,11385
2000-01-11,CAD,61961,22760,12679
2000-01-18,CAD,63372,24509,4797
2000-01-25,CAD,73798,32165,5081
2000-02-01,CAD,66504,24091,4597
2000-02-08,CAD,66877,23406,2938
2000-02-15,CAD,63502,17494,4850
2000-02-22,CAD,62692,10843,6253
2000-02-29,CAD,61992,8764,5135
2000-03-07,CAD,61387,6093,6978
2000-03-14,CAD,63071,5460,7385
2000-03-21,CAD,56963,5733,14975
2000-03-28,CAD,55329,8011,10472
2000-04-04,CAD,53474,8323,8716
2000-04-11,CAD,50945,4862,9047
2000-04-18,CAD,67355,7441,19019
2000-04-25,CAD,66751,7897,19257
2000-05-02,CAD,71246,8693,20772
2000-05-09,CAD,71504,8689,21721
2000-05-16,CAD,72524,6500,26334
2000-05-23,CAD,82820,6178,31947
2000-05-30,CAD,86836,5453,36942
2000-06-06,CAD,68252,3161,21233
2000-06-13,CAD,78822,4085,19002
2000-06-20,CAD,74847,4038,18381
2000-06-27,CAD,58960,2599,18897
2000-07-05,CAD,65357,3419,23213
2000-07-11,CAD,66531,3653,23327
2000-07-18,CAD,67426,4960,23494
2000-07-25,CAD,69355,10573,15815
2000-08-01,CAD,65130,3794,16796
2000-08-08,CAD,65692,4783,17446
2000-08-15,CAD,68102,3197,17475
2000-08-22,CAD,63613,1998,14425
2000-08-29,CAD,67795,3473,17213
2000-09-05,CAD,63791,4785,13557
2000-09-12,CAD,68219,2972,14947
2000-09-19,CAD,72763,2760,19543
2000-09-26,CAD,59723,1590,24485
2000-10-03,CAD,78505,3598,38763
2000-10-10,CAD,78505,3623,38583
2000-10-17,CAD,84011,4022,41327
2000-10-24,CAD,82404,3268,41290
2000-10-31,CAD,81105,3916,41021
2000-11-07,CAD,79094,3480,35075
2000-11-14,CAD,79013,3896,33625
2000-11-21,CAD,76490,3887,31537
2000-11-28,CAD,73411,4021,23202
2000-12-05,CAD,71774,3490,21927
2000-12-12,CAD,75994,3399,18260
2000-12-19,CAD,69859,3637,17283
2000-12-26,CAD,55410,3950,15480
2001-01-02,CAD,52655,5119,8942
2001-01-09,CAD,57409,9894,7873
2001-01-16,CAD,57391,11507,7533
2001-01-23,CAD,52651,12107,2190
2001-01-30,CAD,50284,10381,3157
2001-02-06,CAD,51675,10988,2336
2001-02-13,CAD,57201,9971,9946
2001-02-20,CAD,61308,8476,12774
2001-02-27,CAD,69634,7853,20802
2001-03-06,CAD,70550,8966,22446
2001-03-13,CAD,80110,10414,23833
2001-03-20,CAD,78051,9314,23988
2001-03-27,CAD,65818,3470,24502
2001-04-03,CAD,66276,3959,23323
2001-04-10,CAD,64143,4069,19091
2001-04-17,CAD,63369,3101,18703
2001-04-24,CAD,64298,3543,17060
2001-05-01,CAD,63144,4485,16641
2001-05-08,CAD,65893,3986,17120
2001-05-15,CAD,65681,2979,17833
2001-05-22,CAD,64565,4986,16488
2001-05-29,CAD,65466,4303,18345
2001-06-05,CAD,64530,7287,18816
2001-06-12,CAD,70123,7532,13041
2001-06-19,CAD,69704,6765,11575
2001-06-26,CAD,53314,7771,11178
2001-07-03,CAD,53420,7625,5501
2001-07-10,CAD,53021,7197,5725
2001-07-17,CAD,54950,5565,9728
2001-07-24,CAD,57116,3957,16148
2001-07-31,CAD,51491,4673,6048
2001-08-07,CAD,52698,4322,5882
2001-08-14,CAD,51988,4362,6013
2001-08-21,CAD,57084,3187,10321
2001-08-28,CAD,58016,3946,10821
2001-09-04,CAD,65580,3533,19060
2001-09-10,CAD,79523,3124,28391
2001-09-18,CAD,83693,2896,29474
2001-09-25,CAD,67827,3279,31216
2001-10-02,CAD,73001,3386,33725
2001-10-09,CAD,72186,4092,24381
2001-10-16,CAD,68069,5300,17918
2001-10-23,CAD,70752,3210,23014
2001-10-30,CAD,72414,2629,23202
2001-11-06,CAD,78392,3330,29762
2001-11-13,CAD,83277,3353,31442
2001-11-20,CAD,83231,3288,28663
2001-11-27,CAD,87310,3288,29960
2001-12-04,CAD,74823,5272,13242
2001-12-11,CAD,77469,4954,12748
2001-12-18,CAD,75039,6470,11370
2001-12-21,CAD,51055,5691,11782
2001-12-28,CAD,59460,4463,19064
2002-01-08,CAD,61485,4934,20267
2002-01-15,CAD,67456,5816,21261
2002-01-22,CAD,76458,6459,28504
2002-01-29,CAD,72933,5473,22637
2002-02-05,CAD,68040,6294,21720
2002-02-12,CAD,70779,6825,20421
2002-02-19,CAD,71389,9420,18758
2002-02-26,CAD,80851,7508,27468
2002-03-05,CAD,71722,8231,18325
2002-03-12,CAD,76124,11215,13315
2002-03-19,CAD,76366,11431,13722
2002-03-26,CAD,62741,8954,13510
2002-04-02,CAD,65664,6936,19422
2002-04-09,CAD,71824,6269,27031
2002-04-16,CAD,64020,5992,14814
2002-04-23,CAD,69168,10765,11234
2002-04-30,CAD,71236,13840,11533
2002-05-07,CAD,77436,19596,13414
2002-05-14,CAD,80626,22304,11781
2002-05-21,CAD,83236,23552,8351
2002-05-28,CAD,87172,27114,8909
2002-06-04,CAD,88429,27776,4498
2002-06-11,CAD,95310,24689,0
2002-06-18,CAD,94694,22162,3217
2002-06-25,CAD,76098,20756,2581
2002-07-02,CAD,78330,25139,1727
2002-07-09,CAD,81078,25180,2864
2002-07-16,CAD,77868,19536,3314
2002-07-23,CAD,70325,14095,4989
2002-07-30,CAD,63134,8821,4616
2002-08-06,CAD,65956,5739,4505
2002-08-13,CAD,62556,5236,4175
2002-08-20,CAD,63401,5373,4816
2002-08-27,CAD,61302,5905,3138
2002-09-03,CAD,69959,13983,3463
2002-09-10,CAD,75560,14014,3411
2002-09-17,CAD,73191,8942,6768
2002-09-24,CAD,51972,6520,5908
2002-10-01,CAD,52448,6000,6414
2002-10-08,CAD,55966,7560,7507
2002-10-15,CAD,57220,7633,8043
2002-10-22,CAD,56278,9755,2189
2002-10-29,CAD,57794,14787,2202
2002-11-05,CAD,61231,17085,1469
2002-11-12,CAD,59832,13449,1724
2002-11-19,CAD,61051,10173,5683
2002-11-26,CAD,59002,8708,4406
2002-12-03,CAD,64722,17276,634
2002-12-10,CAD,77910,18682,0
2002-12-17,CAD,89152,24101,488
2002-12-23,CAD,68035,23062,0
2002-12-31,CAD,62742,14855,3336
2003-01-07,CAD,61623,13131,0
2003-01-14,CAD,81532,25482,500
2003-01-21,CAD,91593,32585,600
2003-01-28,CAD,97544,39185,937
2003-02-04,CAD,102651,43347,200
2003-02-11,CAD,101272,42852,30
2003-02-18,CAD,105250,43606,200
2003-02-25,CAD,109750,41929,320
2003-03-04,CAD,112974,42784,320
2003-03-11,CAD,121735,41764,0
2003-03-18,CAD,121951,42676,0
2003-03-25,CAD,93264,34508,300
2003-04-01,CAD,94115,33961,772
2003-04-08,CAD,94969,33003,200
2003-04-15,CAD,97003,33509,200
2003-04-22,CAD,97984,31288,200
2003-04-29,CAD,102455,36374,938
2003-05-06,CAD,97802,33702,945
2003-05-13,CAD,98743,31618,728
2003-05-20,CAD,95663,26085,525
2003-05-27,CAD,93169,22461,2514
2003-06-03,CAD,94481,21775,3413
2003-06-10,CAD,95778,20614,2934
2003-06-17,CAD,92878,19963,1509
2003-06-24,CAD,72542,16599,820
2003-07-01,CAD,75746,18022,1241
2003-07-08,CAD,74235,17984,61
2003-07-15,CAD,69818,12118,2782
2003-07-22,CAD,66155,9352,1086
2003-07-29,CAD,62645,10028,594
2003-08-05,CAD,62515,9585,1290
2003-08-12,CAD,66366,13743,697
2003-08-19,CAD,61784,10444,473
2003-08-26,CAD,62024,9662,113
2003-09-02,CAD,64314,12384,119
2003-09-09,CAD,78757,19420,0
2003-09-16,CAD,81631,20282,150
2003-09-23,CAD,66514,23454,1147
2003-09-30,CAD,69358,24828,1741
2003-10-07,CAD,76303,31011,411
2003-10-14,CAD,80019,30697,843
2003-10-21,CAD,80185,29847,442
2003-10-28,CAD,84034,34353,1482
2003-11-04,CAD,78303,29207,487
2003-11-11,CAD,80154,30192,487
2003-11-18,CAD,86715,34048,572
2003-11-25,CAD,79162,26518,641
2003-12-02,CAD,82914,31155,487
2003-12-09,CAD,87364,27407,320
2003-12-16,CAD,81898,17627,1029
2003-12-22,CAD,62750,13535,4872
2003-12-30,CAD,66536,22336,3377
2004-01-06,CAD,73435,29498,2286
2004-01-13,CAD,89905,39658,2089
2004-01-20,CAD,76063,25232,1288
2004-01-27,CAD,65919,16478,2769
2004-02-03,CAD,63329,7835,11687
2004-02-10,CAD,66688,7968,12402
2004-02-17,CAD,61898,8385,8758
2004-02-24,CAD,62648,6769,13545
2004-03-02,CAD,65508,5834,15249
2004-03-09,CAD,72882,11605,8781
2004-03-16,CAD,71603,9820,6078
2004-03-23,CAD,48702,10562,3462
2004-03-30,CAD,76113,35066,2051
2004-04-06,CAD,86421,44219,2354
2004-04-12,CAD,66422,20785,3635
2004-04-20,CAD,65409,14206,14758
2004-04-27,CAD,70976,12310,21935
2004-05-04,CAD,81767,13178,32569
2004-05-11,CAD,86362,13705,39353
2004-05-18,CAD,91114,13380,42114
2004-05-25,CAD,82269,13154,32331
2004-06-01,CAD,82138,13430,27706
2004-06-08,CAD,77098,13149,18041
2004-06-15,CAD,84500,14039,25029
2004-06-22,CAD,58449,12265,27470
2004-06-29,CAD,59016,16877,16612
2004-07-06,CAD,62007,18933,7612
2004-07-13,CAD,72639,30113,6237
2004-07-20,CAD,82944,36916,5938
2004-07-27,CAD,75905,31026,5311
2004-08-03,CAD,76946,29499,5898
2004-08-10,CAD,80273,33093,6454
2004-08-17,CAD,86804,37979,6885
2004-08-24,CAD,92045,40507,6764
2004-08-31,CAD,86184,35306,6168
2004-09-07,CAD,107167,46379,5076
2004-09-14,CAD,111785,50371,5719
2004-09-21,CAD,89047,44615,5216
2004-09-28,CAD,98326,52716,5960
2004-10-05,CAD,111202,53036,7868
2004-10-12,CAD,117114,56875,7489
2004-10-19,CAD,116035,49034,9014
2004-10-26,CAD,109721,42987,6764
2004-11-02,CAD,115675,45896,6204
2004-11-09,CAD,109798,41418,6446
2004-11-16,CAD,108544,40552,7217
2004-11-23,CAD,105371,37207,7736
2004-11-30,CAD,105893,35634,12003
2004-12-07,CAD,108956,30867,12497
2004-12-14,CAD,101313,21889,12812
2004-12-21,CAD,65452,20422,14146
2004-12-28,CAD,66171,19215,13081
2005-01-04,CAD,71055,20448,10786
2005-01-11,CAD,69850,19317,9424
2005-01-18,CAD,77385,19773,14273
2005-01-25,CAD,78850,17352,14699
2005-02-01,CAD,77006,12127,10858
2005-02-08,CAD,82670,10606,17971
2005-02-15,CAD,83368,10760,16067
2005-02-22,CAD,88275,11275,14416
2005-03-01,CAD,95644,11793,18622
2005-03-08,CAD,105920,17563,14234
2005-03-15,CAD,125191,36259,10109
2005-03-22,CAD,89844,43143,11596
2005-03-29,CAD,81193,35455,8765
2005-04-05,CAD,80302,35799,10124
2005-04-12,CAD,69292,15951,23385
2005-04-19,CAD,76771,13905,30263
2005-04-26,CAD,85837,13776,38495
2005-05-03,CAD,93278,12434,45755
2005-05-10,CAD,86866,11651,39446
2005-05-17,CAD,99089,11662,45154
2005-05-24,CAD,96833,9806,42690
2005-05-31,CAD,94700,10524,41764
2005-06-07,CAD,94186,9675,36236
2005-06-14,CAD,63187,10932,28521
2005-06-21,CAD,67143,16872,16588
2005-06-28,CAD,71522,20959,18675
2005-07-05,CAD,70074,19364,15276
2005-07-12,CAD,91423,35282,12079
2005-07-19,CAD,91255,35684,9859
2005-07-26,CAD,90753,31840,14321
2005-08-02,CAD,87906,28966,16802
2005-08-09,CAD,92585,33587,19373
2005-08-16,CAD,109505,44042,17995
2005-08-23,CAD,107851,41543,17000
2005-08-30,CAD,111153,44904,15990
2005-09-06,CAD,117451,46423,16430
2005-09-13,CAD,141219,45957,16365
2005-09-20,CAD,148171,45536,19033
2005-09-27,CAD,110057,50520,7424
2005-10-04,CAD,108178,47026,8995
2005-10-11,CAD,109147,50532,6941
2005-10-18,CAD,112354,51259,8447
2005-10-25,CAD,104625,43849,6904
2005-11-01,CAD,108226,44435,7275
2005-11-08,CAD,104351,37234,10894
2005-11-15,CAD,102550,32487,12318
2005-11-22,CAD,106006,33585,17860
2005-11-29,CAD,115153,42311,13301
2005-12-06,CAD,118337,49064,11747
2005-12-13,CAD,142450,66468,10285
2005-12-20,CAD,137619,55542,7431
2005-12-27,CAD,103040,49468,7176
2006-01-03,CAD,105401,45749,9062
2006-01-10,CAD,98344,32628,9311
2006-01-17,CAD,101952,39506,12573
2006-01-24,CAD,102095,35048,7915
2006-01-31,CAD,117314,50705,13221
2006-02-07,CAD,121889,56298,11453
2006-02-14,CAD,118357,52220,11756
2006-02-21,CAD,115876,46710,11513
2006-02-28,CAD,124984,54931,14297
2006-03-07,CAD,137195,55226,13903
2006-03-14,CAD,125712,33979,19958
2006-03-21,CAD,85219,18295,22037
2006-03-28,CAD,87356,13274,21085
2006-04-04,CAD,84301,12081,16227
2006-04-11,CAD,87690,24639,10697
2006-04-18,CAD,93170,23225,16307
2006-04-25,CAD,100591,31949,16326
2006-05-02,CAD,110279,48997,16845
2006-05-09,CAD,121046,52111,23238
2006-05-16,CAD,117839,46060,26532
2006-05-23,CAD,111976,36980,21278
2006-05-30,CAD,109252,45937,14230
2006-06-06,CAD,118798,44443,21581
2006-06-13,CAD,129707,46579,13228
2006-06-20,CAD,123446,37024,13046
2006-06-27,CAD,89791,38165,7856
2006-07-03,CAD,93841,42762,6315
2006-07-11,CAD,92978,29942,18321
2006-07-18,CAD,83415,23302,14018
2006-07-25,CAD,91963,23613,29032
2006-08-01,CAD,86048,18809,26225
2006-08-08,CAD,82510,23185,13355
2006-08-15,CAD,86815,27206,18609
2006-08-22,CAD,86667,27805,12312
2006-08-29,CAD,106142,45977,15372
2006-09-05,CAD,111705,49440,21974
2006-09-12,CAD,138181,37739,22957
2006-09-19,CAD,138838,41043,40188
2006-09-26,CAD,94128,38542,32032
2006-10-03,CAD,100141,45535,36256
2006-10-10,CAD,91193,34272,32413
2006-10-17,CAD,110173,26833,51331
2006-10-24,CAD,100203,24985,39218
2006-10-31,CAD,104350,23818,47496
2006-11-07,CAD,103426,24999,45341
2006-11-14,CAD,129537,25902,73277
2006-11-21,CAD,138113,23236,82129
2006-11-28,CAD,124553,26934,67216
2006-12-05,CAD,131624,24557,71036
2006-12-12,CAD,165716,26173,78181
2006-12-19,CAD,183332,27186,84578
2006-12-26,CAD,136963,21479,87773
2007-01-03,CAD,148644,23583,97851
2007-01-09,CAD,155922,20637,105543
2007-01-16,CAD,152438,22030,100997
2007-01-23,CAD,152395,22471,100328
2007-01-30,CAD,146376,21650,92526
2007-02-06,CAD,154591,18927,99573
2007-02-13,CAD,140722,19930,76625
2007-02-20,CAD,141561,17005,82431
2007-02-27,CAD,137776,17563,73987
2007-03-06,CAD,156871,21585,96510
2007-03-13,CAD,159619,15758,89897
2007-03-20,CAD,161700,21021,72174
2007-03-27,CAD,114484,24613,56595
2007-04-03,CAD,113096,22068,57233
2007-04-10,CAD,110266,23062,38626
2007-04-17,CAD,114610,25549,41540
2007-04-24,CAD,121786,39017,40648
2007-05-01,CAD,138029,52582,43731
2007-05-08,CAD,146311,65117,47298
2007-05-15,CAD,168888,82619,39522
2007-05-22,CAD,172032,83891,44924
2007-05-29,CAD,186775,92150,40130
2007-06-05,CAD,184722,85481,41623
2007-06-12,CAD,232090,98404,36399
2007-06-19,CAD,243351,92321,33525
2007-06-26,CAD,139879,82053,13190
2007-07-03,CAD,143135,79653,14400
2007-07-10,CAD,143434,82889,15511
2007-07-17,CAD,150522,85281,18009
2007-07-24,CAD,158948,94483,17519
2007-07-31,CAD,133951,68138,18440
2007-08-07,CAD,135946,71689,19751
2007-08-14,CAD,134044,66527,18717
2007-08-21,CAD,128591,60044,20011
2007-08-28,CAD,133856,68013,22919
2007-09-04,CAD,135940,73234,21889
2007-09-11,CAD,145388,78149,19395
2007-09-18,CAD,167680,88758,8930
2007-09-25,CAD,126605,73042,13880
2007-10-02,CAD,144193,87538,18359
2007-10-09,CAD,157628,99617,16616
2007-10-16,CAD,147428,90940,13991
2007-10-23,CAD,140205,82625,11302
2007-10-30,CAD,137711,79052,10221
2007-11-06,CAD,138502,75532,11944
2007-11-13,CAD,121478,55876,9153
2007-11-20,CAD,109533,41574,9282
2007-11-27,CAD,112354,39532,10533
2007-12-04,CAD,114020,34194,18870
2007-12-11,CAD,118951,30935,12271
2007-12-18,CAD,121294,34895,11608
2007-12-24,CAD,77357,29959,15236
2007-12-31,CAD,83024,35655,12657
2008-01-08,CAD,82454,31648,15224
2008-01-15,CAD,81827,22866,15101
2008-01-22,CAD,86378,24463,16786
2008-01-29,CAD,90907,25948,21653
2008-02-05,CAD,93574,30603,20363
2008-02-12,CAD,101187,43391,22956
2008-02-19,CAD,95614,33387,21440
2008-02-26,CAD,110073,50323,24139
2008-03-04,CAD,117986,60105,23699
2008-03-11,CAD,117606,50353,21422
2008-03-18,CAD,127275,43416,22517
2008-03-25,CAD,98867,28183,26005
2008-04-01,CAD,100329,28382,27659
2008-04-08,CAD,106562,37519,30955
2008-04-15,CAD,104970,33518,28015
2008-04-22,CAD,105665,43836,26466
2008-04-29,CAD,98159,31816,24388
2008-05-06,CAD,114709,48104,16392
2008-05-13,CAD,108527,46246,16837
2008-05-20,CAD,115665,53118,21700
2008-05-27,CAD,127620,69636,19511
2008-06-03,CAD,122819,63825,18087
2008-06-10,CAD,123950,43276,25697
2008-06-17,CAD,130634,36386,37337
2008-06-24,CAD,84325,27397,31886
2008-07-01,CAD,87207,24732,34522
2008-07-08,CAD,91389,30183,36135
2008-07-15,CAD,97365,39972,27113
2008-07-22,CAD,99845,43572,21683
2008-07-29,CAD,97065,29682,31928
2008-08-05,CAD,116660,35442,54214
2008-08-12,CAD,121154,33650,58979
2008-08-19,CAD,126865,38641,66726
2008-08-26,CAD,116253,33329,49093
2008-09-02,CAD,122277,37205,54779
2008-09-09,CAD,142344,36134,46118
2008-09-16,CAD,145036,33090,43312
2008-09-23,CAD,92330,17090,35743
2008-09-30,CAD,93626,19691,37712
2008-10-07,CAD,94501,18431,35583
2008-10-14,CAD,98295,16220,34104
2008-10-21,CAD,111438,20698,33093
2008-10-28,CAD,107866,18065,27912
2008-11-04,CAD,107787,17145,24639
2008-11-11,CAD,98146,16067,19312
2008-11-18,CAD,92554,15426,22603
2008-11-25,CAD,83766,12521,18790
2008-12-02,CAD,88581,13076,22783
2008-12-09,CAD,86795,12579,21408
2008-12-16,CAD,85413,10729,17477
2008-12-22,CAD,43701,9345,19375
2008-12-30,CAD,47479,8473,18828
2009-01-06,CAD,53297,8930,22802
2009-01-13,CAD,55217,9277,21481
2009-01-20,CAD,65416,8949,23534
2009-01-27,CAD,64951,7898,22864
2009-02-03,CAD,67011,9597,22172
2009-02-10,CAD,67863,7789,19260
2009-02-17,CAD,72185,9631,22540
2009-02-24,CAD,74438,9042,22007
2009-03-03,CAD,83768,11859,30872
2009-03-10,CAD,87787,7991,28281
2009-03-17,CAD,93979,8715,32665
2009-03-24,CAD,56641,5203,25875
2009-03-31,CAD,58595,6453,29799
2009-04-07,CAD,58219,7397,30708
2009-04-14,CAD,60486,10415,28144
2009-04-21,CAD,63049,12897,25604
2009-04-28,CAD,67729,16395,24102
2009-05-05,CAD,74576,22007,19993
2009-05-12,CAD,81402,25180,19731
2009-05-19,CAD,86527,28816,23391
2009-05-26,CAD,89446,32429,20897
2009-06-02,CAD,90613,31879,25285
2009-06-09,CAD,97915,33405,20439
2009-06-16,CAD,118604,31433,15973
2009-06-23,CAD,74353,30043,18696
2009-06-30,CAD,80536,32435,23163
2009-07-07,CAD,80191,29971,23419
2009-07-14,CAD,85347,31850,25957
2009-07-21,CAD,89893,42647,26141
2009-07-28,CAD,92023,48548,19480
2009-08-04,CAD,105272,58426,21834
2009-08-11,CAD,95923,47947,14058
2009-08-18,CAD,93429,48058,10600
2009-08-25,CAD,99083,50841,10852
2009-09-01,CAD,88664,37838,4949
2009-09-08,CAD,105084,42844,6026
2009-09-15,CAD,124489,44894,6862
2009-09-22,CAD,89054,44156,9604
2009-09-29,CAD,71015,23843,5634
2009-10-06,CAD,88135,41391,5616
2009-10-13,CAD,102958,50739,6543
2009-10-20,CAD,111244,52689,9152
2009-10-27,CAD,99635,41261,5806
2009-11-03,CAD,82896,27862,4493
2009-11-09,CAD,85919,30168,8184
2009-11-17,CAD,94241,35653,12047
2009-11-24,CAD,89131,30492,5839
2009-12-01,CAD,97431,35964,5155
2009-12-08,CAD,103218,33195,3736
2009-12-15,CAD,109895,29365,3740
2009-12-22,CAD,79423,31381,8680
2009-12-29,CAD,101157,50457,10468
2010-01-05,CAD,107554,51736,11540
2010-01-12,CAD,117310,60219,11524
2010-01-19,CAD,120271,58048,11245
2010-01-26,CAD,91375,35659,9850
2010-02-02,CAD,82692,25639,10284
2010-02-09,CAD,84317,24285,15422
2010-02-16,CAD,93330,35026,11571
2010-02-23,CAD,100629,40224,11803
2010-03-02,CAD,109517,47170,8881
2010-03-09,CAD,138991,71350,9951
2010-03-16,CAD,180184,80982,11342
2010-03-23,CAD,152885,90278,17251
2010-03-30,CAD,152133,88595,18299
2010-04-06,CAD,151537,88881,19569
2010-04-13,CAD,153401,87918,17443
2010-04-20,CAD,149360,82664,13008
2010-04-27,CAD,144191,72366,13168
2010-05-04,CAD,137181,65431,13419
2010-05-11,CAD,122092,58010,7556
2010-05-18,CAD,124952,53254,8369
2010-05-25,CAD,122642,40113,16241
2010-06-01,CAD,117450,37262,15108
2010-06-08,CAD,121438,36775,14265
2010-06-15,CAD,127919,37460,10106
2010-06-22,CAD,86397,38499,12146
2010-06-29,CAD,88461,31575,15681
2010-07-06,CAD,92565,28549,20455
2010-07-13,CAD,87394,27952,5914
2010-07-20,CAD,83317,23739,7315
2010-07-27,CAD,85121,27045,3177
2010-08-03,CAD,99262,40335,6153
2010-08-10,CAD,105543,46616,5437
2010-08-17,CAD,94908,34446,4932
2010-08-24,CAD,94976,24889,8742
2010-08-31,CAD,108003,26957,31721
2010-09-07,CAD,107378,27734,27282
2010-09-14,CAD,110946,29057,11362
2010-09-21,CAD,101524,46985,17170
2010-09-28,CAD,101260,43078,15208
2010-10-05,CAD,120045,62909,20231
2010-10-12,CAD,123851,63283,19497
2010-10-19,CAD,112791,47852,17112
2010-10-26,CAD,102269,37802,17927
2010-11-02,CAD,104809,41890,18525
2010-11-09,CAD,128710,62533,25195
2010-11-16,CAD,124587,58390,19949
2010-11-23,CAD,105442,36797,14298
2010-11-30,CAD,100245,30999,11844
2010-12-07,CAD,114999,47003,13281
2010-12-14,CAD,142291,44840,11444
2010-12-21,CAD,91294,39665,14717
2010-12-28,CAD,113223,58142,23355
2011-01-04,CAD,120758,65421,27073
2011-01-11,CAD,129480,70872,23115
2011-01-18,CAD,128185,67614,23559
2011-01-25,CAD,117899,54075,22356
2011-02-01,CAD,119488,55186,21372
2011-02-08,CAD,141604,72899,33109
2011-02-15,CAD,140822,77018,4928
2011-02-22,CAD,140610,72774,4426
2011-03-01,CAD,148414,78365,5538
2011-03-08,CAD,174715,81253,3709
2011-03-15,CAD,189157,60789,3798
2011-03-22,CAD,118442,49722,3745
2011-03-29,CAD,119128,52886,1641
2011-04-05,CAD,138257,68876,3846
2011-04-12,CAD,142022,66354,2613
2011-04-19,CAD,141961,67489,2454
2011-04-26,CAD,138939,61493,2430
2011-05-03,CAD,139919,59863,5822
2011-05-10,CAD,121478,42698,5495
2011-05-17,CAD,123386,36008,9717
2011-05-24,CAD,120245,31219,9942
2011-05-31,CAD,125654,35657,9255
2011-06-07,CAD,129110,32631,19109
2011-06-14,CAD,142172,33746,14891
2011-06-21,CAD,87905,19983,17779
2011-06-28,CAD,92360,21896,23759
2011-07-05,CAD,105967,31346,24525
2011-07-12,CAD,111624,39535,24201
2011-07-19,CAD,124719,52623,24859
2011-07-26,CAD,128807,52884,16743
2011-08-02,CAD,133150,57482,16445
2011-08-09,CAD,118973,38872,15168
2011-08-16,CAD,103509,23153,19032
2011-08-23,CAD,104672,23368,14564
2011-08-30,CAD,107237,24823,10884
2011-09-06,CAD,109190,18441,16360
2011-09-13,CAD,117403,17337,23640
2011-09-20,CAD,123057,20422,25880
2011-09-27,CAD,86146,21320,41870
2011-10-04,CAD,103733,22713,38395
2011-10-11,CAD,122945,23922,48835
2011-10-18,CAD,123074,23343,48138
2011-10-25,CAD,120187,25368,43291
2011-11-01,CAD,119841,27420,42240
2011-11-08,CAD,122069,28003,43571
2011-11-15,CAD,123967,28819,46034
2011-11-22,CAD,129151,29041,51185
2011-11-29,CAD,143231,30069,56938
2011-12-06,CAD,150326,31022,51193
2011-12-13,CAD,173429,35787,49172
2011-12-20,CAD,174254,21428,48296
2011-12-27,CAD,118735,28132,49944
2012-01-03,CAD,119763,27665,51036
2012-01-10,CAD,120997,23039,51688
2012-01-17,CAD,123101,25118,53848
2012-01-24,CAD,117164,29772,48681
2012-01-31,CAD,119270,30140,49549
2012-02-07,CAD,122955,37065,34881
2012-02-14,CAD,122896,38465,28899
2012-02-21,CAD,129249,47784,33672
2012-02-28,CAD,136553,50763,28283
2012-03-06,CAD,146771,55906,29874
2012-03-13,CAD,172856,59548,32827
2012-03-20,CAD,189870,62768,20453
2012-03-27,CAD,122621,53432,29695
2012-04-03,CAD,126333,57291,27804
2012-04-10,CAD,113833,47992,20025
2012-04-17,CAD,128841,58319,20291
2012-04-24,CAD,134899,63028,18804
2012-05-01,CAD,163036,84458,14235
2012-05-08,CAD,148415,69914,9819
2012-05-15,CAD,140173,66286,15281
2012-05-22,CAD,130992,57577,19022
2012-05-29,CAD,126626,48793,14708
2012-06-05,CAD,137391,39559,24653
2012-06-12,CAD,135037,31308,21688
2012-06-19,CAD,131671,27808,19607
2012-06-26,CAD,95821,27778,18501
2012-07-03,CAD,93160,22923,14225
2012-07-10,CAD,100606,24673,20335
2012-07-17,CAD,103963,23628,24836
2012-07-24,CAD,111062,29695,32127
2012-07-31,CAD,101082,30652,18203
2012-08-07,CAD,109258,43190,24068
2012-08-14,CAD,123658,53894,25301
2012-08-21,CAD,150410,76008,25141
2012-08-28,CAD,163842,86639,25703
2012-09-04,CAD,171278,89309,22754
2012-09-11,CAD,254598,116546,14686
2012-09-18,CAD,296999,126688,14807
2012-09-25,CAD,210066,123643,18297
2012-10-02,CAD,196895,112706,11530
2012-10-09,CAD,192593,106300,10672
2012-10-16,CAD,189466,106369,12619
2012-10-23,CAD,178102,98566,9478
2012-10-30,CAD,167010,86306,7535
2012-11-06,CAD,166422,82882,8120
2012-11-13,CAD,168339,75935,9816
2012-11-20,CAD,169517,72893,11447
2012-11-27,CAD,170497,72663,10284
2012-12-04,CAD,167343,66356,9285
2012-12-11,CAD,178087,74220,11687
2012-12-18,CAD,219922,81493,7215
2012-12-24,CAD,140965,72777,9425
2012-12-31,CAD,137247,73678,7752
2013-01-08,CAD,137314,70435,6430
2013-01-15,CAD,144716,73099,4431
2013-01-22,CAD,141710,66225,8273
2013-01-29,CAD,144927,53915,18858
2013-02-05,CAD,141807,44538,16777
2013-02-12,CAD,140109,39324,12759
2013-02-19,CAD,156182,46033,26654
2013-02-26,CAD,195893,42171,63604
2013-03-05,CAD,221062,39564,86227
2013-03-12,CAD,249150,37020,90417
2013-03-19,CAD,308970,39417,104748
2013-03-26,CAD,160847,26286,88931
2013-04-02,CAD,163150,26212,90756
2013-04-09,CAD,161861,24056,95189
2013-04-16,CAD,171111,26003,101916
2013-04-23,CAD,171804,27940,99619
2013-04-30,CAD,161473,23246,91094
2013-05-07,CAD,149014,25741,77657
2013-05-14,CAD,142482,28352,72769
2013-05-21,CAD,141531,30686,64538
2013-05-28,CAD,144725,28298,61657
2013-06-04,CAD,141838,22351,62127
2013-06-11,CAD,145729,17343,53250
2013-06-18,CAD,145484,15470,41557
2013-06-25,CAD,109819,27186,37824
2013-07-02,CAD,126754,35398,51648
2013-07-09,CAD,140106,37260,61089
2013-07-16,CAD,133870,32187,52230
2013-07-23,CAD,119597,22262,39020
2013-07-30,CAD,111005,20729,32163
2013-08-06,CAD,106787,22629,33065
2013-08-13,CAD,105303,21751,30832
2013-08-20,CAD,108282,26559,36103
2013-08-27,CAD,133392,35375,60334
2013-09-03,CAD,143241,31879,66518
2013-09-10,CAD,137986,24621,55563
2013-09-17,CAD,142925,25286,44050
2013-09-24,CAD,119624,40278,45953
2013-10-01,CAD,122732,43734,44689
2013-10-08,CAD,118332,33857,42520
2013-10-15,CAD,112544,28436,39250
2013-10-22,CAD,109316,28906,34270
2013-10-29,CAD,116157,27233,42470
2013-11-05,CAD,117253,26803,44805
2013-11-12,CAD,118952,29306,45398
2013-11-19,CAD,121813,31656,47991
2013-11-26,CAD,129471,28143,56923
2013-12-03,CAD,145767,32589,74172
2013-12-10,CAD,160759,31049,88563
2013-12-17,CAD,187136,25133,90633
2013-12-24,CAD,149359,28191,86623
2013-12-31,CAD,149037,28206,86162
2014-01-07,CAD,156950,30535,91077
2014-01-14,CAD,171370,34212,101557
2014-01-21,CAD,169456,29423,99750
2014-01-28,CAD,157214,25976,88765
2014-02-04,CAD,160625,29439,89739
2014-02-11,CAD,157495,27745,86673
2014-02-18,CAD,154862,27756,92756
2014-02-25,CAD,141519,24865,83456
2014-03-04,CAD,147033,23306,84402
2014-03-11,CAD,153639,25180,77371
2014-03-18,CAD,186782,27751,97556
2014-03-25,CAD,133246,40441,73656
2014-04-01,CAD,117966,27549,64543
2014-04-08,CAD,120336,28704,63011
2014-04-15,CAD,119525,28288,63714
2014-04-22,CAD,118707,27529,62984
2014-04-29,CAD,123589,30093,60388
2014-05-06,CAD,122287,28044,59644
2014-05-13,CAD,121632,26986,53023
2014-05-20,CAD,121268,26500,53034
2014-05-27,CAD,129989,32581,54391
2014-06-03,CAD,130275,32519,55250
2014-06-10,CAD,125832,30303,54411
2014-06-17,CAD,132209,34582,56115
2014-06-24,CAD,103193,40595,45915
2014-07-01,CAD,111438,44755,42060
2014-07-08,CAD,128555,58245,47950
2014-07-15,CAD,129787,60353,44732
2014-07-22,CAD,129188,62078,41497
2014-07-29,CAD,122619,56459,33768
2014-08-05,CAD,115261,48944,27489
2014-08-12,CAD,108979,44053,26055
2014-08-19,CAD,113301,41844,34563
2014-08-26,CAD,108441,38522,32859
2014-09-02,CAD,105984,35333,26142
2014-09-09,CAD,102951,33400,21770
2014-09-16,CAD,110275,37347,29803
2014-09-23,CAD,76530,27673,24609
2014-09-30,CAD,89376,33014,37580
2014-10-07,CAD,100900,39174,46626
2014-10-14,CAD,104060,35688,51855
2014-10-21,CAD,102170,28837,50371
2014-10-28,CAD,99309,26093,47498
2014-11-04,CAD,104720,29627,49042
2014-11-11,CAD,108445,32668,54514
2014-11-18,CAD,106914,32082,51599
2014-11-25,CAD,102393,32106,48447
2014-12-02,CAD,101752,28533,46922
2014-12-09,CAD,109650,33406,47768
2014-12-16,CAD,129475,32397,48091
2014-12-23,CAD,98477,33904,46091
2014-12-30,CAD,97308,32726,46759
2015-01-06,CAD,103775,31275,48362
2015-01-13,CAD,105003,27599,48778
2015-01-20,CAD,111631,24238,53318
2015-01-27,CAD,112718,28914,52877
2015-02-03,CAD,113662,24553,51874
2015-02-10,CAD,115744,21176,54509
2015-02-17,CAD,111614,19998,52840
2015-02-24,CAD,118014,22423,58668
2015-03-03,CAD,121344,24332,63195
2015-03-10,CAD,146639,22011,61041
2015-03-17,CAD,158576,21001,53823
2015-03-24,CAD,106731,19193,51849
2015-03-31,CAD,110447,18771,48389
2015-04-07,CAD,114881,22081,52100
2015-04-14,CAD,118686,23020,53598
2015-04-21,CAD,126801,33343,60394
2015-04-28,CAD,128938,33858,54767
2015-05-05,CAD,122108,30028,40108
2015-05-12,CAD,123908,29133,33115
2015-05-19,CAD,117811,25184,20836
2015-05-26,CAD,121908,30695,23362
2015-06-02,CAD,123127,30095,31120
2015-06-09,CAD,118799,21004,34749
2015-06-16,CAD,118620,22484,34765
2015-06-23,CAD,81380,18270,35849
2015-06-30,CAD,91797,23105,46555
2015-07-07,CAD,120095,35928,68196
2015-07-14,CAD,138431,38177,78903
2015-07-21,CAD,153762,41443,85011
2015-07-28,CAD,162118,35195,91262
2015-08-04,CAD,170087,33993,98173
2015-08-11,CAD,172252,28546,95951
2015-08-18,CAD,161743,21407,88201
2015-08-25,CAD,168819,29555,89267
2015-09-01,CAD,161893,28964,84083
2015-09-08,CAD,159492,29506,78146
2015-09-15,CAD,188043,28509,75592
2015-09-22,CAD,136213,40901,79295
2015-09-29,CAD,139431,36211,78446
2015-10-06,CAD,121676,29276,64286
2015-10-13,CAD,116800,28207,62156
2015-10-20,CAD,121148,31368,58480
2015-10-27,CAD,122885,34134,53029
2015-11-03,CAD,119629,32017,51508
2015-11-10,CAD,134360,45787,63694
2015-11-17,CAD,141785,45589,73941
2015-11-24,CAD,143742,41304,79921
2015-12-01,CAD,145547,38349,77329
2015-12-08,CAD,162857,48776,88914
2015-12-15,CAD,189775,44262,95271
2015-12-22,CAD,163581,43455,99482
2015-12-29,CAD,172137,47598,108385
2016-01-05,CAD,166610,40898,101028
2016-01-12,CAD,166273,38837,98051
2016-01-19,CAD,165344,33064,99450
2016-01-26,CAD,165240,32767,99586
2016-02-02,CAD,157362,30069,82489
2016-02-09,CAD,157150,27279,79214
2016-02-16,CAD,158608,29077,74162
2016-02-23,CAD,157921,31487,68427
2016-03-01,CAD,159107,31018,61496
2016-03-08,CAD,174347,30550,56331
2016-03-15,CAD,169228,31584,48410
2016-03-22,CAD,98997,21807,36816
2016-03-29,CAD,101099,28146,34326
2016-04-05,CAD,105335,29565,29468
2016-04-12,CAD,107755,28968,26583
2016-04-19,CAD,114198,32473,25165
2016-04-26,CAD,121080,37104,25105
2016-05-03,CAD,123864,39840,20897
2016-05-10,CAD,124765,42040,16166
2016-05-17,CAD,124370,37009,14303
2016-05-24,CAD,123789,32834,12787
2016-05-31,CAD,126518,38753,12494
2016-06-07,CAD,135330,37421,15884
2016-06-14,CAD,177711,42394,23954
2016-06-21,CAD,118157,40664,38069
2016-06-28,CAD,114425,38675,30726
2016-07-05,CAD,116494,41031,29514
2016-07-12,CAD,114230,39963,22788
2016-07-19,CAD,117603,43086,21018
2016-07-26,CAD,118079,44023,20843
2016-08-02,CAD,115825,41711,23953
2016-08-09,CAD,115796,43647,28281
2016-08-16,CAD,124610,46118,33645
2016-08-23,CAD,131618,50097,33363
2016-08-30,CAD,125716,46808,24408
2016-09-06,CAD,122747,44136,23231
2016-09-13,CAD,124676,45790,28732
2016-09-20,CAD,137204,57216,40913
2016-09-27,CAD,105130,34579,46194
2016-10-04,CAD,104219,32585,46662
2016-10-11,CAD,104002,30809,42513
2016-10-18,CAD,95793,23679,37977
2016-10-25,CAD,113501,33274,46598
2016-11-01,CAD,121156,35723,51683
2016-11-08,CAD,120993,32850,54162
2016-11-15,CAD,125532,34293,52892
2016-11-22,CAD,118667,28260,45722
2016-11-29,CAD,114416,25010,43586
2016-12-06,CAD,107289,21538,39696
2016-12-13,CAD,114265,24035,45904
2016-12-20,CAD,106080,22246,34000
2016-12-27,CAD,93212,36597,38195
2017-01-03,CAD,98751,39546,43417
2017-01-10,CAD,90632,28405,36340
2017-01-17,CAD,100307,32064,37520
2017-01-24,CAD,99574,36175,33656
2017-01-31,CAD,114274,44939,41467
2017-02-07,CAD,118424,46127,37577
2017-02-14,CAD,125056,53152,33812
2017-02-21,CAD,131522,58780,34196
2017-02-28,CAD,135442,63125,33035
2017-03-07,CAD,147601,65616,36396
2017-03-14,CAD,176379,74620,53162
2017-03-21,CAD,119123,30293,54696
2017-03-28,CAD,121699,30419,58636
2017-04-04,CAD,133688,38535,68760
2017-04-11,CAD,126412,31432,63766
2017-04-18,CAD,136614,37306,70558
2017-04-25,CAD,165504,52545,95187
2017-05-02,CAD,192692,66565,114269
2017-05-09,CAD,214946,47412,133627
2017-05-16,CAD,219483,39130,137130
2017-05-23,CAD,208304,29681,128790
2017-05-30,CAD,200273,23711,121898
2017-06-06,CAD,210933,26492,120993
2017-06-13,CAD,204115,26781,115376
2017-06-20,CAD,219496,28507,111388
2017-06-27,CAD,143798,28698,78193
2017-07-03,CAD,145079,34300,73672
2017-07-11,CAD,161065,46080,54684
2017-07-18,CAD,169522,60000,51957
2017-07-25,CAD,177330,70385,43772
2017-08-01,CAD,190622,82885,42247
2017-08-08,CAD,205963,98237,35416
2017-08-15,CAD,192026,86455,35106
2017-08-22,CAD,186960,80965,29866
2017-08-29,CAD,191798,86806,33639
2017-09-05,CAD,203353,94732,41088
2017-09-12,CAD,227931,91645,41146
2017-09-19,CAD,299169,100675,41829
2017-09-26,CAD,181913,102688,28083
2017-10-03,CAD,177263,97204,22076
2017-10-10,CAD,175817,97068,20676
2017-10-17,CAD,174347,94507,19421
2017-10-24,CAD,172673,96561,24229
2017-10-31,CAD,157542,84309,26470
2017-11-07,CAD,147706,75460,24571
2017-11-14,CAD,143841,70473,23138
2017-11-21,CAD,143596,67324,22199
2017-11-28,CAD,145257,67882,22224
2017-12-05,CAD,147099,66467,24001
2017-12-12,CAD,149275,62198,20238
2017-12-19,CAD,155022,68451,22550
2017-12-26,CAD,116559,42372,25026
2018-01-02,CAD,126829,49297,34558
2018-01-09,CAD,147839,58581,41120
2018-01-16,CAD,160810,61473,43917
2018-01-23,CAD,168849,69446,46889
2018-01-30,CAD,176871,75296,41831
2018-02-06,CAD,167890,69492,29328
2018-02-13,CAD,155262,62535,30006
2018-02-20,CAD,144832,49373,26246
2018-02-27,CAD,145351,54279,32059
2018-03-06,CAD,139318,54233,34668
2018-03-13,CAD,154478,59919,40499
2018-03-20,CAD,180240,78744,54184
2018-03-27,CAD,127568,33518,60568
2018-04-03,CAD,127509,29558,61430
2018-04-10,CAD,124621,28027,59699
2018-04-17,CAD,128174,28575,58899
2018-04-24,CAD,120406,23559,48703
2018-05-01,CAD,121676,25940,53475
2018-05-08,CAD,128877,33156,57017
2018-05-15,CAD,128708,30419,54075
2018-05-22,CAD,136118,23555,49767
2018-05-29,CAD,147495,32696,48386
2018-06-05,CAD,158317,35266,51305
2018-06-12,CAD,156985,30168,45156
2018-06-19,CAD,190384,45738,59752
2018-06-26,CAD,159233,40866,73665
2018-07-03,CAD,158341,26934,76382
2018-07-10,CAD,159504,26586,79473
2018-07-17,CAD,157927,25594,73078
2018-07-24,CAD,151441,20084,64595
2018-07-31,CAD,140253,23679,55248
2018-08-07,CAD,144934,33269,58167
2018-08-14,CAD,144705,30627,56825
2018-08-21,CAD,145677,32271,59292
2018-08-28,CAD,147679,34111,58900
2018-09-04,CAD,151238,34748,61055
2018-09-11,CAD,158974,30506,57448
2018-09-18,CAD,150538,25979,56090
2018-09-25,CAD,115727,31812,51344
2018-10-02,CAD,127333,41940,60424
2018-10-09,CAD,121489,38867,51012
2018-10-16,CAD,115386,32202,43221
2018-10-23,CAD,118053,32031,39259
2018-10-30,CAD,118508,29436,39091
2018-11-06,CAD,116284,33753,36385
2018-11-13,CAD,121999,36773,39564
2018-11-20,CAD,140651,39059,45348
2018-11-27,CAD,145122,41427,50057
2018-12-04,CAD,156750,38736,51672
2018-12-11,CAD,161530,41672,53341
2018-12-18,CAD,191476,51566,59023
2018-12-24,CAD,159195,27887,72579
2018-12-31,CAD,170168,34330,84979
2019-01-08,CAD,167005,19287,85289
2019-01-15,CAD,155691,17006,76530
2019-01-22,CAD,151010,16727,72823
2019-01-29,CAD,151146,16523,72913
2019-02-05,CAD,141538,19808,61845
2019-02-12,CAD,141172,21433,58970
2019-02-19,CAD,142620,22989,59426
2019-02-26,CAD,147621,21553,60730
2019-03-05,CAD,146552,18210,58654
2019-03-12,CAD,159939,20276,61329
2019-03-19,CAD,167282,16267,64041
2019-03-26,CAD,144311,21194,60765
2019-04-02,CAD,151140,24619,68942
2019-04-09,CAD,149544,24681,67883
2019-04-16,CAD,145041,18256,67418
2019-04-23,CAD,152998,23222,70715
2019-04-30,CAD,154565,19445,66190
2019-05-07,CAD,151258,20117,66232
2019-05-14,CAD,148058,18457,66045
2019-05-21,CAD,140682,16282,58518
2019-05-28,CAD,140449,15878,55301
2019-06-04,CAD,151970,15330,57089
2019-06-11,CAD,159212,25597,58437
2019-06-18,CAD,160795,19796,57867
2019-06-25,CAD,137543,24750,39540
2019-07-02,CAD,157998,45057,38764
2019-07-09,CAD,164842,48734,39508
2019-07-16,CAD,182946,63098,42134
2019-07-23,CAD,187397,69694,38944
2019-07-30,CAD,182478,66305,44583
2019-08-06,CAD,172657,63598,39432
2019-08-13,CAD,160861,50065,35865
2019-08-20,CAD,155837,47368,34331
2019-08-27,CAD,158921,48292,37387
2019-09-03,CAD,167396,48206,42857
2019-09-10,CAD,183058,54971,43448
2019-09-17,CAD,187795,62004,42181
2019-09-24,CAD,123017,40323,35731
2019-10-01,CAD,130937,46303,39976
2019-10-08,CAD,136105,49071,43758
2019-10-15,CAD,149079,58007,45046
2019-10-22,CAD,170305,71410,38017
2019-10-29,CAD,189971,81982,38393
2019-11-05,CAD,192882,87774,33772
2019-11-12,CAD,182793,73671,31298
2019-11-19,CAD,172759,65040,36175
2019-11-26,CAD,167350,60930,40586
2019-12-03,CAD,184060,64040,42569
2019-12-10,CAD,169219,55285,34544
2019-12-17,CAD,189458,47523,36332
2019-12-24,CAD,158666,51478,42981
2019-12-31,CAD,175666,63961,52048
2020-01-07,CAD,189996,68756,42389
2020-01-14,CAD,190229,70428,37576
2020-01-21,CAD,188596,74399,36105
2020-01-28,CAD,185499,76299,41709
2020-02-04,CAD,174000,67193,48630
2020-02-11,CAD,166914,68225,58520
2020-02-18,CAD,164698,61559,53742
2020-02-25,CAD,168819,63658,49034
2020-03-03,CAD,160511,55191,44612
2020-03-10,CAD,175226,48055,50045
2020-03-17,CAD,183137,43114,52737
2020-03-24,CAD,124226,21323,50568
2020-03-31,CAD,122891,21517,43446
2020-04-07,CAD,117523,17052,41485
2020-04-14,CAD,119798,18038,41798
2020-04-21,CAD,121213,19804,43695
2020-04-28,CAD,117660,16032,45076
2020-05-05,CAD,119300,17007,49059
2020-05-12,CAD,120453,16995,49241
2020-05-19,CAD,130099,23142,58198
2020-05-26,CAD,129849,21844,55798
2020-06-02,CAD,128476,19774,52912
2020-06-09,CAD,120459,22298,47127
2020-06-16,CAD,125654,19695,45181
2020-06-23,CAD,105412,22852,43686
2020-06-30,CAD,118197,28174,48693
2020-07-07,CAD,121226,31660,48478
2020-07-14,CAD,148003,27642,47417
2020-07-21,CAD,143606,34284,50982
2020-07-28,CAD,139397,32105,44601
2020-08-04,CAD,137101,19907,43102
2020-08-11,CAD,136885,17256,46803
2020-08-18,CAD,141600,19497,53084
2020-08-25,CAD,129557,21590,50908
2020-09-01,CAD,140520,26590,53596
2020-09-08,CAD,137618,29626,46981
2020-09-15,CAD,147273,28909,45852
2020-09-22,CAD,117564,23588,42470
2020-09-29,CAD,113862,21619,40567
2020-10-06,CAD,113818,20808,38855
2020-10-13,CAD,121956,24638,38202
2020-10-20,CAD,123266,24725,43800
2020-10-27,CAD,122403,24739,42808
2020-11-03,CAD,124892,21549,42235
2020-11-10,CAD,136456,25962,47311
2020-11-17,CAD,136614,26205,46564
2020-11-24,CAD,140823,31529,48375
2020-12-01,CAD,147803,28702,49945
2020-12-08,CAD,163589,34713,55451
2020-12-15,CAD,196230,39856,55572
2020-12-21,CAD,156597,43198,33113
2020-12-29,CAD,154464,42178,26810
2021-01-05,CAD,156124,41560,27036
2021-01-12,CAD,156675,43386,31313
2021-01-19,CAD,154231,43633,33307
2021-01-26,CAD,168896,53680,39910
2021-02-02,CAD,158155,46645,30549
2021-02-09,CAD,158454,44274,34746
2021-02-16,CAD,159266,45021,36857
2021-02-23,CAD,166868,46899,37767
2021-03-02,CAD,168689,51391,36064
2021-03-09,CAD,173078,50022,39041
2021-03-16,CAD,186932,50907,40644
2021-03-23,CAD,162170,46786,41683
2021-03-30,CAD,164199,48462,41944
2021-04-06,CAD,166118,47506,44816
2021-04-13,CAD,166186,48056,45650
2021-04-20,CAD,173145,53824,40578
2021-04-27,CAD,180771,56675,40953
2021-05-04,CAD,196817,74280,48333
2021-05-11,CAD,201955,79329,40700
2021-05-18,CAD,207963,82026,35914
2021-05-25,CAD,213176,84183,39372
2021-06-01,CAD,228957,89467,40695
2021-06-08,CAD,220053,80989,35708
2021-06-15,CAD,252936,73071,28817
2021-06-22,CAD,202787,69074,25849
2021-06-29,CAD,196928,68301,22500
2021-07-06,CAD,202136,69923,28745
2021-07-13,CAD,198714,63107,36731
2021-07-20,CAD,189308,59883,46968
2021-07-27,CAD,174701,47048,41674
2021-08-03,CAD,170609,46064,38604
2021-08-10,CAD,171602,45445,38980
2021-08-17,CAD,177460,46499,43839
2021-08-24,CAD,171487,44124,38247
2021-08-31,CAD,170439,40686,43534
2021-09-07,CAD,170506,36704,42714
2021-09-14,CAD,175708,36677,45960
2021-09-21,CAD,118528,18954,46831
2021-09-28,CAD,118066,21873,42108
2021-10-05,CAD,120168,18580,45446
2021-10-12,CAD,127827,22382,50242
2021-10-19,CAD,153912,40380,51304
2021-10-26,CAD,159475,45977,42657
2021-11-02,CAD,156194,42037,37875
2021-11-09,CAD,154720,43961,38857
2021-11-16,CAD,148955,44147,35438
2021-11-23,CAD,150275,44320,47455
2021-11-30,CAD,148375,41242,55317
2021-12-07,CAD,155078,41095,50453
2021-12-14,CAD,186638,38230,51358
2021-12-21,CAD,145562,45925,55802
2021-12-28,CAD,138692,42528,52862
2022-01-04,CAD,135633,41905,52930
2022-01-11,CAD,138571,44284,51660
2022-01-18,CAD,143371,49792,42300
2022-01-25,CAD,146448,53129,40812
2022-02-01,CAD,145082,52386,34122
2022-02-08,CAD,145208,54762,39876
2022-02-15,CAD,144815,54424,42254
2022-02-22,CAD,140305,47661,38408
2022-03-01,CAD,143507,50881,36741
2022-03-08,CAD,149425,48492,40846
2022-03-15,CAD,143863,47406,29666
2022-03-22,CAD,124090,29314,34254
2022-03-29,CAD,147421,32429,33964
2022-04-05,CAD,157562,37325,30402
2022-04-12,CAD,155390,37724,25566
2022-04-19,CAD,153302,44063,22837
2022-04-26,CAD,155362,48787,27906
2022-05-03,CAD,152779,44670,35641
2022-05-10,CAD,151009,38679,44086
2022-05-17,CAD,151585,36069,50565
2022-05-24,CAD,138508,28999,41686
2022-05-31,CAD,135929,30520,37527
2022-06-07,CAD,167373,39288,40350
2022-06-14,CAD,175219,56550,33348
2022-06-21,CAD,140047,42260,38155
2022-06-28,CAD,142584,45893,36796
2022-07-05,CAD,145372,45365,41072
2022-07-12,CAD,139297,41613,38108
2022-07-19,CAD,142216,42040,35373
2022-07-26,CAD,144182,46414,30645
2022-08-02,CAD,145914,48342,28065
2022-08-09,CAD,143646,46898,25675
2022-08-16,CAD,147596,51843,24976
2022-08-23,CAD,152685,53617,30390
2022-08-30,CAD,158165,58704,34525
2022-09-06,CAD,160567,57185,39275
2022-09-13,CAD,149556,48102,35677
2022-09-20,CAD,160314,47913,45857
2022-09-27,CAD,140889,33677,51343
2022-10-04,CAD,141799,36246,57653
2022-10-11,CAD,144000,32476,58148
2022-10-18,CAD,146425,35384,55957
2022-10-25,CAD,143417,35607,53762
2022-11-01,CAD,147170,38522,56171
2022-11-08,CAD,147555,39586,58050
2022-11-15,CAD,139753,37456,50376
2022-11-22,CAD,134901,36733,48405
2022-11-29,CAD,136654,35123,51239
2022-12-06,CAD,148891,30717,52807
2022-12-13,CAD,169433,31720,58968
2022-12-20,CAD,180857,39705,66666
2022-12-27,CAD,140544,28879,58912
2023-01-03,CAD,138995,25497,52263
2023-01-10,CAD,133888,22166,53121
2023-01-17,CAD,132346,20897,48156
2023-01-24,CAD,137476,25978,56690
2023-01-31,CAD,140167,26404,56588
2023-02-07,CAD,149621,33292,66383
2023-02-14,CAD,149059,24466,59960
2023-02-21,CAD,151896,21889,59392
2023-02-28,CAD,165097,31599,67673
2023-03-07,CAD,203816,62108,91310
2023-03-14,CAD,244421,60738,92453
2023-03-21,CAD,178185,18812,75633
2023-03-28,CAD,176559,19672,76497
2023-04-04,CAD,169138,16607,75116
2023-04-11,CAD,164875,16914,73493
2023-04-18,CAD,148638,17806,64039
2023-04-25,CAD,151786,24295,68086
2023-05-02,CAD,171054,27899,77995
2023-05-09,CAD,159364,29609,71872
2023-05-16,CAD,161195,28514,71504
2023-05-23,CAD,159199,20388,68914
2023-05-30,CAD,179871,37619,67533
2023-06-06,CAD,168025,21709,60038
2023-06-13,CAD,167232,15536,52204
2023-06-20,CAD,184106,28187,61730
2023-06-27,CAD,167798,50307,53154
2023-07-03,CAD,156284,44178,39651
2023-07-11,CAD,140395,35072,30628
2023-07-18,CAD,146171,33877,33356
2023-07-25,CAD,156395,42759,37229
2023-08-01,CAD,152606,36278,29913
2023-08-08,CAD,140960,29481,30104
2023-08-15,CAD,157827,37112,48523
2023-08-22,CAD,166147,35993,48063
2023-08-29,CAD,177048,42527,58288
2023-09-05,CAD,189660,45761,70724
2023-09-12,CAD,217080,40298,82181
2023-09-19,CAD,246847,19027,67054
2023-09-26,CAD,175848,17006,49702
2023-10-03,CAD,189443,21674,61825
2023-10-10,CAD,179357,20342,66831
2023-10-17,CAD,183938,21640,70179
2023-10-24,CAD,184747,22326,70965
2023-10-31,CAD,198528,25418,74750
2023-11-07,CAD,200364,17171,84892
2023-11-14,CAD,206046,18678,89081
2023-11-21,CAD,203248,19407,84847
2023-11-28,CAD,200864,18991,82233
2023-12-05,CAD,197791,19753,77601
2023-12-12,CAD,213873,19457,74702
2023-12-19,CAD,214241,28862,83195
2023-12-26,CAD,176452,41685,76406
2024-01-02,CAD,184476,50895,72026
2024-01-09,CAD,171557,42286,49666
2024-01-16,CAD,165998,38738,52126
2024-01-23,CAD,155138,34310,42761
2024-01-30,CAD,159376,39101,41489
2024-02-06,CAD,160118,32782,40518
2024-02-13,CAD,161519,35698,41180
2024-02-20,CAD,157666,37108,37971
2024-02-27,CAD,166484,41158,42536
2024-03-05,CAD,183697,42590,62427
2024-03-12,CAD,193223,35964,66838
2024-03-19,CAD,230592,45761,82909
2024-03-26,CAD,190995,37915,88205
2024-04-02,CAD,197171,44220,95443
2024-04-09,CAD,192964,34741,88126
2024-04-16,CAD,237526,37067,119882
2024-04-23,CAD,226747,35873,112323
2024-04-30,CAD,211555,33793,96994
2024-05-07,CAD,216708,32945,102166
2024-05-14,CAD,220840,34286,114589
2024-05-21,CAD,234491,35399,126223
2024-05-28,CAD,264401,37299,123884
2024-06-04,CAD,265761,37360,128999
2024-06-11,CAD,307387,37310,166803
2024-06-18,CAD,351458,22778,170709
2024-06-25,CAD,278437,27790,150202
2024-07-02,CAD,263465,21850,142202
2024-07-09,CAD,257288,20263,131475
2024-07-16,CAD,280941,24734,157207
2024-07-23,CAD,315684,24087,185690
2024-07-30,CAD,351856,23726,219989
2024-08-06,CAD,335120,21993,203625
2024-08-13,CAD,323167,20668,200279
2024-08-20,CAD,314073,19528,183938
2024-08-27,CAD,296041,19325,129327
2024-09-03,CAD,255897,31460,100004
2024-09-10,CAD,251209,23773,92726
2024-09-17,CAD,256538,21464,94614
2024-09-24,CAD,213164,25305,90894
2024-10-01,CAD,216044,25151,95154
2024-10-08,CAD,224645,21643,110794
2024-10-15,CAD,296537,36718,159111
2024-10-22,CAD,308279,28439,169070
2024-10-29,CAD,329945,27399,194898
2024-11-05,CAD,336467,26816,202045
2024-11-12,CAD,342557,22011,204400
2024-11-19,CAD,348354,23904,207470
2024-11-26,CAD,322420,21281,175283
2024-12-03,CAD,324325,21696,181042
2024-12-10,CAD,408181,29034,210588
2024-12-17,CAD,485592,19170,201225
2024-12-24,CAD,345942,13502,190222
2024-12-31,CAD,353686,20884,196592
2025-01-07,CAD,357210,19114,197703
2025-01-14,CAD,350363,23031,190184
2025-01-21,CAD,331635,19503,170290
2025-01-28,CAD,331109,21219,168820
2025-02-04,CAD,346984,20421,180865
2025-02-11,CAD,326849,17911,168745
2025-02-18,CAD,323195,21276,165919
2025-02-25,CAD,319493,20523,158429
2025-03-04,CAD,340218,22175,165945
2025-03-11,CAD,339922,19197,161607
2025-03-18,CAD,347932,18089,154671
2025-03-25,CAD,281126,17948,147482
2025-04-01,CAD,278330,17606,147622
2025-04-08,CAD,258263,16029,135270
2025-04-15,CAD,249484,18265,102125
2025-04-22,CAD,249643,18357,85524
2025-04-29,CAD,249257,16046,83251
2025-05-06,CAD,255101,16677,87322
2025-05-13,CAD,262803,23250,105406
2025-05-20,CAD,266748,22629,126490
2025-05-27,CAD,263232,20418,124316
2025-06-03,CAD,270041,18667,127113
2025-06-10,CAD,288477,19651,112794
2025-06-17,CAD,294801,28154,94487
2025-06-24,CAD,201194,25267,78434
2025-07-01,CAD,203485,22149,85601
2025-07-08,CAD,201326,20344,91952
2025-07-15,CAD,202720,21924,96018
2025-07-22,CAD,200895,23086,93429
2025-07-29,CAD,201852,20884,97317
2025-08-05,CAD,214849,23589,103009
2025-08-12,CAD,221109,20898,110975
2025-08-19,CAD,220859,19028,112107
2025-08-26,CAD,227180,20397,125412
2025-09-02,CAD,225322,16584,125560
2025-09-09,CAD,249304,18704,127621
2025-09-16,CAD,266847,20975,128152
2025-09-23,CAD,212186,18035,132841
2025-09-30,CAD,240191,29920,149825
2025-10-07,CAD,261636,29514,166232
2025-10-14,CAD,269924,27162,164755
2025-10-21,CAD,272419,28098,173206
2025-10-28,CAD,278750,28366,178410
2025-11-04,CAD,292964,27186,186698
2025-11-10,CAD,289605,23151,180786
2025-11-18,CAD,278400,24252,173351
2025-11-25,CAD,280112,21438,171852
2025-12-02,CAD,274997,19047,169094
2025-12-09,CAD,251868,15794,146394
2025-12-16,CAD,244427,25653,112293
2025-12-23,CAD,197138,41739,97532
2025-12-30,CAD,211171,52787,93298
2026-01-06,CAD,218740,56931,97516
2026-01-13,CAD,219263,62705,104955
2026-01-20,CAD,213597,59456,101241
2026-01-27,CAD,227204,77169,93215
2026-02-03,CAD,216252,77397,75267
2026-02-10,CAD,215037,84554,71278
2026-02-17,CAD,218415,89601,63775
2026-02-24,CAD,222562,92812,65234
2026-03-03,CAD,232433,94008,72958
2026-03-10,CAD,288392,93899,57740
2026-03-17,CAD,247753,66507,65621
2026-03-24,CAD,182798,62382,63984
2026-03-31,CAD,217085,56421,89105
2026-04-07,CAD,240735,60714,116362
2026-04-14,CAD,259258,54249,132521
2026-04-21,CAD,255128,60889,119723
2026-04-28,CAD,252679,66517,104993
2026-05-05,CAD,243793,73650,88309
2026-05-12,CAD,251467,77042,93284
2026-05-19,CAD,292877,72674,103905
2026-05-26,CAD,297944,53676,122558
2026-06-02,CAD,305869,37723,131834
2026-06-09,CAD,383773,37944,157943
2026-06-16,CAD,492468,39686,172587
2026-06-23,CAD,342860,39429,186221
2026-06-30,CAD,346500,37989,188795
2026-07-07,CAD,363847,31566,204692
2026-07-14,CAD,368792,29712,205991
2026-07-21,CAD,365599,27007,201455
2026-07-28,CAD,372447,22500,198810
2026-08-04,CAD,365083,13514,192609
2026-08-11,CAD,364104,12854,186216
2026-08-18,CAD,359585,22985,181151
2026-08-25,CAD,329544,36266,157788
2026-09-01,CAD,334800,36262,144405
2026-09-08,CAD,334861,54444,124943
2026-09-15,CAD,358186,73950,111527
2026-09-22,CAD,311085,86030,139240
2000-01-04,CHF,43280,3924,13839
2000-01-11,CHF,49828,10610,10664
2000-01-18,CHF,57549,9553,19560
2000-01-25,CHF,60956,3530,24041
2000-02-01,CHF,68474,981,33394
2000-02-08,CHF,70946,1905,33431
2000-02-15,CHF,69682,2726,30313
2000-02-22,CHF,68268,5776,24513
2000-02-29,CHF,69567,1703,28415
2000-03-07,CHF,73487,1798,28066
2000-03-14,CHF,46462,869,25943
2000-03-21,CHF,48014,895,28498
2000-03-28,CHF,39624,3079,14645
2000-04-04,CHF,39166,3885,13560
2000-04-11,CHF,40415,3735,13363
2000-04-18,CHF,41355,2771,16245
2000-04-25,CHF,44731,1775,19394
2000-05-02,CHF,44747,1491,20164
2000-05-09,CHF,46044,1827,22566
2000-05-16,CHF,44802,513,19745
2000-05-23,CHF,47495,1061,19046
2000-05-30,CHF,43436,1659,11935
2000-06-06,CHF,40281,2740,5164
2000-06-13,CHF,48130,10451,1506
2000-06-20,CHF,35076,10376,0
2000-06-27,CHF,32663,8015,0
2000-07-05,CHF,36413,8702,0
2000-07-11,CHF,35282,10607,1147
2000-07-18,CHF,39293,6858,5472
2000-07-25,CHF,38246,1956,4316
2000-08-01,CHF,37775,2059,4966
2000-08-08,CHF,49510,456,17451
2000-08-15,CHF,51065,465,17384
2000-08-22,CHF,55008,17,21507
2000-08-29,CHF,54174,0,21678
2000-09-05,CHF,60790,35,21899
2000-09-12,CHF,67266,0,22852
2000-09-19,CHF,47704,710,23091
2000-09-26,CHF,43443,1211,16988
2000-10-03,CHF,42626,1611,16943
2000-10-10,CHF,44566,1924,15817
2000-10-17,CHF,48582,181,17693
2000-10-24,CHF,49114,181,18186
2000-10-31,CHF,51334,524,17817
2000-11-07,CHF,48949,1000,14199
2000-11-14,CHF,48360,1684,14101
2000-11-21,CHF,49098,1236,15936
2000-11-28,CHF,49675,1275,12438
2000-12-05,CHF,55840,8363,3238
2000-12-12,CHF,64186,12326,3237
2000-12-19,CHF,40067,12627,3787
2000-12-26,CHF,43449,13366,2212
2001-01-02,CHF,47926,13683,2197
2001-01-09,CHF,48022,14003,2044
2001-01-16,CHF,49883,15468,2155
2001-01-23,CHF,52944,15721,2053
2001-01-30,CHF,51103,13453,2616
2001-02-06,CHF,46904,11447,3022
2001-02-13,CHF,45106,10124,2537
2001-02-20,CHF,41578,2548,3881
2001-02-27,CHF,41691,3293,5385
2001-03-06,CHF,44450,5879,5683
2001-03-13,CHF,48823,6135,8053
2001-03-20,CHF,38504,1352,15982
2001-03-27,CHF,42018,900,15931
2001-04-03,CHF,40219,860,16176
2001-04-10,CHF,40762,752,16313
2001-04-17,CHF,41101,257,17002
2001-04-24,CHF,43310,274,18296
2001-05-01,CHF,46595,457,21145
2001-05-08,CHF,51497,1674,22098
2001-05-15,CHF,55039,3493,25490
2001-05-22,CHF,57644,3002,27345
2001-05-29,CHF,57880,2901,26605
2001-06-05,CHF,59218,3395,26737
2001-06-12,CHF,78819,3713,25482
2001-06-19,CHF,44886,2256,20748
2001-06-26,CHF,45280,1837,19198
2001-07-03,CHF,59127,2215,30630
2001-07-10,CHF,57247,2254,28572
2001-07-17,CHF,49243,2508,20626
2001-07-24,CHF,52242,11660,6833
2001-07-31,CHF,51045,12633,5964
2001-08-07,CHF,55078,16351,5352
2001-08-14,CHF,60467,20155,3024
2001-08-21,CHF,63620,21545,842
2001-08-28,CHF,64979,21578,1399
2001-09-04,CHF,63213,18879,3517
2001-09-10,CHF,67436,17375,2609
2001-09-18,CHF,49670,22112,444
2001-09-25,CHF,48890,19377,1038
2001-10-02,CHF,48429,18013,855
2001-10-09,CHF,48135,18420,1338
2001-10-16,CHF,47839,17914,953
2001-10-23,CHF,49156,14717,5274
2001-10-30,CHF,52732,16826,4397
2001-11-06,CHF,53393,15330,3294
2001-11-13,CHF,55854,12389,7170
2001-11-20,CHF,51800,8473,8234
2001-11-27,CHF,53351,6369,10953
2001-12-04,CHF,51077,6330,6535
2001-12-11,CHF,56869,4786,5252
2001-12-18,CHF,34232,10882,3749
2001-12-21,CHF,31069,7322,5072
2001-12-28,CHF,34855,2139,11578
2002-01-08,CHF,27704,2120,7985
2002-01-15,CHF,35162,2837,11857
2002-01-22,CHF,33536,4710,8656
2002-01-29,CHF,46672,1943,20313
2002-02-05,CHF,44628,2042,15999
2002-02-12,CHF,42496,2406,16732
2002-02-19,CHF,43256,4406,16636
2002-02-26,CHF,44593,3343,18242
2002-03-05,CHF,45641,1825,14770
2002-03-12,CHF,54877,3056,11092
2002-03-19,CHF,31147,3593,10148
2002-03-26,CHF,33558,6042,10299
2002-04-02,CHF,34709,8992,10733
2002-04-09,CHF,30241,4164,10704
2002-04-16,CHF,32812,6948,10465
2002-04-23,CHF,43483,13604,6834
2002-04-30,CHF,53449,19662,4555
2002-05-07,CHF,55906,19765,4091
2002-05-14,CHF,53559,16917,3602
2002-05-21,CHF,54273,17652,3831
2002-05-28,CHF,55255,15620,3632
2002-06-04,CHF,54699,14226,4204
2002-06-11,CHF,61771,15115,2640
2002-06-18,CHF,41808,16830,2430
2002-06-25,CHF,42093,16138,1618
2002-07-02,CHF,41514,14447,1274
2002-07-09,CHF,40306,13414,1016
2002-07-16,CHF,43504,14649,564
2002-07-23,CHF,43471,13114,0
2002-07-30,CHF,38202,8888,729
2002-08-06,CHF,40136,8571,2084
2002-08-13,CHF,36637,8339,787
2002-08-20,CHF,37675,8139,1916
2002-08-27,CHF,41038,10848,909
2002-09-03,CHF,43187,12597,1666
2002-09-10,CHF,45547,12296,2062
2002-09-17,CHF,31372,1841,7745
2002-09-24,CHF,29978,3208,6282
2002-10-01,CHF,34820,7551,5446
2002-10-08,CHF,32344,2931,6525
2002-10-15,CHF,34794,3441,6439
2002-10-22,CHF,34064,1589,7744
2002-10-29,CHF,39726,7172,5495
2002-11-05,CHF,46457,15086,4536
2002-11-12,CHF,54699,20436,3195
2002-11-19,CHF,51854,18695,3568
2002-11-26,CHF,39113,9482,3475
2002-12-03,CHF,41297,8857,3549
2002-12-10,CHF,56438,12617,3584
2002-12-17,CHF,45822,21932,2737
2002-12-23,CHF,48996,23980,2157
2002-12-31,CHF,50293,24829,1576
2003-01-07,CHF,51474,24392,1342
2003-01-14,CHF,54413,26106,3076
2003-01-21,CHF,60220,29457,2778
2003-01-28,CHF,57912,27506,2042
2003-02-04,CHF,62069,29146,3400
2003-02-11,CHF,57566,21871,1584
2003-02-18,CHF,55430,17243,2737
2003-02-25,CHF,56247,18644,2801
2003-03-04,CHF,65297,21912,1684
2003-03-11,CHF,76795,22469,1650
2003-03-18,CHF,32564,7649,2617
2003-03-25,CHF,32336,5094,5537
2003-04-01,CHF,33917,5945,3957
2003-04-08,CHF,36072,3574,4794
2003-04-15,CHF,37084,3703,5132
2003-04-22,CHF,38778,6280,8333
2003-04-29,CHF,39583,6251,6577
2003-05-06,CHF,48748,19122,5631
2003-05-13,CHF,53657,19927,4301
2003-05-20,CHF,56731,22261,4272
2003-05-27,CHF,57565,22826,2039
2003-06-03,CHF,56747,20431,4382
2003-06-10,CHF,66764,19468,3328
2003-06-17,CHF,43746,20750,2971
2003-06-24,CHF,38511,12193,3698
2003-07-01,CHF,38413,6909,6530
2003-07-08,CHF,38622,3140,9239
2003-07-15,CHF,41283,3194,12046
2003-07-22,CHF,42920,1855,10880
2003-07-29,CHF,44007,1984,10124
2003-08-05,CHF,43306,1082,9538
2003-08-12,CHF,43172,1556,11558
2003-08-19,CHF,55803,2032,21829
2003-08-26,CHF,59642,2669,22045
2003-09-02,CHF,62339,2179,22268
2003-09-09,CHF,69919,2134,18238
2003-09-16,CHF,43853,600,20534
2003-09-23,CHF,39097,3883,13386
2003-09-30,CHF,43199,10464,8877
2003-10-07,CHF,47583,14236,7170
2003-10-14,CHF,54575,21627,6729
2003-10-21,CHF,56476,20045,8652
2003-10-28,CHF,58372,20403,7304
2003-11-04,CHF,55727,8075,10369
2003-11-11,CHF,61432,2352,18074
2003-11-18,CHF,65394,11879,8928
2003-11-25,CHF,66856,10303,5422
2003-12-02,CHF,71273,13276,4818
2003-12-09,CHF,84218,16850,4499
2003-12-16,CHF,43835,17217,3963
2003-12-22,CHF,44642,16287,4655
2003-12-30,CHF,48615,21637,4854
2004-01-06,CHF,50231,21198,4993
2004-01-13,CHF,48588,19826,4553
2004-01-20,CHF,41755,13858,4826
2004-01-27,CHF,41836,18388,5409
2004-02-03,CHF,40899,15234,5791
2004-02-10,CHF,43840,18974,7971
2004-02-17,CHF,46002,19558,8079
2004-02-24,CHF,41521,12608,7234
2004-03-02,CHF,47795,5518,16298
2004-03-09,CHF,52178,3624,18397
2004-03-16,CHF,36981,3351,12674
2004-03-23,CHF,32617,4130,6992
2004-03-30,CHF,34701,3894,8514
2004-04-06,CHF,44331,4369,17197
2004-04-12,CHF,36138,3865,9806
2004-04-20,CHF,38936,3757,12060
2004-04-27,CHF,37889,1374,12466
2004-05-04,CHF,36901,1717,8806
2004-05-11,CHF,38467,1244,8139
2004-05-18,CHF,34868,4633,7231
2004-05-25,CHF,36529,4367,7907
2004-06-01,CHF,45970,12108,6786
2004-06-08,CHF,69978,22670,6408
2004-06-15,CHF,43388,21099,4354
2004-06-22,CHF,42778,18499,1061
2004-06-29,CHF,39116,16232,3883
2004-07-06,CHF,53561,25146,2970
2004-07-13,CHF,60091,29193,2352
2004-07-20,CHF,55778,23981,2818
2004-07-27,CHF,40111,8327,9153
2004-08-03,CHF,42332,3140,15967
2004-08-10,CHF,36349,4420,10849
2004-08-17,CHF,40867,6852,9354
2004-08-24,CHF,40437,4152,10688
2004-08-31,CHF,41657,3707,11890
2004-09-07,CHF,41687,3488,11148
2004-09-28,CHF,29774,5092,10638
2004-10-05,CHF,31092,5092,9852
2004-10-12,CHF,35432,8167,12805
2004-10-19,CHF,49694,22288,10490
2004-10-26,CHF,63595,35403,8072
2004-11-02,CHF,68098,39924,8132
2004-11-09,CHF,77168,46258,5891
2004-11-16,CHF,75763,46659,5654
2004-11-23,CHF,77383,44391,5605
2004-11-30,CHF,75035,42761,3823
2004-12-07,CHF,100269,40393,4345
2004-12-14,CHF,56671,34319,16759
2004-12-21,CHF,56834,30105,18553
2004-12-28,CHF,60282,33728,8739
2005-01-04,CHF,50988,19388,7893
2005-01-11,CHF,53634,11883,11823
2005-01-18,CHF,52151,11217,12317
2005-01-25,CHF,51069,8043,13224
2005-02-01,CHF,51859,6322,13722
2005-02-08,CHF,56861,3371,20545
2005-02-15,CHF,52852,3837,15106
2005-02-22,CHF,54437,4790,8240
2005-03-01,CHF,61956,7313,9216
2005-03-08,CHF,67512,7474,10501
2005-03-15,CHF,41804,10655,10495
2005-03-22,CHF,38278,5242,16598
2005-03-29,CHF,42256,2168,16210
2005-04-05,CHF,47464,1677,20456
2005-04-12,CHF,45692,1677,24441
2005-04-19,CHF,35822,3585,15306
2005-04-26,CHF,34396,3504,12129
2005-05-03,CHF,38584,4889,16219
2005-05-10,CHF,43977,2214,19638
2005-05-17,CHF,60958,1942,30320
2005-05-24,CHF,69873,1762,39433
2005-05-31,CHF,69037,850,40249
2005-06-07,CHF,90020,1943,47255
2005-06-14,CHF,73534,2905,46486
2005-06-21,CHF,71529,1579,43966
2005-06-28,CHF,73119,1764,46185
2005-07-05,CHF,73790,1694,47234
2005-07-12,CHF,69525,2991,40939
2005-07-19,CHF,72416,6019,42511
2005-07-26,CHF,73768,4604,41033
2005-08-02,CHF,71327,4633,35959
2005-08-09,CHF,71277,6045,38256
2005-08-16,CHF,66890,6485,34107
2005-08-23,CHF,67995,3165,40709
2005-08-30,CHF,67721,4008,35884
2005-09-06,CHF,61472,14944,15729
2005-09-13,CHF,60845,4175,19141
2005-09-20,CHF,57198,2488,33398
2005-09-27,CHF,76757,6138,49869
2005-10-04,CHF,87779,9973,57099
2005-10-11,CHF,72377,13572,38859
2005-10-18,CHF,80322,13958,44940
2005-10-25,CHF,66764,12814,33657
2005-11-01,CHF,69574,13637,35416
2005-11-08,CHF,84753,13830,48500
2005-11-15,CHF,98446,15132,60166
2005-11-22,CHF,100881,15191,63398
2005-11-29,CHF,99363,14195,62611
2005-12-06,CHF,105413,16550,65909
2005-12-13,CHF,113909,13937,53798
2005-12-20,CHF,75904,5247,39314
2005-12-27,CHF,86551,9032,47358
2006-01-03,CHF,77368,15002,31513
2006-01-10,CHF,79029,24138,24378
2006-01-17,CHF,80480,21356,19896
2006-01-24,CHF,85876,24328,19965
2006-01-31,CHF,84122,26222,25239
2006-02-07,CHF,92132,23624,38314
2006-02-14,CHF,108343,21612,52800
2006-02-21,CHF,112408,23789,60764
2006-02-28,CHF,134418,16309,84571
2006-03-07,CHF,127779,15975,62198
2006-03-14,CHF,93713,7429,55807
2006-03-21,CHF,83307,3462,50327
2006-03-28,CHF,84695,5820,51155
2006-04-04,CHF,79020,7412,45540
2006-04-11,CHF,78605,6470,35121
2006-04-18,CHF,80925,10744,32912
2006-04-25,CHF,84075,12113,36542
2006-05-02,CHF,89956,17518,30147
2006-05-09,CHF,94856,18306,29319
2006-05-16,CHF,100736,23935,25516
2006-05-23,CHF,101734,30138,21756
2006-05-30,CHF,100852,30264,19733
2006-06-06,CHF,107626,26639,17319
2006-06-13,CHF,122926,21176,24058
2006-06-20,CHF,57617,20297,25769
2006-06-27,CHF,63556,14509,30398
2006-07-03,CHF,58809,21327,25641
2006-07-11,CHF,62771,20120,27379
2006-07-18,CHF,69612,18116,33533
2006-07-25,CHF,73560,16611,37571
2006-08-01,CHF,65105,17487,26881
2006-08-08,CHF,72643,21484,36337
2006-08-15,CHF,66021,13082,28329
2006-08-22,CHF,68484,16847,27312
2006-08-29,CHF,68787,12618,25253
2006-09-05,CHF,70053,11221,30367
2006-09-12,CHF,98012,12013,45254
2006-09-19,CHF,76994,10111,54145
2006-09-26,CHF,69977,10497,39517
2006-10-03,CHF,72687,10759,40886
2006-10-10,CHF,95979,8870,69290
2006-10-17,CHF,105046,10504,77712
2006-10-24,CHF,107816,9331,79554
2006-10-31,CHF,89968,11230,58299
2006-11-07,CHF,103184,14326,70027
2006-11-14,CHF,87935,9883,52428
2006-11-21,CHF,84320,10633,49430
2006-11-28,CHF,78706,21961,35864
2006-12-05,CHF,80908,25835,32303
2006-12-12,CHF,92840,24981,34753
2006-12-19,CHF,54652,18315,29153
2006-12-26,CHF,57050,17614,29899
2007-01-03,CHF,64732,11280,34078
2007-01-09,CHF,80925,7698,48069
2007-01-16,CHF,83803,6476,48724
2007-01-23,CHF,83065,5290,49371
2007-01-30,CHF,99642,5819,65399
2007-02-06,CHF,93536,9393,52318
2007-02-13,CHF,107988,6693,70099
2007-02-20,CHF,100274,5525,61078
2007-02-27,CHF,103378,15823,60508
2007-03-06,CHF,83320,16859,38726
2007-03-13,CHF,88190,15012,39903
2007-03-20,CHF,53302,16020,31022
2007-03-27,CHF,52720,18597,30156
2007-04-03,CHF,57666,10294,37559
2007-04-10,CHF,58718,13453,36659
2007-04-17,CHF,67565,17907,40279
2007-04-24,CHF,77956,23229,40080
2007-05-01,CHF,79989,16669,47839
2007-05-08,CHF,81736,14860,49212
2007-05-15,CHF,81328,17093,51838
2007-05-22,CHF,100303,9372,75241
2007-05-29,CHF,97517,9644,68852
2007-06-05,CHF,99547,11536,69788
2007-06-12,CHF,155140,10341,89522
2007-06-19,CHF,110556,6682,86013
2007-06-26,CHF,101945,8303,67134
2007-07-03,CHF,95030,14876,48451
2007-07-10,CHF,102992,20339,58411
2007-07-17,CHF,110578,24189,59743
2007-07-24,CHF,115383,21909,64786
2007-07-31,CHF,116838,28309,42942
2007-08-07,CHF,121823,34401,36705
2007-08-14,CHF,117264,26255,40245
2007-08-21,CHF,111735,14642,31921
2007-08-28,CHF,118870,17923,36046
2007-09-04,CHF,131156,12078,46553
2007-09-11,CHF,136045,26527,23866
2007-09-18,CHF,66122,28647,23158
2007-09-25,CHF,70582,32958,26666
2007-10-02,CHF,75617,31596,34674
2007-10-09,CHF,70197,28185,32276
2007-10-16,CHF,76520,26550,34739
2007-10-23,CHF,69629,26611,24101
2007-10-30,CHF,72401,32274,21484
2007-11-06,CHF,86821,32575,30156
2007-11-13,CHF,77136,33093,17590
2007-11-20,CHF,83181,37165,23433
2007-11-27,CHF,81879,37072,23870
2007-12-04,CHF,77920,30533,23490
2007-12-11,CHF,86792,26684,24751
2007-12-18,CHF,60246,14677,21661
2007-12-24,CHF,60681,12643,24140
2007-12-31,CHF,61358,18502,23121
2008-01-08,CHF,62749,21345,23516
2008-01-15,CHF,67556,25415,20253
2008-01-22,CHF,71705,28949,13573
2008-01-29,CHF,70806,28578,19345
2008-02-05,CHF,64353,22588,19802
2008-02-12,CHF,57989,17550,14370
2008-02-19,CHF,68500,23979,22992
2008-02-26,CHF,78947,32085,23313
2008-03-04,CHF,81574,24647,24480
2008-03-11,CHF,90384,25646,29894
2008-03-18,CHF,54366,24560,13336
2008-03-25,CHF,57488,30768,19987
2008-04-01,CHF,56967,30785,21904
2008-04-08,CHF,57506,24145,23228
2008-04-15,CHF,61278,27058,21824
2008-04-22,CHF,59593,24731,21722
2008-04-29,CHF,59678,26625,19624
2008-05-06,CHF,63405,19125,23262
2008-05-13,CHF,69188,13758,31194
2008-05-20,CHF,62984,19037,23980
2008-05-27,CHF,69571,18907,28756
2008-06-03,CHF,65317,14128,21399
2008-06-10,CHF,68666,15820,19552
2008-06-17,CHF,44091,10824,19738
2008-06-24,CHF,45574,14081,16482
2008-07-01,CHF,56638,26040,19433
2008-07-08,CHF,52188,18085,22782
2008-07-15,CHF,63754,32874,17830
2008-07-22,CHF,51791,17900,19566
2008-07-29,CHF,56449,17401,22056
2008-08-05,CHF,59128,14986,23969
2008-08-12,CHF,58312,13555,21938
2008-08-19,CHF,62081,9683,23085
2008-08-26,CHF,65910,12148,25477
2008-09-02,CHF,64084,12059,25322
2008-09-09,CHF,70332,11076,25991
2008-09-16,CHF,39036,7451,20899
2008-09-23,CHF,42296,8345,16452
2008-09-30,CHF,39047,5953,17402
2008-10-07,CHF,39137,8291,19820
2008-10-14,CHF,38302,5222,18304
2008-10-21,CHF,39838,3953,19875
2008-10-28,CHF,39184,5726,20042
2008-11-04,CHF,41403,7416,14617
2008-11-11,CHF,39893,4826,14982
2008-11-18,CHF,43937,5740,19329
2008-11-25,CHF,42747,3653,20066
2008-12-02,CHF,42123,2328,20568
2008-12-09,CHF,38990,1620,15694
2008-12-16,CHF,20142,1826,7137
2008-12-22,CHF,24773,4310,8466
2008-12-30,CHF,25073,4968,8815
2009-01-06,CHF,25435,5978,11845
2009-01-13,CHF,24703,4826,11060
2009-01-20,CHF,24527,5135,11509
2009-01-27,CHF,28119,4319,14507
2009-02-03,CHF,29006,3801,14941
2009-02-10,CHF,32070,3613,15134
2009-02-17,CHF,34470,4848,15986
2009-02-24,CHF,33873,5137,16325
2009-03-03,CHF,36848,4253,17163
2009-03-10,CHF,39747,4784,16237
2009-03-17,CHF,31126,5942,14380
2009-03-24,CHF,27937,6311,9459
2009-03-31,CHF,27578,4068,8479
2009-04-07,CHF,25914,3895,7436
2009-04-14,CHF,27406,3404,8459
2009-04-21,CHF,33601,5718,17803
2009-04-28,CHF,27107,4907,9829
2009-05-05,CHF,26366,4756,5499
2009-05-12,CHF,32340,8692,7073
2009-05-19,CHF,35951,11497,6888
2009-05-26,CHF,39627,13929,7255
2009-06-02,CHF,42429,15412,6813
2009-06-09,CHF,48715,14879,6405
2009-06-16,CHF,30453,16146,8244
2009-06-23,CHF,39777,22023,7615
2009-06-30,CHF,32774,16623,5933
2009-07-07,CHF,33308,16476,5422
2009-07-14,CHF,33833,16950,6158
2009-07-21,CHF,39639,20182,6985
2009-07-28,CHF,37313,18808,4638
2009-08-04,CHF,42223,21341,6829
2009-08-11,CHF,32801,10962,10999
2009-08-18,CHF,30291,12121,5366
2009-08-25,CHF,46196,23649,6851
2009-09-01,CHF,44607,19627,5375
2009-09-08,CHF,52293,23371,5234
2009-09-15,CHF,45016,24026,5835
2009-09-22,CHF,52087,28968,5177
2009-09-29,CHF,45542,22857,5264
2009-10-06,CHF,49587,28261,4791
2009-10-13,CHF,50413,27537,5258
2009-10-20,CHF,54748,30017,6164
2009-10-27,CHF,50703,24104,6259
2009-11-03,CHF,46414,21171,2506
2009-11-09,CHF,53280,25717,2419
2009-11-17,CHF,54018,25311,3112
2009-11-24,CHF,54159,26136,4019
2009-12-01,CHF,56659,28904,4179
2009-12-08,CHF,49595,20177,6829
2009-12-15,CHF,33591,11305,10844
2009-12-22,CHF,34198,9084,13652
2009-12-29,CHF,38033,10334,17385
2010-01-05,CHF,35161,12488,15268
2010-01-12,CHF,38204,17213,3287
2010-01-19,CHF,37744,17281,3310
2010-01-26,CHF,34075,12421,6716
2010-02-02,CHF,36263,10344,12119
2010-02-09,CHF,42359,9219,16115
2010-02-16,CHF,40881,10763,15430
2010-02-23,CHF,45407,12119,20938
2010-03-02,CHF,42147,11508,17818
2010-03-09,CHF,47810,10727,15872
2010-03-16,CHF,32157,8977,14210
2010-03-23,CHF,30910,9239,10327
2010-03-30,CHF,28290,6735,13275
2010-04-06,CHF,32272,9777,13929
2010-04-13,CHF,33886,10417,15371
2010-04-20,CHF,33431,9838,15220
2010-04-27,CHF,49308,13031,26644
2010-05-04,CHF,51339,12665,29257
2010-05-11,CHF,50562,10020,27547
2010-05-18,CHF,48242,10616,25174
2010-05-25,CHF,48163,11489,24108
2010-06-01,CHF,49959,11139,25863
2010-06-08,CHF,59622,14111,25526
2010-06-15,CHF,44092,8852,25328
2010-06-22,CHF,43561,9620,19885
2010-06-29,CHF,42840,7647,20495
2010-07-06,CHF,45002,7627,15082
2010-07-13,CHF,53056,18237,3647
2010-07-20,CHF,54918,19977,4864
2010-07-27,CHF,55722,15283,9067
2010-08-03,CHF,57976,20302,4079
2010-08-10,CHF,52566,16775,5874
2010-08-17,CHF,54560,18041,6291
2010-08-24,CHF,57316,20735,6867
2010-08-31,CHF,60655,21185,6904
2010-09-07,CHF,74713,25464,8837
2010-09-14,CHF,49352,27800,13564
2010-09-21,CHF,49910,26272,11810
2010-09-28,CHF,53452,27655,7662
2010-10-05,CHF,56636,31693,9094
2010-10-12,CHF,57722,31504,11557
2010-10-19,CHF,54022,24908,13673
2010-10-26,CHF,50068,24600,12081
2010-11-02,CHF,48129,23363,10898
2010-11-09,CHF,51000,24911,12296
2010-11-16,CHF,44579,18005,10202
2010-11-23,CHF,40065,14709,6198
2010-11-30,CHF,43600,16240,8416
2010-12-07,CHF,42914,18014,9027
2010-12-14,CHF,39804,20794,10078
2010-12-21,CHF,44704,25365,12838
2010-12-28,CHF,46356,24349,10347
2011-01-04,CHF,47484,24487,11455
2011-01-11,CHF,42839,20497,9679
2011-01-18,CHF,41839,19711,12719
2011-01-25,CHF,40470,17675,11081
2011-02-01,CHF,46750,22079,11638
2011-02-08,CHF,47876,22686,14505
2011-02-15,CHF,41934,17467,6949
2011-02-22,CHF,43931,18326,6035
2011-03-01,CHF,57360,29218,11201
2011-03-08,CHF,62936,30841,7180
2011-03-15,CHF,61506,32295,4655
2011-03-22,CHF,56786,24883,3582
2011-03-29,CHF,56730,24184,5227
2011-04-05,CHF,59954,21588,10745
2011-04-12,CHF,61505,22272,7615
2011-04-19,CHF,69281,27271,9897
2011-04-26,CHF,71635,27549,9708
2011-05-03,CHF,72778,28551,10170
2011-05-10,CHF,72312,27905,11569
2011-05-17,CHF,68304,24409,8748
2011-05-24,CHF,66776,23088,8363
2011-05-31,CHF,67713,27846,6727
2011-06-07,CHF,74339,26290,9425
2011-06-14,CHF,54048,25555,12268
2011-06-21,CHF,51304,23700,11887
2011-06-28,CHF,51227,21412,11464
2011-07-05,CHF,47566,15983,10692
2011-07-12,CHF,48630,18139,10058
2011-07-19,CHF,52133,21159,9665
2011-07-26,CHF,53513,21103,13226
2011-08-02,CHF,56911,25593,13252
2011-08-09,CHF,53055,14449,9794
2011-08-16,CHF,48498,13330,4322
2011-08-23,CHF,48964,14889,5252
2011-08-30,CHF,45566,13347,4005
2011-09-06,CHF,45785,12589,5040
2011-09-13,CHF,43828,10409,4916
2011-09-20,CHF,21500,7258,3037
2011-09-27,CHF,23123,6618,4194
2011-10-04,CHF,24964,5110,6219
2011-10-11,CHF,24317,5233,5220
2011-10-18,CHF,26097,3829,6072
2011-10-25,CHF,27697,5077,6280
2011-11-01,CHF,23607,3224,4970
2011-11-08,CHF,25539,6928,4766
2011-11-15,CHF,30206,5308,7212
2011-11-22,CHF,31022,4049,9919
2011-11-29,CHF,37224,4950,14277
2011-12-06,CHF,42548,4358,15516
2011-12-13,CHF,56102,5005,15486
2011-12-20,CHF,33020,10417,13553
2011-12-27,CHF,35741,3829,14627
2012-01-03,CHF,37999,3787,16142
2012-01-10,CHF,41869,5112,17209
2012-01-17,CHF,41577,4649,17471
2012-01-24,CHF,39314,5172,17686
2012-01-31,CHF,40836,6477,17699
2012-02-07,CHF,42826,8331,18126
2012-02-14,CHF,48092,8663,24526
2012-02-21,CHF,51197,7900,27746
2012-02-28,CHF,52360,9775,29166
2012-03-06,CHF,53649,8114,27592
2012-03-13,CHF,56305,9351,24149
2012-03-20,CHF,43616,11747,22938
2012-03-27,CHF,42852,6293,21389
2012-04-03,CHF,43624,6615,21291
2012-04-10,CHF,39995,6548,16467
2012-04-17,CHF,41358,6040,19802
2012-04-24,CHF,40155,4312,20953
2012-05-01,CHF,41657,5692,20003
2012-05-08,CHF,45717,4980,21474
2012-05-15,CHF,63543,6127,32821
2012-05-22,CHF,71832,4901,39752
2012-05-29,CHF,71895,6882,37478
2012-06-05,CHF,71967,5747,39395
2012-06-12,CHF,92023,5220,38521
2012-06-19,CHF,55756,24108,31115
2012-06-26,CHF,52447,4637,28473
2012-07-03,CHF,53322,5263,24323
2012-07-10,CHF,58117,5815,23399
2012-07-17,CHF,62836,6209,29299
2012-07-24,CHF,64375,5102,31047
2012-07-31,CHF,59536,5409,24217
2012-08-07,CHF,56379,6771,24686
2012-08-14,CHF,56773,6140,24994
2012-08-21,CHF,54619,5921,21583
2012-08-28,CHF,55426,10684,22145
2012-09-04,CHF,55949,9013,22125
2012-09-11,CHF,58031,11648,20615
2012-09-18,CHF,38449,13626,18153
2012-09-25,CHF,37328,13567,14471
2012-10-02,CHF,37313,12641,13625
2012-10-09,CHF,35264,11676,11982
2012-10-16,CHF,36487,10289,11481
2012-10-23,CHF,36769,10756,8395
2012-10-30,CHF,37591,11785,9419
2012-11-06,CHF,40311,13509,13812
2012-11-13,CHF,46940,11388,20276
2012-11-20,CHF,46210,7220,19708
2012-11-27,CHF,42767,9744,13111
2012-12-04,CHF,44798,11722,11086
2012-12-11,CHF,48835,11243,8034
2012-12-18,CHF,43412,17361,13081
2012-12-24,CHF,48634,21897,10462
2012-12-31,CHF,50182,23800,12169
2013-01-08,CHF,46716,19604,9343
2013-01-15,CHF,43176,19007,6237
2013-01-22,CHF,39483,15232,8848
2013-01-29,CHF,38618,11994,7846
2013-02-05,CHF,43585,13091,9215
2013-02-12,CHF,41850,12113,7561
2013-02-19,CHF,42833,11069,11744
2013-02-26,CHF,47602,8165,16356
2013-03-05,CHF,55311,7092,18542
2013-03-12,CHF,69408,6206,19694
2013-03-19,CHF,50580,11143,22139
2013-03-26,CHF,49575,8668,20866
2013-04-02,CHF,51473,9789,21804
2013-04-09,CHF,42751,6570,16584
2013-04-16,CHF,53769,14954,18207
2013-04-23,CHF,50101,13249,12070
2013-04-30,CHF,50872,8132,16396
2013-05-07,CHF,49245,7291,13526
2013-05-14,CHF,58084,9550,24960
2013-05-21,CHF,65146,8814,28744
2013-05-28,CHF,70015,7936,36908
2013-06-04,CHF,64552,5871,31674
2013-06-11,CHF,65244,6576,27314
2013-06-18,CHF,33846,14977,9186
2013-06-25,CHF,31477,9932,7468
2013-07-02,CHF,31795,8919,9035
2013-07-09,CHF,39437,12307,14083
2013-07-16,CHF,40258,10754,15723
2013-07-23,CHF,34906,6339,11772
2013-07-30,CHF,34099,9531,10792
2013-08-06,CHF,34942,8756,9081
2013-08-13,CHF,37584,10626,8490
2013-08-20,CHF,41138,12061,11770
2013-08-27,CHF,41682,11596,11194
2013-09-03,CHF,40091,10809,9750
2013-09-10,CHF,38760,10598,10178
2013-09-17,CHF,29094,9992,9376
2013-09-24,CHF,39512,15129,9384
2013-10-01,CHF,45298,17898,11262
2013-10-08,CHF,51017,20313,9898
2013-10-15,CHF,50287,21757,10990
2013-10-22,CHF,52402,22175,11244
2013-10-29,CHF,54705,22727,11276
2013-11-05,CHF,52752,20479,12384
2013-11-12,CHF,44399,14122,10933
2013-11-19,CHF,41770,13098,9429
2013-11-26,CHF,42421,13012,8360
2013-12-03,CHF,45862,14489,7942
2013-12-10,CHF,64506,22213,10215
2013-12-17,CHF,47367,25292,13337
2013-12-24,CHF,51131,26537,14617
2013-12-31,CHF,51139,26507,15618
2014-01-07,CHF,42087,18813,14086
2014-01-14,CHF,42791,12601,15542
2014-01-21,CHF,42110,11645,13566
2014-01-28,CHF,40869,11389,11830
2014-02-04,CHF,41918,13236,11016
2014-02-11,CHF,42433,12166,11611
2014-02-18,CHF,51003,14188,17016
2014-02-25,CHF,55157,19396,19038
2014-03-04,CHF,60532,21818,19650
2014-03-11,CHF,66889,23097,14140
2014-03-18,CHF,49391,25311,10195
2014-03-25,CHF,47353,25037,10218
2014-04-01,CHF,47228,24800,10569
2014-04-08,CHF,44752,19275,7940
2014-04-15,CHF,48976,23905,9839
2014-04-22,CHF,46888,21732,7709
2014-04-29,CHF,47424,21960,8257
2014-05-06,CHF,55538,25102,11918
2014-05-13,CHF,45282,16951,10145
2014-05-20,CHF,48803,17387,12368
2014-05-27,CHF,48284,11559,15431
2014-06-03,CHF,48936,11907,13919
2014-06-10,CHF,52445,9615,12645
2014-06-17,CHF,32259,15296,11776
2014-06-24,CHF,33599,9069,14441
2014-07-01,CHF,35221,9731,16991
2014-07-08,CHF,35053,9136,15949
2014-07-15,CHF,35007,8799,15061
2014-07-22,CHF,38359,9642,17022
2014-07-29,CHF,44022,8665,20429
2014-08-05,CHF,57238,9247,28100
2014-08-12,CHF,51981,5247,22606
2014-08-19,CHF,50414,6174,21666
2014-08-26,CHF,53761,7466,20505
2014-09-02,CHF,60436,9166,22333
2014-09-09,CHF,77317,9856,23681
2014-09-16,CHF,54929,12889,24285
2014-09-23,CHF,52124,8354,21729
2014-09-30,CHF,57223,11998,24555
2014-10-07,CHF,60516,15509,27928
2014-10-14,CHF,60968,11113,28666
2014-10-21,CHF,55550,7643,25505
2014-10-28,CHF,57006,6887,27170
2014-11-04,CHF,59699,7844,28065
2014-11-11,CHF,61280,8752,31427
2014-11-18,CHF,60718,9142,31258
2014-11-25,CHF,61037,8153,31577
2014-12-02,CHF,63659,8628,31550
2014-12-09,CHF,78496,8971,31068
2014-12-16,CHF,51377,18905,22560
2014-12-23,CHF,55021,6514,23360
2014-12-30,CHF,57951,8851,25396
2015-01-06,CHF,64427,5547,29718
2015-01-13,CHF,66272,4922,31366
2015-01-20,CHF,47236,8226,18035
2015-01-27,CHF,42956,8841,16214
2015-02-03,CHF,38421,8383,13733
2015-02-10,CHF,34459,5771,11257
2015-02-17,CHF,34204,4740,10784
2015-02-24,CHF,34765,5228,10313
2015-03-03,CHF,40861,7027,13089
2015-03-10,CHF,52384,7217,15597
2015-03-17,CHF,38889,18129,15894
2015-03-24,CHF,36296,12604,16559
2015-03-31,CHF,34149,13679,12973
2015-04-07,CHF,33245,12746,12626
2015-04-14,CHF,33935,12240,12070
2015-04-21,CHF,31727,11105,10770
2015-04-28,CHF,31585,11144,9809
2015-05-05,CHF,34449,14174,8843
2015-05-12,CHF,33465,14778,4228
2015-05-19,CHF,31796,12114,2709
2015-05-26,CHF,30432,11202,2872
2015-06-02,CHF,32449,12514,4155
2015-06-09,CHF,33813,13515,3386
2015-06-16,CHF,19852,8858,3500
2015-06-23,CHF,21869,9910,2838
2015-06-30,CHF,21472,9559,2704
2015-07-07,CHF,23740,9225,3104
2015-07-14,CHF,22390,6498,3417
2015-07-21,CHF,28424,9881,6464
2015-07-28,CHF,32365,9761,9637
2015-08-04,CHF,37399,11364,12830
2015-08-11,CHF,43677,9668,16680
2015-08-18,CHF,43588,8183,18051
2015-08-25,CHF,37901,4889,17486
2015-09-01,CHF,36203,5442,13945
2015-09-08,CHF,40937,5585,12481
2015-09-15,CHF,37846,19039,15257
2015-09-22,CHF,36981,13722,15598
2015-09-29,CHF,38229,13266,15981
2015-10-06,CHF,38826,12406,16376
2015-10-13,CHF,34934,10863,13215
2015-10-20,CHF,35628,11997,11372
2015-10-27,CHF,38453,13947,12448
2015-11-03,CHF,51953,17792,24827
2015-11-10,CHF,60031,18945,28255
2015-11-17,CHF,67119,19014,34343
2015-11-24,CHF,72945,18314,40523
2015-12-01,CHF,78546,18313,43102
2015-12-08,CHF,77258,11538,37078
2015-12-15,CHF,52468,29710,27759
2015-12-22,CHF,50265,27646,24894
2015-12-29,CHF,49114,26836,23272
2016-01-05,CHF,50276,26419,22799
2016-01-12,CHF,46428,24484,21160
2016-01-19,CHF,49290,25191,24285
2016-01-26,CHF,55694,24932,29435
2016-02-02,CHF,59370,25970,30665
2016-02-09,CHF,52701,20356,27624
2016-02-16,CHF,48564,20141,24507
2016-02-23,CHF,47838,20213,22534
2016-03-01,CHF,47634,19723,21230
2016-03-08,CHF,49744,19735,19864
2016-03-15,CHF,40250,22619,17357
2016-03-22,CHF,37656,19391,15205
2016-03-29,CHF,35601,17932,13285
2016-04-05,CHF,36411,16564,10915
2016-04-12,CHF,39757,17478,9240
2016-04-19,CHF,43212,19859,10449
2016-04-26,CHF,42860,23990,14725
2016-05-03,CHF,41656,21297,14468
2016-05-10,CHF,42701,22674,15757
2016-05-17,CHF,44754,22463,18316
2016-05-24,CHF,52142,24884,20930
2016-05-31,CHF,57175,24291,24162
2016-06-07,CHF,62626,21644,31289
2016-06-14,CHF,43110,28492,21362
2016-06-21,CHF,38535,24016,17635
2016-06-28,CHF,35507,22905,12038
2016-07-05,CHF,34796,22474,13796
2016-07-12,CHF,39010,23330,16612
2016-07-19,CHF,41766,23191,18504
2016-07-26,CHF,51507,26807,25861
2016-08-02,CHF,44853,21216,22931
2016-08-09,CHF,43405,20426,20319
2016-08-16,CHF,42786,19996,21541
2016-08-23,CHF,39554,20921,19036
2016-08-30,CHF,42294,24557,16349
2016-09-06,CHF,45795,22819,21368
2016-09-13,CHF,44748,20853,19505
2016-09-20,CHF,40838,27281,18868
2016-09-27,CHF,38969,12803,18759
2016-10-04,CHF,46330,19293,22229
2016-10-11,CHF,55747,20146,29554
2016-10-18,CHF,63226,18329,34706
2016-10-25,CHF,67211,18828,37528
2016-11-01,CHF,59698,12744,32714
2016-11-08,CHF,53632,6806,30097
2016-11-15,CHF,54533,7005,29199
2016-11-22,CHF,60191,9515,32415
2016-11-29,CHF,67062,13027,37361
2016-12-06,CHF,65455,9859,35256
2016-12-13,CHF,64633,5600,30888
2016-12-20,CHF,55185,33476,26366
2016-12-27,CHF,54605,14303,24394
2017-01-03,CHF,53455,11813,25252
2017-01-10,CHF,50253,10012,24258
2017-01-17,CHF,45713,7166,20849
2017-01-24,CHF,45493,6198,19842
2017-01-31,CHF,49558,6812,23952
2017-02-07,CHF,48883,7059,21680
2017-02-14,CHF,47482,6608,18092
2017-02-21,CHF,48398,6945,15881
2017-02-28,CHF,46601,3569,15383
2017-03-07,CHF,56508,12718,22734
2017-03-14,CHF,45623,12950,21947
2017-03-21,CHF,42613,9089,21068
2017-03-28,CHF,42124,6886,23278
2017-04-04,CHF,39010,5694,19519
2017-04-11,CHF,46768,13107,23235
2017-04-18,CHF,48435,10830,24632
2017-04-25,CHF,46882,7654,24971
2017-05-02,CHF,43343,4448,22156
2017-05-09,CHF,48410,8480,23676
2017-05-16,CHF,48928,3946,25108
2017-05-23,CHF,51178,6118,25903
2017-05-30,CHF,54403,8735,27247
2017-06-06,CHF,51728,6752,23307
2017-06-13,CHF,55138,8518,22978
2017-06-20,CHF,35051,11275,14257
2017-06-27,CHF,37364,11218,15887
2017-07-03,CHF,38491,10928,11041
2017-07-11,CHF,37943,10359,10151
2017-07-18,CHF,43183,13832,17499
2017-07-25,CHF,45005,14893,16443
2017-08-01,CHF,39812,13536,12096
2017-08-08,CHF,43122,15268,16670
2017-08-15,CHF,39380,12556,13737
2017-08-22,CHF,40420,12168,14155
2017-08-29,CHF,42067,13209,14987
2017-09-05,CHF,42019,11892,14063
2017-09-12,CHF,44076,13556,14870
2017-09-19,CHF,35451,13387,14956
2017-09-26,CHF,39765,14926,16788
2017-10-03,CHF,44571,17614,20907
2017-10-10,CHF,49039,18211,22473
2017-10-17,CHF,55168,22174,27105
2017-10-24,CHF,63892,22539,34136
2017-10-31,CHF,74717,21001,41672
2017-11-07,CHF,79116,19568,44678
2017-11-14,CHF,81661,19470,47453
2017-11-21,CHF,82906,20821,50561
2017-11-28,CHF,79544,17581,47765
2017-12-05,CHF,80778,17891,47458
2017-12-12,CHF,95115,19349,48114
2017-12-19,CHF,78872,29875,47270
2017-12-26,CHF,81655,31959,45861
2018-01-02,CHF,75662,24984,41216
2018-01-09,CHF,77070,18523,40445
2018-01-16,CHF,70214,14233,35339
2018-01-23,CHF,71767,14245,36360
2018-01-30,CHF,72587,16673,37000
2018-02-06,CHF,73968,16898,37139
2018-02-13,CHF,74651,17763,37688
2018-02-20,CHF,69137,17063,32851
2018-02-27,CHF,69018,15888,31887
2018-03-06,CHF,62349,17945,26422
2018-03-13,CHF,63221,17190,23762
2018-03-20,CHF,44305,17431,25677
2018-03-27,CHF,44649,15992,25437
2018-04-03,CHF,48734,17908,27819
2018-04-10,CHF,51144,18370,29114
2018-04-17,CHF,59012,24967,35488
2018-04-24,CHF,71004,29376,39601
2018-05-01,CHF,84228,28810,48266
2018-05-08,CHF,97900,25690,58292
2018-05-15,CHF,103691,25724,62117
2018-05-22,CHF,104258,25386,62697
2018-05-29,CHF,107190,19744,63175
2018-06-05,CHF,100867,16349,55565
2018-06-12,CHF,101245,13020,50265
2018-06-19,CHF,93601,18837,50794
2018-06-26,CHF,92933,13242,51273
2018-07-03,CHF,91196,9599,50093
2018-07-10,CHF,89910,8308,48429
2018-07-17,CHF,91952,7320,49463
2018-07-24,CHF,91838,4764,50572
2018-07-31,CHF,91099,6190,50612
2018-08-07,CHF,90930,5728,51836
2018-08-14,CHF,90768,5424,51273
2018-08-21,CHF,90905,6302,53520
2018-08-28,CHF,85366,5884,50628
2018-09-04,CHF,80733,7973,48367
2018-09-11,CHF,79879,7676,43026
2018-09-18,CHF,54251,9875,28313
2018-09-25,CHF,53927,10394,26477
2018-10-02,CHF,54650,11848,25250
2018-10-09,CHF,61862,14990,27793
2018-10-16,CHF,64635,13505,30029
2018-10-23,CHF,69685,13213,30318
2018-10-30,CHF,75835,18851,33373
2018-11-06,CHF,77205,16747,36695
2018-11-13,CHF,77629,15841,34443
2018-11-20,CHF,81100,17418,37043
2018-11-27,CHF,78973,16871,37939
2018-12-04,CHF,79008,17913,37708
2018-12-11,CHF,81518,16858,35125
2018-12-18,CHF,70943,8437,31363
2018-12-24,CHF,70711,6830,30159
2018-12-31,CHF,67730,5931,31461
2019-01-08,CHF,67100,5724,28910
2019-01-15,CHF,62523,5870,21164
2019-01-22,CHF,63095,6091,22493
2019-01-29,CHF,65004,6826,24906
2019-02-05,CHF,68402,9664,27778
2019-02-12,CHF,72014,10246,30926
2019-02-19,CHF,74612,9497,32847
2019-02-26,CHF,75277,8777,34126
2019-03-05,CHF,79621,11993,36097
2019-03-12,CHF,85572,12174,35479
2019-03-19,CHF,75896,7626,34815
2019-03-26,CHF,72539,5759,33054
2019-04-02,CHF,73617,7280,33546
2019-04-09,CHF,74157,7285,35431
2019-04-16,CHF,81940,6571,39155
2019-04-23,CHF,94115,9639,47175
2019-04-30,CHF,102722,14239,53985
2019-05-07,CHF,101595,12383,51962
2019-05-14,CHF,93782,7646,47656
2019-05-21,CHF,88283,5270,42765
2019-05-28,CHF,85660,4644,39319
2019-06-04,CHF,82843,4541,40606
2019-06-11,CHF,72177,4466,29254
2019-06-18,CHF,58961,6317,21801
2019-06-25,CHF,55740,7030,23511
2019-07-02,CHF,50766,5672,16414
2019-07-09,CHF,51844,7149,17577
2019-07-16,CHF,52203,5962,17694
2019-07-23,CHF,53369,6886,20079
2019-07-30,CHF,57805,10821,25309
2019-08-06,CHF,56716,8395,24826
2019-08-13,CHF,54267,7760,20712
2019-08-20,CHF,54941,7925,19042
2019-08-27,CHF,55251,14235,18035
2019-09-03,CHF,60867,16362,22201
2019-09-10,CHF,64165,16087,18979
2019-09-17,CHF,52487,15125,19681
2019-09-24,CHF,56934,14279,24831
2019-10-01,CHF,65484,18245,29780
2019-10-08,CHF,64837,15252,26299
2019-10-15,CHF,64763,13534,26300
2019-10-22,CHF,61619,13051,24386
2019-10-29,CHF,65712,14334,26818
2019-11-05,CHF,67855,14048,28201
2019-11-12,CHF,68066,12824,27944
2019-11-19,CHF,68223,11573,27765
2019-11-26,CHF,77318,14767,35742
2019-12-03,CHF,79183,15119,37406
2019-12-10,CHF,75650,10182,31047
2019-12-17,CHF,61630,13762,24836
2019-12-24,CHF,60450,14516,24195
2019-12-31,CHF,55514,14549,20274
2020-01-07,CHF,49365,11298,15767
2020-01-14,CHF,49118,12417,12609
2020-01-21,CHF,50368,12375,10839
2020-01-28,CHF,51440,12969,9472
2020-02-04,CHF,49855,14261,9342
2020-02-11,CHF,51465,15937,12170
2020-02-18,CHF,52520,17057,15516
2020-02-25,CHF,57192,19914,19298
2020-03-03,CHF,54436,14727,17969
2020-03-10,CHF,50474,13460,12865
2020-03-17,CHF,35254,13963,6589
2020-03-24,CHF,30767,10294,5403
2020-03-31,CHF,29657,10389,5442
2020-04-07,CHF,30391,11186,5582
2020-04-14,CHF,32718,11608,6951
2020-04-21,CHF,35026,12731,7807
2020-04-28,CHF,36326,12474,6898
2020-05-05,CHF,36257,12967,5176
2020-05-12,CHF,40469,12624,5976
2020-05-19,CHF,38746,13678,4950
2020-05-26,CHF,39072,13246,4507
2020-06-02,CHF,40352,13364,4375
2020-06-09,CHF,41580,10463,8697
2020-06-16,CHF,35733,9150,7544
2020-06-23,CHF,42299,11739,10291
2020-06-30,CHF,41400,12796,8458
2020-07-07,CHF,45115,12832,9054
2020-07-14,CHF,48430,16526,9469
2020-07-21,CHF,51006,17761,10382
2020-07-28,CHF,51799,17654,9212
2020-08-04,CHF,56772,21760,10100
2020-08-11,CHF,56592,23084,5919
2020-08-18,CHF,56114,20774,6267
2020-08-25,CHF,53085,18344,6478
2020-09-01,CHF,54037,19263,7666
2020-09-08,CHF,52562,18440,6913
2020-09-15,CHF,52411,18649,6583
2020-09-22,CHF,51875,21684,5768
2020-09-29,CHF,47666,19166,6425
2020-10-06,CHF,45038,16941,3845
2020-10-13,CHF,47725,16896,4724
2020-10-20,CHF,52755,21682,7283
2020-10-27,CHF,52735,22189,6686
2020-11-03,CHF,51092,20775,5880
2020-11-10,CHF,52528,21403,5539
2020-11-17,CHF,50775,19929,5005
2020-11-24,CHF,50388,20117,5131
2020-12-01,CHF,51683,19860,5209
2020-12-08,CHF,54922,16693,6270
2020-12-15,CHF,48913,17177,7886
2020-12-21,CHF,53305,23286,12042
2020-12-29,CHF,52404,21496,9709
2021-01-05,CHF,49028,17386,8014
2021-01-12,CHF,50164,20421,8446
2021-01-19,CHF,48530,17706,8286
2021-01-26,CHF,48337,17638,7546
2021-02-02,CHF,50832,22159,7518
2021-02-09,CHF,48656,18778,7370
2021-02-16,CHF,48093,15745,7374
2021-02-23,CHF,53002,21561,10038
2021-03-02,CHF,52707,21863,9602
2021-03-09,CHF,57348,23614,9221
2021-03-16,CHF,37985,13297,8626
2021-03-23,CHF,38302,12458,9586
2021-03-30,CHF,42770,16086,11817
2021-04-06,CHF,43677,15690,12445
2021-04-13,CHF,42423,12965,12141
2021-04-20,CHF,41266,11264,12906
2021-04-27,CHF,40783,11116,11802
2021-05-04,CHF,39526,10276,10220
2021-05-11,CHF,41585,10381,13232
2021-05-18,CHF,44162,11115,15380
2021-05-25,CHF,43521,12223,13426
2021-06-01,CHF,46004,13940,13616
2021-06-08,CHF,49202,12649,11573
2021-06-15,CHF,37057,14875,5488
2021-06-22,CHF,41889,20980,7428
2021-06-29,CHF,42684,18941,7876
2021-07-06,CHF,44739,19230,9068
2021-07-13,CHF,45704,18074,10937
2021-07-20,CHF,44735,18061,10019
2021-07-27,CHF,44784,18262,9773
2021-08-03,CHF,42456,16522,8979
2021-08-10,CHF,45159,18537,8859
2021-08-17,CHF,44005,14354,8807
2021-08-24,CHF,43703,14608,10514
2021-08-31,CHF,43060,14259,10284
2021-09-07,CHF,44573,11671,11451
2021-09-14,CHF,45513,6170,12048
2021-09-21,CHF,56838,7447,16664
2021-09-28,CHF,58506,6734,18321
2021-10-05,CHF,55970,2274,17953
2021-10-12,CHF,57341,3560,16532
2021-10-19,CHF,55600,2365,19949
2021-10-26,CHF,54305,1246,20625
2021-11-02,CHF,51613,1439,22087
2021-11-09,CHF,51546,4690,21733
2021-11-16,CHF,49320,5502,14391
2021-11-23,CHF,52412,6241,17617
2021-11-30,CHF,50543,3927,18109
2021-12-07,CHF,51229,2838,14891
2021-12-14,CHF,38467,1344,9680
2021-12-21,CHF,40920,2460,11687
2021-12-28,CHF,40122,1043,11761
2022-01-04,CHF,42251,4510,14039
2022-01-11,CHF,42713,4571,12231
2022-01-18,CHF,39871,925,11735
2022-01-25,CHF,39742,1999,10795
2022-02-01,CHF,41054,698,8937
2022-02-08,CHF,41481,1234,10633
2022-02-15,CHF,45522,3652,13367
2022-02-22,CHF,47339,3785,14772
2022-03-01,CHF,47273,1651,16899
2022-03-08,CHF,51820,4856,14566
2022-03-15,CHF,43356,5808,11037
2022-03-22,CHF,44911,6012,14436
2022-03-29,CHF,44327,3292,14871
2022-04-05,CHF,40005,1860,14253
2022-04-12,CHF,41231,1642,15584
2022-04-19,CHF,44269,2900,14350
2022-04-26,CHF,47297,4455,17324
2022-05-03,CHF,49385,4357,18264
2022-05-10,CHF,51282,4727,20490
2022-05-17,CHF,53291,5240,21832
2022-05-24,CHF,49918,1355,21028
2022-05-31,CHF,49579,2641,23099
2022-06-07,CHF,49794,2609,18741
2022-06-14,CHF,39362,4291,11099
2022-06-21,CHF,37669,3068,10225
2022-06-28,CHF,40123,4523,13114
2022-07-05,CHF,38504,3218,13353
2022-07-12,CHF,41255,7017,15741
2022-07-19,CHF,41855,6948,17860
2022-07-26,CHF,44081,8138,19437
2022-08-02,CHF,45874,8170,21478
2022-08-09,CHF,43202,8635,18417
2022-08-16,CHF,39407,7773,12869
2022-08-23,CHF,42471,9541,11946
2022-08-30,CHF,47168,11915,14177
2022-09-06,CHF,48226,10882,14919
2022-09-13,CHF,44853,7704,15009
2022-09-20,CHF,40937,8167,14907
2022-09-27,CHF,44492,7681,13411
2022-10-04,CHF,43121,7816,14668
2022-10-11,CHF,43748,5501,11391
2022-10-18,CHF,44911,7052,14138
2022-10-25,CHF,46594,5538,16838
2022-11-01,CHF,50107,6612,21396
2022-11-08,CHF,49907,4865,22019
2022-11-15,CHF,41966,2271,19098
2022-11-22,CHF,41440,1910,16386
2022-11-29,CHF,41360,1488,15735
2022-12-06,CHF,40171,1343,13573
2022-12-13,CHF,49340,2081,13892
2022-12-20,CHF,30040,5001,9065
2022-12-27,CHF,29851,3929,8060
2023-01-03,CHF,33250,6632,9486
2023-01-10,CHF,33266,3668,11038
2023-01-17,CHF,34300,3919,11860
2023-01-24,CHF,35368,3624,13132
2023-01-31,CHF,38345,5664,13978
2023-02-07,CHF,38842,7052,13420
2023-02-14,CHF,37591,4701,12169
2023-02-21,CHF,39087,7243,13763
2023-02-28,CHF,41991,8876,13793
2023-03-07,CHF,46745,10394,14344
2023-03-14,CHF,39006,3594,13559
2023-03-21,CHF,35837,4853,12150
2023-03-28,CHF,34856,3978,10052
2023-04-04,CHF,37177,2958,10961
2023-04-11,CHF,38272,4155,10889
2023-04-18,CHF,40870,5347,10067
2023-04-25,CHF,41736,6556,10212
2023-05-02,CHF,43251,8230,11229
2023-05-09,CHF,43389,7056,11523
2023-05-16,CHF,43681,8561,10420
2023-05-23,CHF,44808,10267,11170
2023-05-30,CHF,41354,8482,8917
2023-06-06,CHF,44087,11579,12893
2023-06-13,CHF,48163,8386,13429
2023-06-20,CHF,36128,8322,13173
2023-06-27,CHF,37379,6627,11573
2023-07-03,CHF,40639,10634,14038
2023-07-11,CHF,43563,7417,15324
2023-07-18,CHF,43213,6772,16983
2023-07-25,CHF,44180,7804,16235
2023-08-01,CHF,43983,7299,16046
2023-08-08,CHF,43122,8509,13961
2023-08-15,CHF,42794,8693,12700
2023-08-22,CHF,44326,10200,14066
2023-08-29,CHF,43242,8253,12771
2023-09-05,CHF,46670,11494,16819
2023-09-12,CHF,49945,9009,18347
2023-09-19,CHF,46638,12196,20131
2023-09-26,CHF,53900,12377,21492
2023-10-03,CHF,58673,11143,27885
2023-10-10,CHF,61742,11633,27708
2023-10-17,CHF,61346,10327,27405
2023-10-24,CHF,59266,9807,24902
2023-10-31,CHF,56353,8888,23798
2023-11-07,CHF,56756,8054,25616
2023-11-14,CHF,59464,5515,25666
2023-11-21,CHF,58815,4727,23721
2023-11-28,CHF,60479,4300,24589
2023-12-05,CHF,60356,3732,21584
2023-12-12,CHF,65186,3970,18444
2023-12-19,CHF,45281,6723,12811
2023-12-26,CHF,47222,8422,11867
2024-01-02,CHF,51236,10734,15949
2024-01-09,CHF,50169,11044,15436
2024-01-16,CHF,50480,10627,14365
2024-01-23,CHF,48398,10049,15220
2024-01-30,CHF,47783,10137,14041
2024-02-06,CHF,49919,10591,16158
2024-02-13,CHF,55069,12689,18703
2024-02-20,CHF,60030,13036,22959
2024-02-27,CHF,65207,15857,27838
2024-03-05,CHF,76166,16935,34486
2024-03-12,CHF,82442,11236,29106
2024-03-19,CHF,71545,13003,33503
2024-03-26,CHF,80460,16323,38291
2024-04-02,CHF,87108,21220,43590
2024-04-09,CHF,90833,16626,48390
2024-04-16,CHF,93411,14650,50862
2024-04-23,CHF,96029,9681,52243
2024-04-30,CHF,98926,11040,52826
2024-05-07,CHF,94645,9237,51024
2024-05-14,CHF,90701,6646,47753
2024-05-21,CHF,94270,7688,48333
2024-05-28,CHF,100381,8943,53309
2024-06-04,CHF,98815,7751,53514
2024-06-11,CHF,101556,7698,50561
2024-06-18,CHF,88290,6474,43864
2024-06-25,CHF,84204,6506,41563
2024-07-02,CHF,92286,6179,49622
2024-07-09,CHF,93433,5338,51426
2024-07-16,CHF,98671,6491,56284
2024-07-23,CHF,92633,5619,47856
2024-07-30,CHF,85475,7514,42034
2024-08-06,CHF,68503,9570,31643
2024-08-13,CHF,65751,9155,30819
2024-08-20,CHF,67104,7600,33314
2024-08-27,CHF,68768,9873,34485
2024-09-03,CHF,67121,8822,30704
2024-09-10,CHF,80439,8082,29386
2024-09-17,CHF,58554,8579,25687
2024-09-24,CHF,60688,7501,26791
2024-10-01,CHF,62140,6550,29404
2024-10-08,CHF,63822,7619,30078
2024-10-15,CHF,66154,6834,32995
2024-10-22,CHF,72719,5789,38443
2024-10-29,CHF,78973,7092,41090
2024-11-05,CHF,75911,8107,38088
2024-11-12,CHF,78380,5365,38059
2024-11-19,CHF,82690,4036,41107
2024-11-26,CHF,86500,4458,44134
2024-12-03,CHF,85247,4874,45968
2024-12-10,CHF,109379,4796,39788
2024-12-17,CHF,85631,16872,38672
2024-12-24,CHF,85954,12518,40900
2024-12-31,CHF,89129,10507,43320
2025-01-07,CHF,91244,7868,45756
2025-01-14,CHF,94045,7557,46258
2025-01-21,CHF,96356,6526,48363
2025-01-28,CHF,97264,4996,47996
2025-02-04,CHF,97931,5242,47500
2025-02-11,CHF,98159,5553,44298
2025-02-18,CHF,97878,7047,45406
2025-02-25,CHF,97178,5019,44479
2025-03-04,CHF,97021,5572,43347
2025-03-11,CHF,100493,5129,42086
2025-03-18,CHF,80057,4087,38462
2025-03-25,CHF,85731,4178,41771
2025-04-01,CHF,89248,4143,46907
2025-04-08,CHF,76433,4348,34625
2025-04-15,CHF,73479,5280,33864
2025-04-22,CHF,72891,5322,30796
2025-04-29,CHF,71949,5567,29881
2025-05-06,CHF,70578,5558,29132
2025-05-13,CHF,73088,7443,30512
2025-05-20,CHF,73133,7632,31399
2025-05-27,CHF,73781,5789,31272
2025-06-03,CHF,81322,7145,33211
2025-06-10,CHF,86928,9240,30508
2025-06-17,CHF,67383,7857,27913
2025-06-24,CHF,69488,8184,29128
2025-07-01,CHF,72546,7100,30953
2025-07-08,CHF,72761,8488,30684
2025-07-15,CHF,74255,9959,32596
2025-07-22,CHF,75681,8087,34152
2025-07-29,CHF,76905,9023,33057
2025-08-05,CHF,79837,6806,34183
2025-08-12,CHF,80415,6091,34134
2025-08-19,CHF,80039,6459,33737
2025-08-26,CHF,78933,6659,33637
2025-09-02,CHF,80906,8401,34289
2025-09-09,CHF,105100,6989,35828
2025-09-16,CHF,71730,6235,32275
2025-09-23,CHF,72030,8227,31245
2025-09-30,CHF,71950,8377,34439
2025-10-07,CHF,72046,7568,35038
2025-10-14,CHF,73172,8407,36613
2025-10-21,CHF,74034,7366,35210
2025-10-28,CHF,74922,9149,37007
2025-11-04,CHF,81378,8809,40696
2025-11-10,CHF,82840,7403,43452
2025-11-18,CHF,76329,8746,40931
2025-11-25,CHF,77509,7571,42931
2025-12-02,CHF,77275,6894,42679
2025-12-09,CHF,92395,8456,47059
2025-12-16,CHF,103436,9448,48355
2025-12-23,CHF,88305,8780,52769
2025-12-30,CHF,89124,8910,53108
2026-01-06,CHF,90378,11077,51343
2026-01-13,CHF,96220,13395,56787
2026-01-20,CHF,98085,12257,55464
2026-01-27,CHF,96111,9724,52617
2026-02-03,CHF,93555,9687,50404
2026-02-10,CHF,95799,9600,51859
2026-02-17,CHF,95743,10072,50953
2026-02-24,CHF,96835,11525,52711
2026-03-03,CHF,105413,12390,53673
2026-03-10,CHF,110897,12152,53244
2026-03-17,CHF,74101,8175,33388
2026-03-24,CHF,76518,7831,34928
2026-03-31,CHF,79740,9315,39186
2026-04-07,CHF,86646,10586,41280
2026-04-14,CHF,93376,9637,43734
2026-04-21,CHF,91532,8372,41645
2026-04-28,CHF,94111,6359,41580
2026-05-05,CHF,94468,7145,41666
2026-05-12,CHF,94743,5602,41799
2026-05-19,CHF,104225,6284,43221
2026-05-26,CHF,105594,7118,42258
2026-06-02,CHF,111432,6245,39154
2026-06-09,CHF,115412,7335,44000
2026-06-16,CHF,145747,7594,47652
2026-06-23,CHF,108626,7975,49069
2026-06-30,CHF,105912,7975,46933
2026-07-07,CHF,107672,10561,47975
2026-07-14,CHF,108412,9909,46865
2026-07-21,CHF,107866,9817,44059
2026-07-28,CHF,111939,10117,43579
2026-08-04,CHF,109573,11270,44092
2026-08-11,CHF,109874,9773,42235
2026-08-18,CHF,113749,14041,41319
2026-08-25,CHF,108923,19938,39884
2026-09-01,CHF,136962,19912,42788
2026-09-08,CHF,153683,17273,47258
2026-09-15,CHF,171313,20263,49251
2026-09-22,CHF,133495,22189,48941
2000-01-04,EUR,52778,10966,16155
2000-01-11,EUR,64026,21041,12327
2000-01-18,EUR,62211,11255,19273
2000-01-25,EUR,65619,11274,24577
2000-02-01,EUR,74547,11318,34328
2000-02-08,EUR,69619,11144,27836
2000-02-15,EUR,66045,12223,17637
2000-02-22,EUR,68723,17116,14472
2000-02-29,EUR,64192,9518,17109
2000-03-07,EUR,74944,9425,27378
2000-03-14,EUR,50962,10269,23908
2000-03-21,EUR,51262,10790,22815
2000-03-28,EUR,52329,10471,22111
2000-04-04,EUR,55207,11796,20320
2000-04-11,EUR,56936,13961,18817
2000-04-18,EUR,60605,15619,17283
2000-04-25,EUR,64805,18169,17189
2000-05-02,EUR,69848,20881,19232
2000-05-09,EUR,68044,17710,19889
2000-05-16,EUR,65049,14638,14102
2000-05-23,EUR,68152,13759,13240
2000-05-30,EUR,65497,13958,7449
2000-06-06,EUR,66367,13892,3941
2000-06-13,EUR,68349,12533,2201
2000-06-20,EUR,54310,11433,1808
2000-06-27,EUR,52074,10869,1808
2000-07-05,EUR,54598,11222,3772
2000-07-11,EUR,55213,12726,2596
2000-07-18,EUR,58300,13011,4966
2000-07-25,EUR,62286,15474,3077
2000-08-01,EUR,62111,14538,4266
2000-08-08,EUR,68746,14476,6114
2000-08-15,EUR,68247,13730,6096
2000-08-22,EUR,70673,12579,9219
2000-08-29,EUR,73012,13536,12330
2000-09-05,EUR,77486,13034,12652
2000-09-12,EUR,84086,9717,8543
2000-09-19,EUR,73646,10333,14570
2000-09-26,EUR,66421,6334,6185
2000-10-03,EUR,67596,8336,4943
2000-10-10,EUR,71703,10749,5346
2000-10-17,EUR,73195,10224,8504
2000-10-24,EUR,76773,10198,8365
2000-10-31,EUR,75650,11095,8922
2000-11-07,EUR,73922,11615,7837
2000-11-14,EUR,78068,11197,8462
2000-11-21,EUR,81781,11397,5489
2000-11-28,EUR,85904,11221,4280
2000-12-05,EUR,89752,16995,967
2000-12-12,EUR,98322,20411,879
2000-12-19,EUR,77326,22289,475
2000-12-26,EUR,84237,28255,1875
2001-01-02,EUR,84654,28678,1604
2001-01-09,EUR,92722,25570,1738
2001-01-16,EUR,93621,24015,3280
2001-01-23,EUR,85880,18885,1643
2001-01-30,EUR,85158,16910,750
2001-02-06,EUR,90774,16903,2568
2001-02-13,EUR,90316,16118,1416
2001-02-20,EUR,89783,10940,938
2001-02-27,EUR,94625,12364,2851
2001-03-06,EUR,96223,17250,186
2001-03-13,EUR,102063,9179,1352
2001-03-20,EUR,73043,8415,5802
2001-03-27,EUR,73047,9243,5359
2001-04-03,EUR,77853,12823,6048
2001-04-10,EUR,75092,11040,5295
2001-04-17,EUR,77532,12851,7858
2001-04-24,EUR,80964,12647,5344
2001-05-01,EUR,82811,12005,5961
2001-05-08,EUR,87560,12030,7676
2001-05-15,EUR,88743,13881,10473
2001-05-22,EUR,92969,13720,19173
2001-05-29,EUR,93121,15862,18793
2001-06-05,EUR,99312,15748,20561
2001-06-12,EUR,114364,16502,21090
2001-06-19,EUR,73278,12297,8664
2001-06-26,EUR,75413,13806,10631
2001-07-03,EUR,77138,14741,11495
2001-07-10,EUR,83100,17180,10529
2001-07-17,EUR,84435,17084,8041
2001-07-24,EUR,87072,20062,5771
2001-07-31,EUR,89655,21210,5127
2001-08-07,EUR,94227,22076,5436
2001-08-14,EUR,99325,27479,3126
2001-08-21,EUR,109131,30729,1759
2001-08-28,EUR,113131,31666,2161
2001-09-04,EUR,108326,25446,3625
2001-09-10,EUR,117970,21845,3996
2001-09-18,EUR,100031,27680,3243
2001-09-25,EUR,108418,30766,2918
2001-10-02,EUR,109676,28463,3511
2001-10-09,EUR,113099,27660,5219
2001-10-16,EUR,106649,22095,4479
2001-10-23,EUR,104525,17751,8361
2001-10-30,EUR,107845,24443,7757
2001-11-06,EUR,102865,21939,6587
2001-11-13,EUR,108807,15570,15086
2001-11-20,EUR,114006,17899,18185
2001-11-27,EUR,112644,17930,17015
2001-12-04,EUR,109051,22650,8804
2001-12-11,EUR,114593,19857,7951
2001-12-18,EUR,90033,21445,9574
2001-12-21,EUR,93493,23412,11990
2001-12-28,EUR,88738,19106,7924
2002-01-08,EUR,95885,20385,5612
2002-01-15,EUR,99564,19669,7573
2002-01-22,EUR,103166,22270,4981
2002-01-29,EUR,107634,15039,14184
2002-02-05,EUR,107814,16358,14035
2002-02-12,EUR,107689,16274,13020
2002-02-19,EUR,112662,22094,13447
2002-02-26,EUR,109561,20441,17308
2002-03-05,EUR,118935,20406,14118
2002-03-12,EUR,114001,24796,9335
2002-03-19,EUR,96111,28092,6836
2002-03-26,EUR,105052,30732,7439
2002-04-02,EUR,109996,34364,8206
2002-04-09,EUR,105254,29472,10031
2002-04-16,EUR,115039,37941,10314
2002-04-23,EUR,114239,39180,9557
2002-04-30,EUR,124468,41770,10298
2002-05-07,EUR,135303,43808,8375
2002-05-14,EUR,132612,42844,8244
2002-05-21,EUR,136129,40857,9684
2002-05-28,EUR,143233,42415,10690
2002-06-04,EUR,146821,40092,8476
2002-06-11,EUR,146872,39085,10718
2002-06-18,EUR,109609,39095,9638
2002-06-25,EUR,116946,35304,12780
2002-07-02,EUR,114480,33583,9188
2002-07-09,EUR,112614,33941,9859
2002-07-16,EUR,115406,35420,8766
2002-07-23,EUR,111955,30292,4614
2002-07-30,EUR,109782,29177,3694
2002-08-06,EUR,104950,25104,5082
2002-08-13,EUR,97747,23123,3341
2002-08-20,EUR,100332,22528,4665
2002-08-27,EUR,104194,25994,3906
2002-09-03,EUR,109350,27290,2052
2002-09-10,EUR,115622,22711,2360
2002-09-17,EUR,80614,16959,4349
2002-09-24,EUR,82896,17964,3362
2002-10-01,EUR,85802,20041,3104
2002-10-08,EUR,84730,16724,4072
2002-10-15,EUR,88339,23224,2192
2002-10-22,EUR,84417,19094,5026
2002-10-29,EUR,83640,22948,3623
2002-11-05,EUR,102158,35721,4684
2002-11-12,EUR,105714,39308,6031
2002-11-19,EUR,103629,35945,5740
2002-11-26,EUR,99487,33446,4670
2002-12-03,EUR,98385,26199,3323
2002-12-10,EUR,121589,33001,4937
2002-12-17,EUR,100434,37237,6636
2002-12-23,EUR,98907,36015,7888
2002-12-31,EUR,98699,35953,6943
2003-01-07,EUR,98275,35647,7490
2003-01-14,EUR,110075,36455,7682
2003-01-21,EUR,113184,35332,6890
2003-01-28,EUR,105577,32375,6039
2003-02-04,EUR,108531,37222,6556
2003-02-11,EUR,107453,29992,7694
2003-02-18,EUR,108102,31970,6485
2003-02-25,EUR,105427,29793,9730
2003-03-04,EUR,123014,34972,4997
2003-03-11,EUR,136246,35344,5078
2003-03-18,EUR,78765,18948,5609
2003-03-25,EUR,72434,16336,8742
2003-04-01,EUR,75951,16707,6143
2003-04-08,EUR,71412,15619,2474
2003-04-15,EUR,77639,16934,2729
2003-04-22,EUR,95982,27788,3401
2003-04-29,EUR,103869,31023,3018
2003-05-06,EUR,115082,34554,2584
2003-05-13,EUR,100930,28679,3776
2003-05-20,EUR,108716,30918,4020
2003-05-27,EUR,110029,31242,7129
2003-06-03,EUR,115440,35738,5705
2003-06-10,EUR,136383,32439,6177
2003-06-17,EUR,103252,33888,5765
2003-06-24,EUR,94856,27814,4344
2003-07-01,EUR,101717,28532,4902
2003-07-08,EUR,94616,25188,6027
2003-07-15,EUR,99175,22847,6652
2003-07-22,EUR,96459,18266,5113
2003-07-29,EUR,96272,17608,5188
2003-08-05,EUR,93299,16777,2888
2003-08-12,EUR,97523,18505,3803
2003-08-19,EUR,95786,16930,7809
2003-08-26,EUR,100114,14690,12017
2003-09-02,EUR,107173,14372,12243
2003-09-09,EUR,114940,13438,10933
2003-09-16,EUR,80591,11847,7123
2003-09-23,EUR,82549,15340,6563
2003-09-30,EUR,91864,18650,5001
2003-10-07,EUR,96823,25794,5769
2003-10-14,EUR,105915,29854,4860
2003-10-21,EUR,106515,28987,4874
2003-10-28,EUR,102842,28893,4688
2003-11-04,EUR,98943,21858,2285
2003-11-11,EUR,102826,21264,3345
2003-11-18,EUR,125596,37534,2988
2003-11-25,EUR,122880,33819,3322
2003-12-02,EUR,135551,35337,4657
2003-12-09,EUR,152632,33513,5515
2003-12-16,EUR,119162,39854,5071
2003-12-22,EUR,118490,38595,4887
2003-12-30,EUR,119095,38530,4974
2004-01-06,EUR,126442,36578,6668
2004-01-13,EUR,130510,35894,8957
2004-01-20,EUR,129548,35293,7050
2004-01-27,EUR,129170,36682,3384
2004-02-03,EUR,124312,31305,10859
2004-02-10,EUR,128407,33820,7578
2004-02-17,EUR,145315,35758,7349
2004-02-24,EUR,133504,31780,5413
2004-03-02,EUR,135662,24451,7423
2004-03-09,EUR,142361,24065,10000
2004-03-16,EUR,87390,17522,9068
2004-03-23,EUR,95616,18389,8096
2004-03-30,EUR,100890,17155,10981
2004-04-06,EUR,107414,18589,12572
2004-04-12,EUR,109077,18074,12331
2004-04-20,EUR,114818,22037,12238
2004-04-27,EUR,119710,19136,13566
2004-05-04,EUR,124170,19501,12502
2004-05-11,EUR,127408,23484,11006
2004-05-18,EUR,145574,22806,9384
2004-05-25,EUR,148621,26589,7875
2004-06-01,EUR,159590,30690,8496
2004-06-08,EUR,159172,33175,9701
2004-06-15,EUR,85653,23114,6526
2004-06-22,EUR,92563,21435,9356
2004-06-29,EUR,106582,22478,8723
2004-07-06,EUR,125199,27466,8429
2004-07-13,EUR,147585,39391,8379
2004-07-20,EUR,145213,43666,7565
2004-07-27,EUR,137974,25479,8552
2004-08-03,EUR,156968,22799,10557
2004-08-10,EUR,154249,24370,7513
2004-08-17,EUR,154281,30307,4608
2004-08-24,EUR,164966,28134,3518
2004-08-31,EUR,171325,29212,8385
2004-09-07,EUR,168870,27671,9639
2004-09-14,EUR,90696,30651,4793
2004-09-21,EUR,91424,32698,7251
2004-09-28,EUR,107544,36015,3681
2004-10-05,EUR,132300,50305,5494
2004-10-12,EUR,132397,44461,6366
2004-10-19,EUR,130386,43487,6975
2004-10-26,EUR,150482,50767,5236
2004-11-02,EUR,158411,60468,7003
2004-11-09,EUR,185582,68576,11047
2004-11-16,EUR,203471,66875,12847
2004-11-23,EUR,233859,66849,34588
2004-11-30,EUR,233254,61453,36968
2004-12-07,EUR,223808,57209,33095
2004-12-14,EUR,136413,36764,51306
2004-12-21,EUR,147150,39467,51631
2004-12-28,EUR,147687,44526,27712
2005-01-04,EUR,141191,35806,24735
2005-01-11,EUR,143785,33414,17233
2005-01-18,EUR,131661,28380,18467
2005-01-25,EUR,131203,25401,24633
2005-02-01,EUR,129210,25980,24055
2005-02-08,EUR,152377,26185,26816
2005-02-15,EUR,148131,28112,28357
2005-02-22,EUR,164961,29004,24980
2005-03-01,EUR,169942,46880,13462
2005-03-08,EUR,169161,37116,14526
2005-03-15,EUR,122371,42647,12735
2005-03-22,EUR,115071,36967,9768
2005-03-29,EUR,116888,30250,12497
2005-04-05,EUR,126079,26469,19571
2005-04-12,EUR,131025,30092,24332
2005-04-19,EUR,118581,23613,18592
2005-04-26,EUR,133030,23524,19305
2005-05-03,EUR,138018,26070,21195
2005-05-10,EUR,148731,27335,28879
2005-05-17,EUR,156860,22232,35720
2005-05-24,EUR,162145,24631,39952
2005-05-31,EUR,190494,24211,42521
2005-06-07,EUR,193707,22939,40710
2005-06-14,EUR,140233,26335,46000
2005-06-21,EUR,142566,26061,47343
2005-06-28,EUR,139172,31816,46057
2005-07-05,EUR,148960,23019,47891
2005-07-12,EUR,140286,24267,32115
2005-07-19,EUR,143052,23055,34925
2005-07-26,EUR,144785,24520,32816
2005-08-02,EUR,143594,24408,24599
2005-08-09,EUR,145759,28507,24276
2005-08-16,EUR,148418,27289,26705
2005-08-23,EUR,145089,24238,30004
2005-08-30,EUR,153731,26465,30084
2005-09-06,EUR,161018,38768,15250
2005-09-13,EUR,162743,29321,21736
2005-09-20,EUR,118666,29052,30480
2005-09-27,EUR,135698,32927,34530
2005-10-04,EUR,143338,34646,36544
2005-10-11,EUR,130998,30103,25311
2005-10-18,EUR,144421,25238,24383
2005-10-25,EUR,151243,20794,23352
2005-11-01,EUR,144306,26432,19434
2005-11-08,EUR,159878,29558,36185
2005-11-15,EUR,175265,31487,44709
2005-11-22,EUR,185618,35452,46579
2005-11-29,EUR,182131,30467,48599
2005-12-06,EUR,179353,28784,51356
2005-12-13,EUR,192392,28088,29151
2005-12-20,EUR,123445,24852,20348
2005-12-27,EUR,112370,25937,21359
2006-01-03,EUR,119238,36013,24782
2006-01-10,EUR,127386,42096,20135
2006-01-17,EUR,129565,41207,19996
2006-01-24,EUR,144608,56834,19370
2006-01-31,EUR,147953,58564,22182
2006-02-07,EUR,140121,45622,26657
2006-02-14,EUR,140958,43279,31323
2006-02-21,EUR,151300,42097,32012
2006-02-28,EUR,159681,50882,32480
2006-03-07,EUR,177395,49877,35999
2006-03-14,EUR,134870,55058,27074
2006-03-21,EUR,141536,58377,16925
2006-03-28,EUR,140715,56336,15525
2006-04-04,EUR,161921,67859,15467
2006-04-11,EUR,159310,58717,17087
2006-04-18,EUR,165741,70019,14677
2006-04-25,EUR,177240,79841,14316
2006-05-02,EUR,187074,90615,16141
2006-05-09,EUR,198501,87975,15064
2006-05-16,EUR,195254,87436,14060
2006-05-23,EUR,197806,87361,15285
2006-05-30,EUR,195502,96864,16980
2006-06-06,EUR,209552,102560,14364
2006-06-13,EUR,202394,72732,10886
2006-06-20,EUR,132604,66017,13527
2006-06-27,EUR,148166,77942,13272
2006-07-03,EUR,162104,87088,18543
2006-07-11,EUR,168069,92291,14396
2006-07-18,EUR,152795,67816,16122
2006-07-25,EUR,146454,66687,16386
2006-08-01,EUR,157856,85072,11643
2006-08-08,EUR,177763,101133,9025
2006-08-15,EUR,178761,99050,8846
2006-08-22,EUR,175943,89994,8524
2006-08-29,EUR,170168,88423,8786
2006-09-05,EUR,171026,86223,11207
2006-09-12,EUR,168483,79626,12909
2006-09-19,EUR,131398,69197,18083
2006-09-26,EUR,136955,67422,17480
2006-10-03,EUR,142202,76049,19832
2006-10-10,EUR,150795,69105,32577
2006-10-17,EUR,154610,69850,43258
2006-10-24,EUR,158034,70934,43783
2006-10-31,EUR,162230,84563,24515
2006-11-07,EUR,178237,96738,27813
2006-11-14,EUR,170609,81912,21437
2006-11-21,EUR,178692,84717,19411
2006-11-28,EUR,207573,107372,17778
2006-12-05,EUR,223733,115201,16936
2006-12-12,EUR,230245,112188,15505
2006-12-19,EUR,194079,110993,19023
2006-12-26,EUR,186755,100959,20989
2007-01-03,EUR,189612,98245,20789
2007-01-09,EUR,183293,93415,18243
2007-01-16,EUR,164594,67482,13940
2007-01-23,EUR,169518,77516,16506
2007-01-30,EUR,174218,85505,22926
2007-02-06,EUR,182666,74223,28893
2007-02-13,EUR,187086,105371,21576
2007-02-20,EUR,202370,117811,18485
2007-02-27,EUR,221471,123508,20910
2007-03-06,EUR,201319,107164,18485
2007-03-13,EUR,216699,113009,16854
2007-03-20,EUR,182591,106188,18232
2007-03-27,EUR,192918,116347,22606
2007-04-03,EUR,198368,118379,23301
2007-04-10,EUR,212087,126947,22553
2007-04-17,EUR,217447,129044,22274
2007-04-24,EUR,232312,137322,26040
2007-05-01,EUR,235249,135399,28711
2007-05-08,EUR,223364,130342,25072
2007-05-15,EUR,236773,146922,27384
2007-05-22,EUR,218897,126860,31573
2007-05-29,EUR,213871,124206,29887
2007-06-05,EUR,214948,119341,34376
2007-06-12,EUR,227892,93562,42924
2007-06-19,EUR,183775,85173,38832
2007-06-26,EUR,183893,92876,25443
2007-07-03,EUR,195000,101643,25119
2007-07-10,EUR,223674,129843,26947
2007-07-17,EUR,221237,123364,24179
2007-07-24,EUR,225781,126890,30475
2007-07-31,EUR,214527,104189,25736
2007-08-07,EUR,227532,111634,32605
2007-08-14,EUR,218546,90832,26158
2007-08-21,EUR,216026,74037,35574
2007-08-28,EUR,221098,74495,31669
2007-09-04,EUR,221662,78483,31838
2007-09-11,EUR,235169,86476,28262
2007-09-18,EUR,203437,123169,37120
2007-09-25,EUR,209652,122295,38847
2007-10-02,EUR,214561,132323,37883
2007-10-09,EUR,204193,117894,30728
2007-10-16,EUR,208345,116748,30144
2007-10-23,EUR,195913,100683,31667
2007-10-30,EUR,199482,100809,31961
2007-11-06,EUR,217765,109002,32954
2007-11-13,EUR,219866,98821,29392
2007-11-20,EUR,227240,98548,28520
2007-11-27,EUR,222881,91335,24779
2007-12-04,EUR,236107,93659,24542
2007-12-11,EUR,259477,91012,27638
2007-12-18,EUR,150165,67396,36247
2007-12-24,EUR,157379,68111,37470
2007-12-31,EUR,166421,71697,35042
2008-01-08,EUR,179512,85915,34013
2008-01-15,EUR,177003,81812,36830
2008-01-22,EUR,184289,65581,41836
2008-01-29,EUR,187780,62078,39622
2008-02-05,EUR,199494,60106,47542
2008-02-12,EUR,207601,55016,44721
2008-02-19,EUR,209143,60926,46196
2008-02-26,EUR,217521,75598,43820
2008-03-04,EUR,226280,73238,41228
2008-03-11,EUR,245172,81646,52547
2008-03-18,EUR,162474,78310,51789
2008-03-25,EUR,163586,90956,48185
2008-04-01,EUR,165921,80290,51218
2008-04-08,EUR,174504,86826,57391
2008-04-15,EUR,175248,77532,57439
2008-04-22,EUR,178052,81612,62705
2008-04-29,EUR,191308,48319,69634
2008-05-06,EUR,204066,54383,66895
2008-05-13,EUR,207346,55409,64908
2008-05-20,EUR,212882,70240,63399
2008-05-27,EUR,222241,64503,67893
2008-06-03,EUR,230633,55845,70299
2008-06-10,EUR,254812,57544,65084
2008-06-17,EUR,132056,49514,58804
2008-06-24,EUR,147275,57904,56472
2008-07-01,EUR,179885,88162,60479
2008-07-08,EUR,176211,81210,57203
2008-07-15,EUR,183536,85052,62003
2008-07-22,EUR,171505,70588,66517
2008-07-29,EUR,149933,51585,67803
2008-08-05,EUR,160311,55538,64985
2008-08-12,EUR,146235,39822,59249
2008-08-19,EUR,153468,39958,60322
2008-08-26,EUR,154444,36026,69804
2008-09-02,EUR,163458,37997,76620
2008-09-09,EUR,182828,35890,72322
2008-09-16,EUR,142148,35314,75968
2008-09-23,EUR,152022,33266,64323
2008-09-30,EUR,173238,27472,56404
2008-10-07,EUR,179895,32058,50720
2008-10-14,EUR,175810,24274,54374
2008-10-21,EUR,184062,23536,54156
2008-10-28,EUR,193760,25409,54461
2008-11-04,EUR,169608,27825,49258
2008-11-11,EUR,170226,25967,46588
2008-11-18,EUR,165121,29073,46431
2008-11-25,EUR,172366,27389,48867
2008-12-02,EUR,173018,29631,49828
2008-12-09,EUR,179318,29347,46015
2008-12-16,EUR,119389,30798,37424
2008-12-22,EUR,118546,30977,34622
2008-12-30,EUR,120499,32529,35733
2009-01-06,EUR,123878,33733,36108
2009-01-13,EUR,117502,26970,36318
2009-01-20,EUR,131714,27780,35360
2009-01-27,EUR,134554,32077,39566
2009-02-03,EUR,145456,35350,44402
2009-02-10,EUR,152419,33943,43937
2009-02-17,EUR,157952,32809,48246
2009-02-24,EUR,166903,33201,43282
2009-03-03,EUR,183858,34175,53606
2009-03-10,EUR,180278,33930,44162
2009-03-17,EUR,111077,33657,42696
2009-03-24,EUR,112887,32680,38138
2009-03-31,EUR,104404,31906,29641
2009-04-07,EUR,113508,31596,27724
2009-04-14,EUR,108304,32836,27261
2009-04-21,EUR,106679,29708,28111
2009-04-28,EUR,108592,30292,32365
2009-05-05,EUR,110768,35025,31657
2009-05-12,EUR,124499,41355,30940
2009-05-19,EUR,125472,41754,29504
2009-05-26,EUR,139357,47203,31619
2009-06-02,EUR,151004,48585,41792
2009-06-09,EUR,150683,49185,34161
2009-06-16,EUR,106532,39854,27369
2009-06-23,EUR,118077,48252,30829
2009-06-30,EUR,114921,47701,30482
2009-07-07,EUR,124035,49042,38730
2009-07-14,EUR,116686,44406,30507
2009-07-21,EUR,143414,66273,31501
2009-07-28,EUR,136354,55671,35384
2009-08-04,EUR,138237,61443,34337
2009-08-11,EUR,130222,46396,29585
2009-08-18,EUR,127640,38823,33091
2009-08-25,EUR,128651,48251,30080
2009-09-01,EUR,128047,42624,33607
2009-09-08,EUR,149891,56543,38510
2009-09-15,EUR,156349,74562,36790
2009-09-22,EUR,162551,76545,38545
2009-09-29,EUR,164913,77852,38086
2009-10-06,EUR,170878,86229,35184
2009-10-13,EUR,166326,79762,36395
2009-10-20,EUR,170291,77829,41796
2009-10-27,EUR,164798,67843,34974
2009-11-03,EUR,161257,64023,41832
2009-11-09,EUR,164192,67904,42731
2009-11-17,EUR,172325,64268,52312
2009-11-24,EUR,173834,70841,52374
2009-12-01,EUR,175155,71123,48972
2009-12-08,EUR,179294,52035,52546
2009-12-15,EUR,132017,42987,59435
2009-12-22,EUR,134600,40925,55252
2009-12-29,EUR,144152,34132,67929
2010-01-05,EUR,156155,37229,73017
2010-01-12,EUR,161287,36186,54103
2010-01-19,EUR,164501,34186,59468
2010-01-26,EUR,184978,33106,72645
2010-02-02,EUR,186878,31207,74948
2010-02-09,EUR,197457,34867,92019
2010-02-16,EUR,196042,34459,93881
2010-02-23,EUR,208474,32728,104351
2010-03-02,EUR,218803,35894,102664
2010-03-09,EUR,243524,32589,107140
2010-03-16,EUR,163822,41800,88141
2010-03-23,EUR,195287,39953,114870
2010-03-30,EUR,223554,35205,120531
2010-04-06,EUR,208883,39036,106259
2010-04-13,EUR,203199,37157,92621
2010-04-20,EUR,208291,33614,105038
2010-04-27,EUR,238298,34462,123475
2010-05-04,EUR,261076,36675,140077
2010-05-11,EUR,287589,39584,153474
2010-05-18,EUR,300526,54411,161554
2010-05-25,EUR,281966,45630,152366
2010-06-01,EUR,275266,45006,138331
2010-06-08,EUR,305060,45938,157883
2010-06-15,EUR,227632,49526,111886
2010-06-22,EUR,224050,41013,111987
2010-06-29,EUR,225752,43357,117027
2010-07-06,EUR,228333,56316,95225
2010-07-13,EUR,225703,56187,83237
2010-07-20,EUR,230118,55008,79259
2010-07-27,EUR,232193,56622,77961
2010-08-03,EUR,236101,60410,67707
2010-08-10,EUR,234276,55797,59528
2010-08-17,EUR,250090,61324,75951
2010-08-24,EUR,245448,54591,76194
2010-08-31,EUR,241133,51099,76668
2010-09-07,EUR,257788,53156,76855
2010-09-14,EUR,170651,54543,64187
2010-09-21,EUR,167463,52300,47203
2010-09-28,EUR,190039,70638,35308
2010-10-05,EUR,197406,72979,24736
2010-10-12,EUR,197836,68718,27207
2010-10-19,EUR,219761,74855,28107
2010-10-26,EUR,209103,70109,29604
2010-11-02,EUR,206972,70185,31575
2010-11-09,EUR,204528,61477,38194
2010-11-16,EUR,195598,54708,46102
2010-11-23,EUR,187189,43670,51963
2010-11-30,EUR,203930,47264,54512
2010-12-07,EUR,198099,32322,47612
2010-12-14,EUR,146781,35689,45993
2010-12-21,EUR,156136,38604,52697
2010-12-28,EUR,162312,33833,60312
2011-01-04,EUR,163239,37102,61303
2011-01-11,EUR,202004,42359,87541
2011-01-18,EUR,188933,67309,63200
2011-01-25,EUR,199706,73488,50587
2011-02-01,EUR,211730,80381,40447
2011-02-08,EUR,203541,73502,38768
2011-02-15,EUR,193304,63395,30931
2011-02-22,EUR,207869,77454,31856
2011-03-01,EUR,217066,83104,31796
2011-03-08,EUR,263702,98171,35877
2011-03-15,EUR,190848,86506,40190
2011-03-22,EUR,194709,81574,33221
2011-03-29,EUR,218177,93031,36401
2011-04-05,EUR,236270,99405,39548
2011-04-12,EUR,243203,105425,40440
2011-04-19,EUR,244006,102686,40491
2011-04-26,EUR,249000,105683,37404
2011-05-03,EUR,264337,128460,28944
2011-05-10,EUR,242927,98054,36607
2011-05-17,EUR,250533,89941,48296
2011-05-24,EUR,258663,75182,56053
2011-05-31,EUR,270101,80494,58524
2011-06-07,EUR,296126,96555,44719
2011-06-14,EUR,190373,84580,34686
2011-06-21,EUR,189190,72153,42382
2011-06-28,EUR,183206,68800,35813
2011-07-05,EUR,194329,81860,38666
2011-07-12,EUR,185541,61392,48976
2011-07-19,EUR,180314,58580,49334
2011-07-26,EUR,183690,60177,43139
2011-08-02,EUR,190722,58313,56550
2011-08-09,EUR,183571,49029,57302
2011-08-16,EUR,168931,47094,40368
2011-08-23,EUR,174714,47711,45172
2011-08-30,EUR,179162,43894,44278
2011-09-06,EUR,209515,33167,69610
2011-09-13,EUR,264500,25704,80163
2011-09-20,EUR,201556,19920,99380
2011-09-27,EUR,215172,19705,102178
2011-10-04,EUR,220839,18104,100801
2011-10-11,EUR,223167,17040,90835
2011-10-18,EUR,230483,20977,98697
2011-10-25,EUR,235774,21323,97835
2011-11-01,EUR,231229,26311,86371
2011-11-08,EUR,231445,27943,82200
2011-11-15,EUR,244552,24048,100195
2011-11-22,EUR,260064,25943,111011
2011-11-29,EUR,277511,27620,131922
2011-12-06,EUR,283309,34521,130335
2011-12-13,EUR,327740,35507,151964
2011-12-20,EUR,266597,49557,163254
2011-12-27,EUR,276022,45183,173062
2012-01-03,EUR,282790,40441,179350
2012-01-10,EUR,294263,29770,184965
2012-01-17,EUR,300962,28396,188426
2012-01-24,EUR,315350,31299,202646
2012-01-31,EUR,305328,31906,189452
2012-02-07,EUR,288657,32128,172721
2012-02-14,EUR,291060,26774,175415
2012-02-21,EUR,287525,29369,171528
2012-02-28,EUR,271282,35728,145402
2012-03-06,EUR,284739,39943,156416
2012-03-13,EUR,311057,40325,139661
2012-03-20,EUR,258535,50416,133370
2012-03-27,EUR,239446,34033,123162
2012-04-03,EUR,241006,39835,119315
2012-04-10,EUR,274830,39253,140617
2012-04-17,EUR,295844,40310,158435
2012-04-24,EUR,287215,36289,149656
2012-05-01,EUR,279605,34957,141947
2012-05-08,EUR,321037,36022,180006
2012-05-15,EUR,356674,38475,212344
2012-05-22,EUR,376708,34714,230075
2012-05-29,EUR,394160,40287,243702
2012-06-05,EUR,401812,36651,251069
2012-06-12,EUR,422131,39245,234432
2012-06-19,EUR,311933,54449,195515
2012-06-26,EUR,315785,36933,196813
2012-07-03,EUR,302289,32236,178413
2012-07-10,EUR,326374,36409,202114
2012-07-17,EUR,323228,31821,199070
2012-07-24,EUR,324443,39501,194567
2012-07-31,EUR,311436,41327,180321
2012-08-07,EUR,322243,46742,178453
2012-08-14,EUR,321568,43152,180962
2012-08-21,EUR,321166,45986,169918
2012-08-28,EUR,311925,45927,147488
2012-09-04,EUR,314363,46580,148886
2012-09-11,EUR,332637,43180,136838
2012-09-18,EUR,234394,48817,122299
2012-09-25,EUR,218363,53345,103583
2012-10-02,EUR,217516,48335,98600
2012-10-09,EUR,227541,39946,112516
2012-10-16,EUR,219809,42041,95536
2012-10-23,EUR,216842,38171,93390
2012-10-30,EUR,221524,38189,96393
2012-11-06,EUR,227725,45212,112353
2012-11-13,EUR,231660,39863,123509
2012-11-20,EUR,232328,36692,128092
2012-11-27,EUR,210234,35799,102492
2012-12-04,EUR,217546,48300,81095
2012-12-11,EUR,241932,51536,83159
2012-12-18,EUR,193681,69460,79196
2012-12-24,EUR,202591,75072,77621
2012-12-31,EUR,207608,81932,76806
2013-01-08,EUR,194251,66329,74364
2013-01-15,EUR,211373,80174,72859
2013-01-22,EUR,216059,83840,62459
2013-01-29,EUR,237856,93791,66319
2013-02-05,EUR,251236,97397,59445
2013-02-12,EUR,239566,87135,62954
2013-02-19,EUR,234039,81014,61911
2013-02-26,EUR,230567,74832,84226
2013-03-05,EUR,218469,63355,89471
2013-03-12,EUR,213113,57473,82260
2013-03-19,EUR,195073,48958,93842
2013-03-26,EUR,204257,41260,90355
2013-04-02,EUR,235871,44459,110160
2013-04-09,EUR,220353,35343,86201
2013-04-16,EUR,215657,49321,79085
2013-04-23,EUR,220051,47807,82082
2013-04-30,EUR,222618,56771,86920
2013-05-07,EUR,214597,52517,86050
2013-05-14,EUR,232417,52843,99764
2013-05-21,EUR,265194,43037,123986
2013-05-28,EUR,264212,36916,121560
2013-06-04,EUR,240733,43804,95425
2013-06-11,EUR,260418,68956,76489
2013-06-18,EUR,213331,91304,71274
2013-06-25,EUR,211651,87192,69835
2013-07-02,EUR,196064,59270,75360
2013-07-09,EUR,225051,52159,93059
2013-07-16,EUR,220137,53228,90393
2013-07-23,EUR,219429,63130,91030
2013-07-30,EUR,222957,78211,86715
2013-08-06,EUR,228726,85239,79178
2013-08-13,EUR,225665,89984,73927
2013-08-20,EUR,249660,113092,76346
2013-08-27,EUR,248672,113592,73511
2013-09-03,EUR,244563,98589,75851
2013-09-10,EUR,257969,82772,70076
2013-09-17,EUR,218264,100963,69056
2013-09-24,EUR,254464,129862,64018
2013-10-01,EUR,255067,128580,60304
2013-10-08,EUR,263859,127301,58618
2013-10-15,EUR,257199,121327,60953
2013-10-22,EUR,278139,137061,64627
2013-10-29,EUR,282923,136054,65437
2013-11-05,EUR,252554,103333,70190
2013-11-12,EUR,229166,86121,69295
2013-11-19,EUR,232326,81070,72159
2013-11-26,EUR,243049,74118,74549
2013-12-03,EUR,253653,82230,72918
2013-12-10,EUR,302100,91669,75739
2013-12-17,EUR,230955,97780,69857
2013-12-24,EUR,240206,102462,70290
2013-12-31,EUR,242071,101916,71327
2014-01-07,EUR,238570,88119,73621
2014-01-14,EUR,243434,87059,77813
2014-01-21,EUR,255300,79321,83093
2014-01-28,EUR,260799,86963,72616
2014-02-04,EUR,274146,67614,81224
2014-02-11,EUR,281037,75048,81977
2014-02-18,EUR,291360,88634,80035
2014-02-25,EUR,296924,93003,79103
2014-03-04,EUR,304308,103868,80416
2014-03-11,EUR,322020,110103,73718
2014-03-18,EUR,264443,117819,64828
2014-03-25,EUR,262179,106914,67280
2014-04-01,EUR,260075,101849,68611
2014-04-08,EUR,261439,92635,69335
2014-04-15,EUR,270722,106252,78564
2014-04-22,EUR,266259,101204,75430
2014-04-29,EUR,271515,102285,76551
2014-05-06,EUR,277013,110673,78122
2014-05-13,EUR,268142,84383,86558
2014-05-20,EUR,268199,75013,84233
2014-05-27,EUR,274051,70753,87386
2014-06-03,EUR,280747,57109,90134
2014-06-10,EUR,331636,43739,100924
2014-06-17,EUR,285489,51405,113240
2014-06-24,EUR,291244,55062,112565
2014-07-01,EUR,291488,52665,113441
2014-07-08,EUR,294381,51595,110860
2014-07-15,EUR,310661,59506,122352
2014-07-22,EUR,339706,58142,146965
2014-07-29,EUR,356865,56562,164637
2014-08-05,EUR,379004,55179,183926
2014-08-12,EUR,376424,51596,177613
2014-08-19,EUR,396460,56774,195599
2014-08-26,EUR,402709,53989,204646
2014-09-02,EUR,419850,59398,220821
2014-09-09,EUR,484306,59376,216881
2014-09-16,EUR,397652,79552,216701
2014-09-23,EUR,398937,60654,202619
2014-09-30,EUR,409986,67030,204555
2014-10-07,EUR,425656,61467,207679
2014-10-14,EUR,434873,60158,215500
2014-10-21,EUR,439863,60188,219559
2014-10-28,EUR,441369,59054,224761
2014-11-04,EUR,465332,59566,238587
2014-11-11,EUR,463976,60454,224347
2014-11-18,EUR,465168,58048,226778
2014-11-25,EUR,465339,57982,223062
2014-12-02,EUR,462058,57272,216551
2014-12-09,EUR,477861,58306,195218
2014-12-16,EUR,368171,56179,182834
2014-12-23,EUR,376849,40690,187294
2014-12-30,EUR,386295,43202,195421
2015-01-06,EUR,406624,46016,207056
2015-01-13,EUR,422426,50858,218709
2015-01-20,EUR,450262,52047,232777
2015-01-27,EUR,449726,50489,235234
2015-02-03,EUR,457209,47719,244028
2015-02-10,EUR,444139,47217,241858
2015-02-17,EUR,438411,47175,232757
2015-02-24,EUR,431217,45511,223247
2015-03-03,EUR,440733,48467,220856
2015-03-10,EUR,496465,61271,242344
2015-03-17,EUR,449508,56329,250103
2015-03-24,EUR,460950,50148,271111
2015-03-31,EUR,459746,41709,268269
2015-04-07,EUR,441624,39444,254702
2015-04-14,EUR,453518,45264,257611
2015-04-21,EUR,457610,46821,261466
2015-04-28,EUR,456919,50734,248500
2015-05-05,EUR,449254,50116,240243
2015-05-12,EUR,439122,43333,222309
2015-05-19,EUR,428580,38758,207097
2015-05-26,EUR,431927,44221,215961
2015-06-02,EUR,428403,49471,214983
2015-06-09,EUR,436540,52643,190617
2015-06-16,EUR,350145,82714,172071
2015-06-23,EUR,345427,67867,167173
2015-06-30,EUR,346115,65554,165589
2015-07-07,EUR,354885,66161,165427
2015-07-14,EUR,356760,62676,170457
2015-07-21,EUR,366892,65728,178704
2015-07-28,EUR,357940,67842,171850
2015-08-04,EUR,367885,70620,184014
2015-08-11,EUR,361334,67373,182583
2015-08-18,EUR,356952,68473,161205
2015-08-25,EUR,374977,87807,153885
2015-09-01,EUR,363980,74910,142767
2015-09-08,EUR,383187,75715,156956
2015-09-15,EUR,311366,63416,147618
2015-09-22,EUR,315450,63526,144559
2015-09-29,EUR,322721,61932,149592
2015-10-06,EUR,337606,65410,154220
2015-10-13,EUR,349720,71132,151708
2015-10-20,EUR,357133,76291,138857
2015-10-27,EUR,380564,70351,176285
2015-11-03,EUR,405462,72883,207217
2015-11-10,EUR,421967,78994,221933
2015-11-17,EUR,436801,78898,243075
2015-11-24,EUR,444626,76296,251780
2015-12-01,EUR,462447,78782,261627
2015-12-08,EUR,474921,80378,252709
2015-12-15,EUR,404837,71295,231256
2015-12-22,EUR,406533,70509,231556
2015-12-29,EUR,400497,66973,227523
2016-01-05,EUR,407105,66857,227500
2016-01-12,EUR,398570,63162,209613
2016-01-19,EUR,400362,69449,206464
2016-01-26,EUR,402227,71446,198661
2016-02-02,EUR,403939,96012,183085
2016-02-09,EUR,441228,114607,177921
2016-02-16,EUR,429997,113970,162175
2016-02-23,EUR,422624,107566,154423
2016-03-01,EUR,417624,103965,172506
2016-03-08,EUR,433221,104165,176072
2016-03-15,EUR,322405,90353,167908
2016-03-22,EUR,324310,91334,157387
2016-03-29,EUR,330090,93726,157537
2016-04-05,EUR,338533,98014,151501
2016-04-12,EUR,333535,89216,141267
2016-04-19,EUR,345563,101211,148128
2016-04-26,EUR,340200,99072,138739
2016-05-03,EUR,360461,113034,136653
2016-05-10,EUR,344978,101277,123149
2016-05-17,EUR,349559,101723,124310
2016-05-24,EUR,350242,93955,131850
2016-05-31,EUR,356178,98218,135872
2016-06-07,EUR,386010,93492,160604
2016-06-14,EUR,325402,104510,160999
2016-06-21,EUR,317400,88639,149985
2016-06-28,EUR,337273,109580,171514
2016-07-05,EUR,362649,112011,187338
2016-07-12,EUR,370372,107635,195295
2016-07-19,EUR,388905,111578,211469
2016-07-26,EUR,400035,109193,221793
2016-08-02,EUR,378500,104516,208619
2016-08-09,EUR,368693,100442,198841
2016-08-16,EUR,366037,103060,195568
2016-08-23,EUR,364044,105374,182032
2016-08-30,EUR,364843,108261,190186
2016-09-06,EUR,375985,97324,189954
2016-09-13,EUR,379624,91783,173258
2016-09-20,EUR,324525,95698,180723
2016-09-27,EUR,328490,100492,176522
2016-10-04,EUR,347643,105634,187693
2016-10-11,EUR,378774,114284,207756
2016-10-18,EUR,413183,128181,237449
2016-10-25,EUR,448471,142881,266737
2016-11-01,EUR,444502,126443,263828
2016-11-08,EUR,418007,118897,248211
2016-11-15,EUR,415752,121575,240757
2016-11-22,EUR,434768,127122,246470
2016-11-29,EUR,447190,136108,255348
2016-12-06,EUR,433237,123390,237946
2016-12-13,EUR,447679,123597,211110
2016-12-20,EUR,399589,117460,195505
2016-12-27,EUR,405681,123281,192689
2017-01-03,EUR,416239,129701,199757
2017-01-10,EUR,415212,134747,200570
2017-01-17,EUR,415090,128846,195346
2017-01-24,EUR,414447,131904,184252
2017-01-31,EUR,405541,125689,171402
2017-02-07,EUR,409178,126708,171659
2017-02-14,EUR,406350,125333,172097
2017-02-21,EUR,417129,130981,189232
2017-02-28,EUR,431635,143584,194748
2017-03-07,EUR,435309,137662,197163
2017-03-14,EUR,381474,148272,189299
2017-03-21,EUR,406717,159590,179252
2017-03-28,EUR,408853,163648,171571
2017-04-04,EUR,397594,155468,166873
2017-04-11,EUR,420332,173594,192550
2017-04-18,EUR,430589,185786,207435
2017-04-25,EUR,411006,157831,178726
2017-05-02,EUR,409936,159418,161071
2017-05-09,EUR,418301,155581,133182
2017-05-16,EUR,431659,164234,126630
2017-05-23,EUR,449360,175032,110187
2017-05-30,EUR,453280,176226,103357
2017-06-06,EUR,447178,164889,90880
2017-06-13,EUR,474300,164227,85174
2017-06-20,EUR,379269,167245,122393
2017-06-27,EUR,400560,179671,120976
2017-07-03,EUR,422496,185925,108461
2017-07-11,EUR,436899,190267,106479
2017-07-18,EUR,446259,199540,108219
2017-07-25,EUR,449086,197656,106814
2017-08-01,EUR,457254,191477,108840
2017-08-08,EUR,461152,201231,107546
2017-08-15,EUR,462148,190336,111069
2017-08-22,EUR,464445,197818,109842
2017-08-29,EUR,469307,194331,107812
2017-09-05,EUR,464988,194976,98667
2017-09-12,EUR,487425,191102,105044
2017-09-19,EUR,431108,190025,127272
2017-09-26,EUR,429111,183679,95512
2017-10-03,EUR,438663,187053,96220
2017-10-10,EUR,450748,195816,97737
2017-10-17,EUR,446338,186751,96299
2017-10-24,EUR,445018,183539,100035
2017-10-31,EUR,440384,173670,101573
2017-11-07,EUR,446502,181335,95880
2017-11-14,EUR,467842,200023,115437
2017-11-21,EUR,465307,195909,100472
2017-11-28,EUR,495561,205160,115479
2017-12-05,EUR,499124,205400,112294
2017-12-12,EUR,505744,206027,92138
2017-12-19,EUR,485622,198398,112174
2017-12-26,EUR,497744,208913,116765
2018-01-02,EUR,542622,236808,108940
2018-01-09,EUR,563400,242053,97362
2018-01-16,EUR,594038,254344,114854
2018-01-23,EUR,608683,262175,117458
2018-01-30,EUR,603460,258022,109280
2018-02-06,EUR,596937,251369,110546
2018-02-13,EUR,564233,230785,103496
2018-02-20,EUR,567534,229273,103147
2018-02-27,EUR,567463,238287,100310
2018-03-06,EUR,557530,227354,94382
2018-03-13,EUR,584759,239453,93073
2018-03-20,EUR,496964,219434,86695
2018-03-27,EUR,514049,234656,93592
2018-04-03,EUR,493677,221327,86946
2018-04-10,EUR,508204,236344,88881
2018-04-17,EUR,509032,238829,87353
2018-04-24,EUR,494154,216944,86350
2018-05-01,EUR,509659,221011,100443
2018-05-08,EUR,515132,226601,106096
2018-05-15,EUR,505114,219317,104203
2018-05-22,EUR,520648,225960,116216
2018-05-29,EUR,552251,230927,137890
2018-06-05,EUR,576287,239904,150668
2018-06-12,EUR,599561,236617,148392
2018-06-19,EUR,478200,190684,154566
2018-06-26,EUR,481383,190147,156243
2018-07-03,EUR,487131,189005,152258
2018-07-10,EUR,477596,179401,155044
2018-07-17,EUR,490064,177390,155983
2018-07-24,EUR,496665,179515,149875
2018-07-31,EUR,499721,174549,151724
2018-08-07,EUR,507186,177923,167358
2018-08-14,EUR,526571,188428,190217
2018-08-21,EUR,532137,188907,193748
2018-08-28,EUR,529124,171359,178578
2018-09-04,EUR,527579,173335,165372
2018-09-11,EUR,550492,164639,153469
2018-09-18,EUR,465130,166468,164802
2018-09-25,EUR,477881,172426,168730
2018-10-02,EUR,479644,164738,171839
2018-10-09,EUR,483802,162315,178457
2018-10-16,EUR,469299,140817,170161
2018-10-23,EUR,489829,149585,179889
2018-10-30,EUR,504458,157691,190353
2018-11-06,EUR,510193,148973,195816
2018-11-13,EUR,520240,161860,198879
2018-11-20,EUR,535707,157633,204862
2018-11-27,EUR,538454,149719,204790
2018-12-04,EUR,545537,144859,205635
2018-12-11,EUR,613745,146082,202369
2018-12-18,EUR,505711,147654,200778
2018-12-24,EUR,508253,139059,197514
2018-12-31,EUR,505986,148288,194936
2019-01-08,EUR,514545,146271,186804
2019-01-15,EUR,525052,152534,185195
2019-01-22,EUR,527176,148652,189658
2019-01-29,EUR,527521,146625,193099
2019-02-05,EUR,523868,145480,197444
2019-02-12,EUR,538627,157170,221070
2019-02-19,EUR,537396,145762,220696
2019-02-26,EUR,528376,143847,216302
2019-03-05,EUR,541753,155922,234088
2019-03-12,EUR,536724,151857,227602
2019-03-19,EUR,483172,141700,219404
2019-03-26,EUR,486804,139696,219974
2019-04-02,EUR,497717,144973,244157
2019-04-09,EUR,494804,140401,242599
2019-04-16,EUR,499280,144867,242890
2019-04-23,EUR,507722,148331,253749
2019-04-30,EUR,517935,153821,259365
2019-05-07,EUR,516282,152633,258738
2019-05-14,EUR,504460,150681,245982
2019-05-21,EUR,516122,149873,250975
2019-05-28,EUR,536798,151129,250820
2019-06-04,EUR,517428,155771,243322
2019-06-11,EUR,542810,149661,236453
2019-06-18,EUR,503825,162795,215125
2019-06-25,EUR,521907,159285,215580
2019-07-02,EUR,520970,157122,188855
2019-07-09,EUR,521379,158398,194263
2019-07-16,EUR,535848,170487,201838
2019-07-23,EUR,541102,173483,212487
2019-07-30,EUR,563024,175132,229115
2019-08-06,EUR,545453,177988,221998
2019-08-13,EUR,550607,167214,213863
2019-08-20,EUR,542806,168455,206432
2019-08-27,EUR,525065,173451,212255
2019-09-03,EUR,546954,186144,235280
2019-09-10,EUR,585117,180535,230377
2019-09-17,EUR,503272,164272,232831
2019-09-24,EUR,502612,160687,221409
2019-10-01,EUR,511934,172258,238236
2019-10-08,EUR,514638,162777,238190
2019-10-15,EUR,517182,153261,230127
2019-10-22,EUR,528545,168653,219703
2019-10-29,EUR,538847,166540,219895
2019-11-05,EUR,563336,164183,224929
2019-11-12,EUR,569527,170250,227919
2019-11-19,EUR,577689,163898,226401
2019-11-26,EUR,578450,169916,231332
2019-12-03,EUR,590124,164392,233441
2019-12-10,EUR,646417,164732,232375
2019-12-17,EUR,542923,165355,231049
2019-12-24,EUR,540395,160263,233206
2019-12-31,EUR,557585,168852,243197
2020-01-07,EUR,555940,164813,226477
2020-01-14,EUR,571239,163881,212063
2020-01-21,EUR,582164,168216,215235
2020-01-28,EUR,598793,180653,239515
2020-02-04,EUR,594698,166925,242005
2020-02-11,EUR,612444,169475,255144
2020-02-18,EUR,617487,170586,262093
2020-02-25,EUR,625563,157587,271608
2020-03-03,EUR,640357,151904,238607
2020-03-10,EUR,659151,153820,166487
2020-03-17,EUR,588116,147133,114638
2020-03-24,EUR,571086,152360,91070
2020-03-31,EUR,551752,155047,80800
2020-04-07,EUR,554697,161185,81561
2020-04-14,EUR,543361,165078,78461
2020-04-21,EUR,546661,170378,83160
2020-04-28,EUR,545082,167264,87583
2020-05-05,EUR,541624,169272,92973
2020-05-12,EUR,547329,171980,93840
2020-05-19,EUR,547206,167756,95194
2020-05-26,EUR,556749,175034,99812
2020-06-02,EUR,583384,174412,93172
2020-06-09,EUR,592915,184669,89020
2020-06-16,EUR,574939,187120,69988
2020-06-23,EUR,585421,190816,72368
2020-06-30,EUR,579738,180387,81432
2020-07-07,EUR,593341,185159,81562
2020-07-14,EUR,604982,194252,83340
2020-07-21,EUR,636212,204185,79138
2020-07-28,EUR,678965,242127,84568
2020-08-04,EUR,704875,262109,81461
2020-08-11,EUR,706458,266078,66327
2020-08-18,EUR,704050,259244,62301
2020-08-25,EUR,704077,262061,50309
2020-09-01,EUR,698211,250867,54120
2020-09-08,EUR,690782,248683,51869
2020-09-15,EUR,658174,230695,52119
2020-09-22,EUR,666412,247049,56227
2020-09-29,EUR,655912,241967,53851
2020-10-06,EUR,652135,231369,57061
2020-10-13,EUR,646165,228295,59658
2020-10-20,EUR,644667,229878,63935
2020-10-27,EUR,636778,217443,61888
2020-11-03,EUR,627754,208237,67888
2020-11-10,EUR,638993,202374,67087
2020-11-17,EUR,637946,203551,69591
2020-11-24,EUR,644566,206354,68104
2020-12-01,EUR,654257,207302,67408
2020-12-08,EUR,683351,222521,66092
2020-12-15,EUR,657046,218710,76877
2020-12-21,EUR,659499,222443,78541
2020-12-29,EUR,671643,222848,79772
2021-01-05,EUR,673532,224832,81841
2021-01-12,EUR,677952,228757,72867
2021-01-19,EUR,676515,236533,73067
2021-01-26,EUR,677432,238099,72755
2021-02-02,EUR,675520,216887,79884
2021-02-09,EUR,673116,220943,80721
2021-02-16,EUR,675761,222895,82889
2021-02-23,EUR,696916,228501,90136
2021-03-02,EUR,698229,222655,96667
2021-03-09,EUR,722123,207588,105624
2021-03-16,EUR,638977,195857,105881
2021-03-23,EUR,641428,195500,102178
2021-03-30,EUR,645121,194763,121024
2021-04-06,EUR,642671,192230,124708
2021-04-13,EUR,648681,190640,123789
2021-04-20,EUR,661640,197137,116329
2021-04-27,EUR,672072,200415,119448
2021-05-04,EUR,677397,206472,121643
2021-05-11,EUR,697211,223387,129480
2021-05-18,EUR,727631,232330,132472
2021-05-25,EUR,738138,236103,132103
2021-06-01,EUR,742079,237360,128038
2021-06-08,EUR,743159,232103,124890
2021-06-15,EUR,694722,210816,92630
2021-06-22,EUR,694804,207863,118806
2021-06-29,EUR,697425,209058,121912
2021-07-06,EUR,699383,212998,135808
2021-07-13,EUR,688952,212851,153138
2021-07-20,EUR,683075,208669,162847
2021-07-27,EUR,678008,202245,164119
2021-08-03,EUR,674491,199067,161060
2021-08-10,EUR,702098,212809,178952
2021-08-17,EUR,694792,233529,175889
2021-08-24,EUR,698547,194169,169539
2021-08-31,EUR,705110,190593,180117
2021-09-07,EUR,696734,189904,163596
2021-09-14,EUR,653102,186554,158749
2021-09-21,EUR,663519,189406,177311
2021-09-28,EUR,668067,195043,194171
2021-10-05,EUR,693591,196819,219153
2021-10-12,EUR,695329,202512,220910
2021-10-19,EUR,679418,193320,205427
2021-10-26,EUR,680374,196880,208136
2021-11-02,EUR,678024,191496,197634
2021-11-09,EUR,678368,192544,188771
2021-11-16,EUR,705698,198181,202007
2021-11-23,EUR,711685,204214,220666
2021-11-30,EUR,705409,191048,214288
2021-12-07,EUR,716213,194869,203168
2021-12-14,EUR,661711,189530,201409
2021-12-21,EUR,672239,196595,206757
2021-12-28,EUR,673273,198617,205251
2022-01-04,EUR,678218,199073,200627
2022-01-11,EUR,682293,204361,198356
2022-01-18,EUR,691882,211901,187317
2022-01-25,EUR,682952,213408,181848
2022-02-01,EUR,685431,213563,183847
2022-02-08,EUR,700098,218973,180131
2022-02-15,EUR,702047,217899,170318
2022-02-22,EUR,696682,214195,154889
2022-03-01,EUR,719975,228385,163446
2022-03-08,EUR,738990,242683,183839
2022-03-15,EUR,666010,202040,183246
2022-03-22,EUR,658817,207051,183208
2022-03-29,EUR,662415,200043,178669
2022-04-05,EUR,663589,210914,183544
2022-04-12,EUR,678607,221645,182585
2022-04-19,EUR,675939,221003,189702
2022-04-26,EUR,688449,222993,200792
2022-05-03,EUR,694926,208449,214827
2022-05-10,EUR,705046,228230,211701
2022-05-17,EUR,706712,230770,210431
2022-05-24,EUR,708938,237072,198142
2022-05-31,EUR,706317,236553,184281
2022-06-07,EUR,730667,230248,179705
2022-06-14,EUR,668164,206986,213004
2022-06-21,EUR,671718,195554,211159
2022-06-28,EUR,671472,189414,200010
2022-07-05,EUR,673772,197138,213990
2022-07-12,EUR,682031,197240,222484
2022-07-19,EUR,694106,195875,238620
2022-07-26,EUR,694099,198041,239625
2022-08-02,EUR,683883,191692,230503
2022-08-09,EUR,692398,200088,234624
2022-08-16,EUR,698570,199226,242010
2022-08-23,EUR,717921,210825,254934
2022-08-30,EUR,720081,202258,249934
2022-09-06,EUR,721678,205277,241626
2022-09-13,EUR,742244,207778,219615
2022-09-20,EUR,657952,206564,173115
2022-09-27,EUR,654142,208736,174939
2022-10-04,EUR,640458,199391,155709
2022-10-11,EUR,639348,196136,158637
2022-10-18,EUR,640469,202703,154553
2022-10-25,EUR,666719,226734,151825
2022-11-01,EUR,671729,239770,133980
2022-11-08,EUR,667902,232317,124718
2022-11-15,EUR,682575,239369,126703
2022-11-22,EUR,680873,239598,116486
2022-11-29,EUR,695776,241122,118875
2022-12-06,EUR,711537,245063,120180
2022-12-13,EUR,772800,236415,111700
2022-12-20,EUR,725968,249149,106877
2022-12-27,EUR,728387,251887,105725
2023-01-03,EUR,712030,222543,92628
2023-01-10,EUR,746163,238623,103641
2023-01-17,EUR,753915,228279,101295
2023-01-24,EUR,777569,237743,103394
2023-01-31,EUR,796738,246755,96246
2023-02-07,EUR,781287,238338,73300
2023-02-14,EUR,788633,236574,72668
2023-02-21,EUR,789898,236414,71346
2023-02-28,EUR,803963,240766,78567
2023-03-07,EUR,821057,233880,85432
2023-03-14,EUR,745403,222313,82357
2023-03-21,EUR,737437,215825,70983
2023-03-28,EUR,732506,222918,77893
2023-04-04,EUR,747095,225416,82023
2023-04-11,EUR,759439,244180,80842
2023-04-18,EUR,766374,242369,78008
2023-04-25,EUR,772882,243516,74116
2023-05-02,EUR,779458,246832,73343
2023-05-09,EUR,794721,260335,80913
2023-05-16,EUR,789930,258736,71647
2023-05-23,EUR,781123,250070,76334
2023-05-30,EUR,775142,241817,76092
2023-06-06,EUR,781967,236060,77639
2023-06-13,EUR,818294,226138,74316
2023-06-20,EUR,732979,229399,84750
2023-06-27,EUR,732123,223977,78949
2023-07-03,EUR,725927,221272,78435
2023-07-11,EUR,736056,224351,84189
2023-07-18,EUR,783132,264514,85682
2023-07-25,EUR,772408,250647,73417
2023-08-01,EUR,755156,240074,68012
2023-08-08,EUR,760968,228048,78237
2023-08-15,EUR,760233,232466,72603
2023-08-22,EUR,750486,239391,80631
2023-08-29,EUR,748127,230542,83863
2023-09-05,EUR,754263,235732,99501
2023-09-12,EUR,743759,212376,99296
2023-09-19,EUR,695343,207424,105443
2023-09-26,EUR,699271,211516,113117
2023-10-03,EUR,702433,211783,132840
2023-10-10,EUR,687382,207522,131990
2023-10-17,EUR,695676,214313,131903
2023-10-24,EUR,702668,215569,130316
2023-10-31,EUR,694962,210834,125445
2023-11-07,EUR,697624,212483,123427
2023-11-14,EUR,702463,221190,112283
2023-11-21,EUR,712364,231095,101441
2023-11-28,EUR,727138,233454,90289
2023-12-05,EUR,756615,235684,83324
2023-12-12,EUR,792149,231837,84510
2023-12-19,EUR,700244,208078,93486
2023-12-26,EUR,705627,211195,93804
2024-01-02,EUR,718885,211912,92436
2024-01-09,EUR,714079,208473,89596
2024-01-16,EUR,733091,204294,100202
2024-01-23,EUR,725423,195190,106866
2024-01-30,EUR,727210,200360,111589
2024-02-06,EUR,731991,202450,140297
2024-02-13,EUR,740105,210848,158010
2024-02-20,EUR,722299,213194,145178
2024-02-27,EUR,715545,205234,142380
2024-03-05,EUR,707108,200025,133714
2024-03-12,EUR,717720,193998,119591
2024-03-19,EUR,656182,182382,134040
2024-03-26,EUR,657300,180193,148999
2024-04-02,EUR,682768,188258,171464
2024-04-09,EUR,643496,175419,142696
2024-04-16,EUR,658865,178912,166688
2024-04-23,EUR,665771,167296,177285
2024-04-30,EUR,652297,167185,173962
2024-05-07,EUR,654804,170594,166004
2024-05-14,EUR,656802,178398,161243
2024-05-21,EUR,653081,182574,141099
2024-05-28,EUR,664864,184656,127084
2024-06-04,EUR,671736,188957,121087
2024-06-11,EUR,712894,187697,144053
2024-06-18,EUR,650388,171464,163513
2024-06-25,EUR,650087,167370,175801
2024-07-02,EUR,636895,164369,173888
2024-07-09,EUR,637266,165829,162206
2024-07-16,EUR,649251,179937,155188
2024-07-23,EUR,672022,188929,153023
2024-07-30,EUR,667299,183006,165207
2024-08-06,EUR,671104,185799,152219
2024-08-13,EUR,667350,182212,155229
2024-08-20,EUR,692017,194350,138333
2024-08-27,EUR,726519,218381,125543
2024-09-03,EUR,740311,215969,115951
2024-09-10,EUR,741888,192821,111388
2024-09-17,EUR,678001,182281,112635
2024-09-24,EUR,679514,187795,116097
2024-10-01,EUR,674734,178273,122946
2024-10-08,EUR,669131,173866,134768
2024-10-15,EUR,658481,169319,152169
2024-10-22,EUR,650759,153159,181683
2024-10-29,EUR,661675,159313,209617
2024-11-05,EUR,645597,159900,181553
2024-11-12,EUR,637105,160003,167440
2024-11-19,EUR,658774,154305,196862
2024-11-26,EUR,665553,156334,212343
2024-12-03,EUR,675059,167693,225182
2024-12-10,EUR,727276,157375,232948
2024-12-17,EUR,584000,152671,218566
2024-12-24,EUR,597583,159471,227978
2024-12-31,EUR,609159,168806,238370
2025-01-07,EUR,603187,166503,230627
2025-01-14,EUR,604225,162760,223157
2025-01-21,EUR,609492,167665,230151
2025-01-28,EUR,618908,153660,220264
2025-02-04,EUR,616623,162554,221168
2025-02-11,EUR,622873,165594,230019
2025-02-18,EUR,638024,170320,221740
2025-02-25,EUR,658684,182699,208124
2025-03-04,EUR,683819,185223,195329
2025-03-11,EUR,729760,188647,175557
2025-03-18,EUR,652620,188952,129527
2025-03-25,EUR,672875,189796,124271
2025-04-01,EUR,670827,183247,131412
2025-04-08,EUR,697776,190296,130316
2025-04-15,EUR,708122,197103,127823
2025-04-22,EUR,719232,196205,131177
2025-04-29,EUR,730212,196388,120591
2025-05-06,EUR,737013,194192,118473
2025-05-13,EUR,750906,209549,124775
2025-05-20,EUR,759249,206042,131589
2025-05-27,EUR,760471,204326,124852
2025-06-03,EUR,781284,202786,120022
2025-06-10,EUR,810517,208754,115729
2025-06-17,EUR,755861,220811,119258
2025-06-24,EUR,762607,223791,112656
2025-07-01,EUR,779031,224979,117442
2025-07-08,EUR,805847,241125,120529
2025-07-15,EUR,820440,242096,113875
2025-07-22,EUR,843447,248380,122865
2025-07-29,EUR,828577,248841,125482
2025-08-05,EUR,818360,247357,131398
2025-08-12,EUR,824972,246299,130868
2025-08-19,EUR,825219,252719,133974
2025-08-26,EUR,842215,258386,135347
2025-09-02,EUR,845820,255660,136068
2025-09-09,EUR,878104,258049,132372
2025-09-16,EUR,855448,253261,135502
2025-09-23,EUR,859215,252472,138127
2025-09-30,EUR,845775,252530,135161
2025-10-07,EUR,855286,255907,137542
2025-10-14,EUR,841079,243010,134685
2025-10-21,EUR,835887,244507,132755
2025-10-28,EUR,843717,250400,143067
2025-11-04,EUR,835176,252542,160747
2025-11-10,EUR,831275,235920,162331
2025-11-18,EUR,827015,243961,144954
2025-11-25,EUR,830589,244392,150321
2025-12-02,EUR,851184,249672,141219
2025-12-09,EUR,942794,268118,129330
2025-12-16,EUR,986986,277002,132099
2025-12-23,EUR,866951,293179,133288
2025-12-30,EUR,869169,294738,137273
2026-01-06,EUR,881815,298253,135441
2026-01-13,EUR,883672,283592,150936
2026-01-20,EUR,880948,275235,163540
2026-01-27,EUR,919284,290336,158202
2026-02-03,EUR,910464,302301,138940
2026-02-10,EUR,926273,318704,138399
2026-02-17,EUR,916813,311549,137069
2026-02-24,EUR,911287,294873,138017
2026-03-03,EUR,913289,294586,158088
2026-03-10,EUR,969374,265686,160542
2026-03-17,EUR,755789,212886,191754
2026-03-24,EUR,764691,200025,190746
2026-03-31,EUR,774237,200168,199661
2026-04-07,EUR,775043,200946,208487
2026-04-14,EUR,788828,214639,188621
2026-04-21,EUR,790622,217407,176083
2026-04-28,EUR,801430,217091,181379
2026-05-05,EUR,815942,217474,185272
2026-05-12,EUR,829377,224002,183802
2026-05-19,EUR,826019,233251,199738
2026-05-26,EUR,824224,223055,193629
2026-06-02,EUR,842424,235442,186576
2026-06-09,EUR,871507,219564,205632
2026-06-16,EUR,894671,228005,193652
2026-06-23,EUR,785477,247332,217174
2026-06-30,EUR,790076,235658,234559
2026-07-07,EUR,794833,223430,239657
2026-07-14,EUR,799495,230307,242912
2026-07-21,EUR,800061,220465,261803
2026-07-28,EUR,819806,204975,277422
2026-08-04,EUR,799909,201847,259938
2026-08-11,EUR,801884,197186,257196
2026-08-18,EUR,804940,196241,255329
2026-08-25,EUR,818524,198919,235271
2026-09-01,EUR,865412,203477,228402
2026-09-08,EUR,942464,198509,241125
2026-09-15,EUR,920035,209000,235993
2026-09-22,EUR,821689,220708,273042
2000-01-04,GBP,27070,5767,1724
2000-01-11,GBP,36938,14961,853
2000-01-18,GBP,36241,15385,387
2000-01-25,GBP,47257,20494,402
2000-02-01,GBP,33949,1918,2119
2000-02-08,GBP,48047,1567,17477
2000-02-15,GBP,47791,1352,15490
2000-02-22,GBP,47438,1454,11895
2000-02-29,GBP,51024,1560,16370
2000-03-07,GBP,62049,1997,14354
2000-03-14,GBP,43677,627,18417
2000-03-21,GBP,43392,625,17757
2000-03-28,GBP,37843,3404,9078
2000-04-04,GBP,40719,6122,7242
2000-04-11,GBP,38671,1945,7707
2000-04-18,GBP,42051,1737,10436
2000-04-25,GBP,42813,1266,11935
2000-05-02,GBP,52717,1902,19950
2000-05-09,GBP,51395,1082,19025
2000-05-16,GBP,49851,570,13694
2000-05-23,GBP,53580,570,16959
2000-05-30,GBP,52836,1249,14223
2000-06-06,GBP,50316,770,8789
2000-06-13,GBP,52278,770,8873
2000-06-20,GBP,25945,0,4660
2000-06-27,GBP,26582,0,4662
2000-07-05,GBP,28243,2493,4932
2000-07-11,GBP,27846,1126,4680
2000-07-18,GBP,33703,406,6203
2000-07-25,GBP,30688,2662,3620
2000-08-01,GBP,31895,1458,5087
2000-08-08,GBP,31666,1068,6120
2000-08-15,GBP,30511,689,5913
2000-08-22,GBP,41087,401,15086
2000-08-29,GBP,45752,0,16574
2000-09-05,GBP,45161,807,16981
2000-09-12,GBP,54969,470,15255
2000-09-19,GBP,37690,4,15026
2000-09-26,GBP,32381,36,6943
2000-10-03,GBP,30294,46,5317
2000-10-10,GBP,30327,99,4160
2000-10-17,GBP,31982,638,5369
2000-10-24,GBP,30852,71,4284
2000-10-31,GBP,31177,724,4149
2000-11-07,GBP,34188,1166,4934
2000-11-14,GBP,33617,412,4754
2000-11-21,GBP,36018,594,6418
2000-11-28,GBP,37298,610,7579
2000-12-05,GBP,40519,552,5901
2000-12-12,GBP,38716,667,2856
2000-12-19,GBP,23226,920,2538
2000-12-26,GBP,23181,1518,1906
2001-01-02,GBP,27079,3722,1885
2001-01-09,GBP,29253,3410,772
2001-01-16,GBP,29854,3463,1463
2001-01-23,GBP,28835,3091,1223
2001-01-30,GBP,27837,2130,772
2001-02-06,GBP,28738,2750,1748
2001-02-13,GBP,30561,2556,4257
2001-02-20,GBP,32335,2116,5066
2001-02-27,GBP,31691,2104,4842
2001-03-06,GBP,37437,3435,3392
2001-03-13,GBP,41230,5980,4982
2001-03-20,GBP,29527,1004,6110
2001-03-27,GBP,34343,1069,9371
2001-04-03,GBP,37712,1815,10279
2001-04-10,GBP,32735,1633,7212
2001-04-17,GBP,33572,1506,8479
2001-04-24,GBP,33311,1966,6979
2001-05-01,GBP,34963,1822,7414
2001-05-08,GBP,39216,1866,11388
2001-05-15,GBP,41505,1052,11366
2001-05-22,GBP,40620,1740,9764
2001-05-29,GBP,44794,2039,11897
2001-06-05,GBP,47003,2002,14243
2001-06-12,GBP,61357,3767,16168
2001-06-19,GBP,39946,1397,14748
2001-06-26,GBP,34659,1486,10437
2001-07-03,GBP,35912,844,9409
2001-07-10,GBP,34163,1781,8598
2001-07-17,GBP,33246,2164,9846
2001-07-24,GBP,31979,3602,5322
2001-07-31,GBP,31886,3476,5488
2001-08-07,GBP,33927,2643,5780
2001-08-14,GBP,36855,6161,4953
2001-08-21,GBP,45476,15386,4586
2001-08-28,GBP,50269,18852,4059
2001-09-04,GBP,48467,16192,4146
2001-09-10,GBP,63015,17074,4649
2001-09-18,GBP,39768,13239,3070
2001-09-25,GBP,40103,13092,3786
2001-10-02,GBP,40185,13436,4242
2001-10-09,GBP,40137,13342,5054
2001-10-16,GBP,37905,9690,4904
2001-10-23,GBP,39343,4946,6225
2001-10-30,GBP,38163,6313,5414
2001-11-06,GBP,37327,6416,4366
2001-11-13,GBP,38885,4989,3234
2001-11-20,GBP,43540,3162,9220
2001-11-27,GBP,43792,1801,10279
2001-12-04,GBP,42861,1888,10836
2001-12-11,GBP,44312,2417,4877
2001-12-18,GBP,23677,4889,3147
2001-12-21,GBP,22919,2670,4298
2001-12-28,GBP,22515,647,3132
2002-01-08,GBP,24447,966,4376
2002-01-15,GBP,25096,900,5417
2002-01-22,GBP,25242,1725,4814
2002-01-29,GBP,33552,992,12934
2002-02-05,GBP,33289,545,11409
2002-02-12,GBP,31419,3751,9149
2002-02-19,GBP,26728,1597,7192
2002-02-26,GBP,33026,3560,9774
2002-03-05,GBP,27814,3367,6963
2002-03-12,GBP,39898,2112,12235
2002-03-19,GBP,27150,2360,9051
2002-03-26,GBP,29410,6723,7578
2002-04-02,GBP,38169,10649,6047
2002-04-09,GBP,34199,5868,5624
2002-04-16,GBP,37817,8350,5913
2002-04-23,GBP,42976,13688,5007
2002-04-30,GBP,45691,17061,6503
2002-05-07,GBP,50156,19501,7831
2002-05-14,GBP,44927,13376,8983
2002-05-21,GBP,45036,12071,6832
2002-05-28,GBP,46069,11317,6671
2002-06-04,GBP,43285,9819,6969
2002-06-11,GBP,55572,16657,6829
2002-06-18,GBP,44886,14829,8986
2002-06-25,GBP,43586,13284,8044
2002-07-02,GBP,40504,9892,7663
2002-07-09,GBP,39998,9072,7156
2002-07-16,GBP,37231,5382,5637
2002-07-23,GBP,35862,5186,5019
2002-07-30,GBP,35941,6234,4720
2002-08-06,GBP,33265,5963,3431
2002-08-13,GBP,28961,3798,2767
2002-08-20,GBP,30012,2805,3982
2002-08-27,GBP,32571,6160,3597
2002-09-03,GBP,33512,5732,2861
2002-09-10,GBP,39093,5795,3772
2002-09-17,GBP,22269,2739,5162
2002-09-24,GBP,23398,3382,5062
2002-10-01,GBP,28653,5396,5780
2002-10-08,GBP,30743,5780,6935
2002-10-15,GBP,28327,6431,4146
2002-10-22,GBP,26456,4835,4568
2002-10-29,GBP,32297,11193,3516
2002-11-05,GBP,37029,14957,4994
2002-11-12,GBP,45933,19263,3944
2002-11-19,GBP,43939,17779,4404
2002-11-26,GBP,38687,11414,4668
2002-12-03,GBP,33681,5052,4312
2002-12-10,GBP,40447,7079,3537
2002-12-17,GBP,32946,11344,3587
2002-12-23,GBP,34020,10488,3587
2002-12-31,GBP,34823,11957,3587
2003-01-07,GBP,36924,13444,4630
2003-01-14,GBP,37182,13773,3608
2003-01-21,GBP,37884,14909,3618
2003-01-28,GBP,37111,13369,4065
2003-02-04,GBP,37750,13415,4433
2003-02-11,GBP,35251,10006,5014
2003-02-18,GBP,33382,6298,5922
2003-02-25,GBP,28528,3807,4717
2003-03-04,GBP,29889,3496,3684
2003-03-11,GBP,34292,4123,2685
2003-03-18,GBP,21258,592,4968
2003-03-25,GBP,20470,700,3300
2003-04-01,GBP,21711,563,3101
2003-04-08,GBP,25980,973,4835
2003-04-15,GBP,23221,993,4064
2003-04-22,GBP,25201,2053,4681
2003-04-29,GBP,27870,2135,4676
2003-05-06,GBP,31088,9393,4465
2003-05-13,GBP,32959,7470,3376
2003-05-20,GBP,37761,9042,2156
2003-05-27,GBP,39958,10497,2765
2003-06-03,GBP,48222,17567,1531
2003-06-10,GBP,59050,20014,1970
2003-06-17,GBP,46234,19709,2261
2003-06-24,GBP,45976,18775,1558
2003-07-01,GBP,47221,18710,2272
2003-07-08,GBP,45011,14414,4460
2003-07-15,GBP,39893,5501,2999
2003-07-22,GBP,36574,3487,4142
2003-07-29,GBP,44811,3595,5281
2003-08-05,GBP,45719,3660,3959
2003-08-12,GBP,44939,3107,2526
2003-08-19,GBP,47837,3143,6746
2003-08-26,GBP,49139,3953,6136
2003-09-02,GBP,42438,4717,7042
2003-09-09,GBP,44767,4125,4739
2003-09-16,GBP,26786,4540,3019
2003-09-23,GBP,36402,12753,2707
2003-09-30,GBP,48321,12371,2448
2003-10-07,GBP,51131,15295,3678
2003-10-14,GBP,53815,15428,4728
2003-10-21,GBP,53768,15687,3121
2003-10-28,GBP,65065,23023,3357
2003-11-04,GBP,66893,21766,2514
2003-11-11,GBP,63740,17150,2450
2003-11-18,GBP,68738,21525,2584
2003-11-25,GBP,67155,22356,3575
2003-12-02,GBP,74221,26628,3226
2003-12-09,GBP,93872,27080,2454
2003-12-16,GBP,67067,24923,2368
2003-12-22,GBP,57738,23165,2828
2003-12-30,GBP,57504,22849,2893
2004-01-06,GBP,60146,22009,3959
2004-01-13,GBP,61829,17849,4159
2004-01-20,GBP,61215,18594,2359
2004-01-27,GBP,63400,19967,2296
2004-02-03,GBP,66822,23623,2730
2004-02-10,GBP,67552,23388,3482
2004-02-17,GBP,70663,24010,3851
2004-02-24,GBP,69494,24415,3339
2004-03-02,GBP,63096,17565,3588
2004-03-09,GBP,73570,13288,2658
2004-03-16,GBP,37329,6579,2484
2004-03-23,GBP,43178,8351,2479
2004-03-30,GBP,39413,7141,1906
2004-04-06,GBP,45396,13475,2224
2004-04-12,GBP,45575,12752,2104
2004-04-20,GBP,41048,8083,2939
2004-04-27,GBP,42492,7965,4233
2004-05-04,GBP,46341,8405,3675
2004-05-11,GBP,48387,8702,5483
2004-05-18,GBP,43218,7229,5616
2004-05-25,GBP,45355,9993,4091
2004-06-01,GBP,54636,16046,6013
2004-06-08,GBP,64694,19401,5924
2004-06-15,GBP,47098,18432,2224
2004-06-22,GBP,47510,18393,2211
2004-06-29,GBP,49713,16021,2137
2004-07-06,GBP,53855,23288,2211
2004-07-13,GBP,72101,33831,3809
2004-07-20,GBP,79820,37000,5233
2004-07-27,GBP,67259,27913,3418
2004-08-03,GBP,70933,26238,4632
2004-08-10,GBP,69615,28155,5439
2004-08-17,GBP,74776,24266,5068
2004-08-24,GBP,72156,14581,7322
2004-08-31,GBP,74825,15120,8031
2004-09-07,GBP,81067,10778,9031
2004-09-14,GBP,46188,12072,6063
2004-09-21,GBP,46702,12471,6469
2004-09-28,GBP,55643,16311,8495
2004-10-05,GBP,59892,14877,14851
2004-10-12,GBP,64539,12458,16631
2004-10-19,GBP,66763,14932,16633
2004-10-26,GBP,72410,24758,15233
2004-11-02,GBP,75805,29594,16252
2004-11-09,GBP,88825,40588,17242
2004-11-16,GBP,88817,42409,14760
2004-11-23,GBP,97094,47600,13995
2004-11-30,GBP,88044,44296,11521
2004-12-07,GBP,101414,39467,5882
2004-12-14,GBP,77331,41235,2449
2004-12-21,GBP,81082,37492,2710
2004-12-28,GBP,77644,33131,12980
2005-01-04,GBP,75999,24458,11935
2005-01-11,GBP,66467,22756,1364
2005-01-18,GBP,64508,21007,2292
2005-01-25,GBP,63971,18616,2626
2005-02-01,GBP,65926,19591,2898
2005-02-08,GBP,64686,15190,5081
2005-02-15,GBP,73291,26973,4734
2005-02-22,GBP,79178,29369,4213
2005-03-01,GBP,79910,38182,4663
2005-03-08,GBP,99583,46451,5324
2005-03-15,GBP,79439,42006,4182
2005-03-22,GBP,71769,31332,4677
2005-03-29,GBP,66380,18587,6713
2005-04-05,GBP,68416,21540,6056
2005-04-12,GBP,82524,26824,6453
2005-04-19,GBP,86549,33817,7019
2005-04-26,GBP,85465,29282,5571
2005-05-03,GBP,88941,25845,5967
2005-05-10,GBP,89238,25907,5809
2005-05-17,GBP,81490,17615,17181
2005-05-24,GBP,86387,14760,22170
2005-05-31,GBP,95073,14346,25417
2005-06-07,GBP,101520,14668,23243
2005-06-14,GBP,68775,14197,31146
2005-06-21,GBP,65232,13979,26898
2005-06-28,GBP,66998,8962,28767
2005-07-05,GBP,73218,10990,31404
2005-07-12,GBP,74117,9067,31648
2005-07-19,GBP,77596,11268,36892
2005-07-26,GBP,75763,12276,32141
2005-08-02,GBP,73519,12377,29356
2005-08-09,GBP,72461,11090,26599
2005-08-16,GBP,72786,20459,18101
2005-08-23,GBP,74604,21708,16210
2005-08-30,GBP,77596,18388,20599
2005-09-06,GBP,80522,25940,14944
2005-09-13,GBP,91701,27410,8935
2005-09-20,GBP,67785,24572,13994
2005-09-27,GBP,77440,27581,25018
2005-10-04,GBP,89889,20074,36934
2005-10-11,GBP,89400,13716,36761
2005-10-18,GBP,83729,10591,31641
2005-10-25,GBP,74286,12541,26582
2005-11-01,GBP,69583,9163,23472
2005-11-08,GBP,80390,10489,29859
2005-11-15,GBP,84441,10175,33992
2005-11-22,GBP,89837,9056,42076
2005-11-29,GBP,100047,10936,44023
2005-12-06,GBP,107224,15567,41346
2005-12-13,GBP,111268,13586,21442
2005-12-20,GBP,70230,9425,17617
2005-12-27,GBP,62736,9474,21067
2006-01-03,GBP,69591,13026,28047
2006-01-10,GBP,77079,17074,21847
2006-01-17,GBP,83135,17411,20714
2006-01-24,GBP,89537,22028,19180
2006-01-31,GBP,94091,21296,23206
2006-02-07,GBP,93793,15492,29554
2006-02-14,GBP,99687,12019,36663
2006-02-21,GBP,97217,14722,34603
2006-02-28,GBP,98756,15055,23244
2006-03-07,GBP,105166,14981,27325
2006-03-14,GBP,70017,10989,25621
2006-03-21,GBP,68099,13183,18418
2006-03-28,GBP,67999,12491,18775
2006-04-04,GBP,79371,14015,24699
2006-04-11,GBP,79127,16971,22595
2006-04-18,GBP,83282,27302,22208
2006-04-25,GBP,93662,35005,22715
2006-05-02,GBP,89073,34133,15509
2006-05-09,GBP,104008,41071,15304
2006-05-16,GBP,110006,39358,15086
2006-05-23,GBP,114772,42928,12370
2006-05-30,GBP,112099,51965,12268
2006-06-06,GBP,105314,33771,11485
2006-06-13,GBP,126043,34221,12127
2006-06-20,GBP,78491,29010,5608
2006-06-27,GBP,78592,17709,11138
2006-07-03,GBP,78658,22169,10306
2006-07-11,GBP,85671,25268,11519
2006-07-18,GBP,88080,28460,11383
2006-07-25,GBP,102104,34685,12026
2006-08-01,GBP,114075,56297,11294
2006-08-08,GBP,128112,65228,9602
2006-08-15,GBP,135944,74152,10956
2006-08-22,GBP,127943,66586,9770
2006-08-29,GBP,130539,66676,10551
2006-09-05,GBP,131836,63587,9655
2006-09-12,GBP,127633,50259,12678
2006-09-19,GBP,104255,60218,17265
2006-09-26,GBP,122122,74642,17675
2006-10-03,GBP,104665,62700,17754
2006-10-10,GBP,101848,44433,24598
2006-10-17,GBP,108510,56447,23142
2006-10-24,GBP,101676,56205,19040
2006-10-31,GBP,126678,80509,20645
2006-11-07,GBP,152030,104189,19909
2006-11-14,GBP,136600,82682,20430
2006-11-21,GBP,140587,90136,21047
2006-11-28,GBP,154081,101064,20438
2006-12-05,GBP,151959,96711,20879
2006-12-12,GBP,181580,103761,24592
2006-12-19,GBP,149800,98434,12836
2006-12-26,GBP,140289,86236,12392
2007-01-03,GBP,137217,79060,13903
2007-01-09,GBP,132731,69319,10666
2007-01-16,GBP,150691,96664,12346
2007-01-23,GBP,163961,109941,15213
2007-01-30,GBP,146660,87825,10898
2007-02-06,GBP,162238,106463,13735
2007-02-13,GBP,150695,66582,17984
2007-02-20,GBP,147702,74776,15623
2007-02-27,GBP,160234,88313,20285
2007-03-06,GBP,152524,57219,29826
2007-03-13,GBP,160560,49742,29339
2007-03-20,GBP,111646,66091,19962
2007-03-27,GBP,111802,63269,20691
2007-04-03,GBP,122932,73343,17500
2007-04-10,GBP,120468,70095,21678
2007-04-17,GBP,134953,83429,23762
2007-04-24,GBP,148006,95965,25899
2007-05-01,GBP,144051,88457,24464
2007-05-08,GBP,134140,74982,22985
2007-05-15,GBP,126092,64011,22933
2007-05-22,GBP,122261,56493,21155
2007-05-29,GBP,129528,69948,22538
2007-06-05,GBP,142314,85999,24139
2007-06-12,GBP,133395,63644,24227
2007-06-19,GBP,133035,92943,21250
2007-06-26,GBP,159791,119328,23194
2007-07-03,GBP,164639,122379,24206
2007-07-10,GBP,156362,112950,24419
2007-07-17,GBP,173222,123452,25086
2007-07-24,GBP,158955,107615,24111
2007-07-31,GBP,128722,89522,20809
2007-08-07,GBP,125762,74315,20182
2007-08-14,GBP,120623,58864,17506
2007-08-21,GBP,117568,48830,19691
2007-08-28,GBP,123570,55525,20954
2007-09-04,GBP,125940,53176,20602
2007-09-11,GBP,143188,62069,20478
2007-09-18,GBP,78793,38917,25524
2007-09-25,GBP,85124,47380,22823
2007-10-02,GBP,98589,55395,28841
2007-10-09,GBP,108741,54137,23649
2007-10-16,GBP,108213,56067,20363
2007-10-23,GBP,124112,62712,17291
2007-10-30,GBP,138550,70484,17556
2007-11-06,GBP,147306,79840,19514
2007-11-13,GBP,123575,61661,18036
2007-11-20,GBP,122587,54350,19965
2007-11-27,GBP,121270,56430,21368
2007-12-04,GBP,117681,50879,19351
2007-12-11,GBP,157832,76851,19853
2007-12-18,GBP,66527,32117,20580
2007-12-24,GBP,74898,34590,25464
2007-12-31,GBP,78638,29132,31941
2008-01-08,GBP,86731,30569,33831
2008-01-15,GBP,84161,32740,32433
2008-01-22,GBP,93381,32239,32968
2008-01-29,GBP,92484,38888,33530
2008-02-05,GBP,93616,30757,38566
2008-02-12,GBP,96936,26593,40526
2008-02-19,GBP,94673,25606,37763
2008-02-26,GBP,95018,30642,27005
2008-03-04,GBP,100067,38013,22299
2008-03-11,GBP,109031,45149,23920
2008-03-18,GBP,83249,49963,20823
2008-03-25,GBP,78111,44244,24516
2008-04-01,GBP,98868,34114,36874
2008-04-08,GBP,99529,30945,43505
2008-04-15,GBP,113459,28219,44355
2008-04-22,GBP,115364,35044,30381
2008-04-29,GBP,131121,21296,46144
2008-05-06,GBP,144702,13874,44311
2008-05-13,GBP,165843,25873,50677
2008-05-20,GBP,160094,22233,47573
2008-05-27,GBP,164058,22471,47359
2008-06-03,GBP,162647,18580,47608
2008-06-10,GBP,176947,28040,49091
2008-06-17,GBP,88496,20534,51782
2008-06-24,GBP,76375,24735,37578
2008-07-01,GBP,89850,38184,40815
2008-07-08,GBP,83736,31256,39554
2008-07-15,GBP,108703,50345,43922
2008-07-22,GBP,107323,48513,45191
2008-07-29,GBP,102737,43269,41809
2008-08-05,GBP,93022,21707,47582
2008-08-12,GBP,99819,18886,51832
2008-08-19,GBP,109921,14836,58564
2008-08-26,GBP,115174,16211,61320
2008-09-02,GBP,120499,12504,59789
2008-09-09,GBP,127527,16511,64031
2008-09-16,GBP,105913,18353,67712
2008-09-23,GBP,98762,12008,59779
2008-09-30,GBP,101945,19488,52524
2008-10-07,GBP,101018,20112,55336
2008-10-14,GBP,101182,15804,47277
2008-10-21,GBP,116248,16095,52796
2008-10-28,GBP,130716,18591,51681
2008-11-04,GBP,115676,12548,47813
2008-11-11,GBP,110560,5967,45805
2008-11-18,GBP,112652,5160,47591
2008-11-25,GBP,117162,7289,47533
2008-12-02,GBP,115876,6199,45424
2008-12-09,GBP,122570,5892,43318
2008-12-16,GBP,64421,7200,37600
2008-12-22,GBP,70151,8817,40447
2008-12-30,GBP,76340,9317,45160
2009-01-06,GBP,78257,11365,46049
2009-01-13,GBP,75438,10415,44467
2009-01-20,GBP,87698,7489,46526
2009-01-27,GBP,87433,9697,46691
2009-02-03,GBP,83589,8890,42313
2009-02-10,GBP,80695,8451,40381
2009-02-17,GBP,83306,10591,41161
2009-02-24,GBP,86102,10599,38881
2009-03-03,GBP,94175,14845,40294
2009-03-10,GBP,113352,11420,42100
2009-03-17,GBP,76198,7731,40721
2009-03-24,GBP,76157,9352,40098
2009-03-31,GBP,78516,8487,39623
2009-04-07,GBP,79456,7150,41612
2009-04-14,GBP,83635,12700,39210
2009-04-21,GBP,83379,15614,39774
2009-04-28,GBP,84760,17702,40615
2009-05-05,GBP,91226,20858,43295
2009-05-12,GBP,91329,19205,41711
2009-05-19,GBP,92870,16596,42524
2009-05-26,GBP,93484,17724,42529
2009-06-02,GBP,99293,20137,40297
2009-06-09,GBP,101196,20887,36220
2009-06-16,GBP,81438,23982,32456
2009-06-23,GBP,84320,24039,36197
2009-06-30,GBP,92518,31038,35139
2009-07-07,GBP,87303,26280,35430
2009-07-14,GBP,90346,23263,35917
2009-07-21,GBP,94151,27441,33132
2009-07-28,GBP,92133,23863,31906
2009-08-04,GBP,107366,36683,38911
2009-08-11,GBP,94413,24568,28824
2009-08-18,GBP,94626,26849,28507
2009-08-25,GBP,98148,26449,33466
2009-09-01,GBP,97615,23032,40550
2009-09-08,GBP,105694,29336,35296
2009-09-15,GBP,67178,24491,36978
2009-09-22,GBP,78452,17821,49416
2009-09-29,GBP,98205,16129,63955
2009-10-06,GBP,111463,12636,74742
2009-10-13,GBP,116449,9898,75244
2009-10-20,GBP,103138,15644,58962
2009-10-27,GBP,95835,21736,53167
2009-11-03,GBP,97336,25102,44007
2009-11-09,GBP,103817,28677,44534
2009-11-17,GBP,96616,29520,36105
2009-11-24,GBP,88875,22820,34175
2009-12-01,GBP,89615,23468,34131
2009-12-08,GBP,103496,17059,33935
2009-12-15,GBP,72177,13810,37254
2009-12-22,GBP,74083,13551,38128
2009-12-29,GBP,84792,18480,47955
2010-01-05,GBP,92891,18031,51595
2010-01-12,GBP,89147,15182,50649
2010-01-19,GBP,83337,21199,41370
2010-01-26,GBP,86475,15075,42228
2010-02-02,GBP,95712,14611,48579
2010-02-09,GBP,116362,14012,66768
2010-02-16,GBP,119085,13922,70001
2010-02-23,GBP,125106,13882,76766
2010-03-02,GBP,129123,13862,81411
2010-03-09,GBP,148562,10417,73890
2010-03-16,GBP,121551,11731,75718
2010-03-23,GBP,130646,11349,82973
2010-03-30,GBP,132818,11965,79038
2010-04-06,GBP,129290,14281,73755
2010-04-13,GBP,121947,13390,70781
2010-04-20,GBP,121340,14258,63556
2010-04-27,GBP,119871,11634,66300
2010-05-04,GBP,133988,13062,78678
2010-05-11,GBP,142670,10269,82457
2010-05-18,GBP,152357,10492,87237
2010-05-25,GBP,151212,10962,86041
2010-06-01,GBP,149216,11809,82263
2010-06-08,GBP,167076,14146,88826
2010-06-15,GBP,119301,13081,61215
2010-06-22,GBP,125471,15921,62267
2010-06-29,GBP,121233,17626,52397
2010-07-06,GBP,123693,18442,56519
2010-07-13,GBP,131680,15501,50172
2010-07-20,GBP,124904,16448,43215
2010-07-27,GBP,122570,17107,35047
2010-08-03,GBP,135454,31058,31308
2010-08-10,GBP,142227,35915,30894
2010-08-17,GBP,141441,31467,35898
2010-08-24,GBP,139333,28511,32876
2010-08-31,GBP,144196,23052,38318
2010-09-07,GBP,145712,21363,37431
2010-09-14,GBP,74850,21108,30235
2010-09-21,GBP,71318,17858,26847
2010-09-28,GBP,77713,26725,28919
2010-10-05,GBP,86536,37064,27661
2010-10-12,GBP,92868,39870,31804
2010-10-19,GBP,90068,34708,28912
2010-10-26,GBP,86611,33001,27912
2010-11-02,GBP,91819,39900,24718
2010-11-09,GBP,96533,41915,20649
2010-11-16,GBP,98997,45677,21906
2010-11-23,GBP,93914,35839,25642
2010-11-30,GBP,85587,24409,29273
2010-12-07,GBP,86269,14242,27162
2010-12-14,GBP,67820,12205,20391
2010-12-21,GBP,69207,14579,22011
2010-12-28,GBP,82141,18294,31415
2011-01-04,GBP,84270,17494,31627
2011-01-11,GBP,86335,21014,26104
2011-01-18,GBP,90630,31415,25621
2011-01-25,GBP,96648,36028,28140
2011-02-01,GBP,108587,46923,24264
2011-02-08,GBP,111363,49204,24729
2011-02-15,GBP,132763,68885,16313
2011-02-22,GBP,123774,53097,17088
2011-03-01,GBP,126350,52122,26313
2011-03-08,GBP,145352,54967,21061
2011-03-15,GBP,98181,28580,28805
2011-03-22,GBP,117974,53348,23624
2011-03-29,GBP,104506,30077,29334
2011-04-05,GBP,111219,53796,21382
2011-04-12,GBP,120316,53423,26752
2011-04-19,GBP,108808,50572,20397
2011-04-26,GBP,118486,56867,23284
2011-05-03,GBP,124003,59735,28928
2011-05-10,GBP,108117,41368,23250
2011-05-17,GBP,103753,30327,31255
2011-05-24,GBP,110336,28090,42233
2011-05-31,GBP,108085,32284,34113
2011-06-07,GBP,113641,33554,35304
2011-06-14,GBP,90719,36684,25458
2011-06-21,GBP,92824,26763,38123
2011-06-28,GBP,102414,27928,46277
2011-07-05,GBP,118359,28634,60303
2011-07-12,GBP,121134,27687,52488
2011-07-19,GBP,98291,26011,32725
2011-07-26,GBP,97415,33312,32090
2011-08-02,GBP,103172,43266,38127
2011-08-09,GBP,105544,41290,41045
2011-08-16,GBP,100562,36193,39289
2011-08-23,GBP,102177,40888,29927
2011-08-30,GBP,96164,31248,30804
2011-09-06,GBP,110372,30543,43763
2011-09-13,GBP,142120,33969,60162
2011-09-20,GBP,143678,14106,73861
2011-09-27,GBP,154682,14288,78298
2011-10-04,GBP,175500,14929,83653
2011-10-11,GBP,184709,15391,77363
2011-10-18,GBP,175827,16946,70172
2011-10-25,GBP,171560,18917,69064
2011-11-01,GBP,169466,24396,71488
2011-11-08,GBP,147978,22607,51729
2011-11-15,GBP,150702,23355,56219
2011-11-22,GBP,160287,20691,57325
2011-11-29,GBP,190728,23503,70163
2011-12-06,GBP,209514,26311,69871
2011-12-13,GBP,218203,23782,63291
2011-12-20,GBP,183972,26533,52472
2011-12-27,GBP,183119,25465,54637
2012-01-03,GBP,193595,27832,59731
2012-01-10,GBP,199855,24044,59897
2012-01-17,GBP,211418,23373,65007
2012-01-24,GBP,190040,16103,47464
2012-01-31,GBP,190849,23698,49912
2012-02-07,GBP,195733,28161,61283
2012-02-14,GBP,192071,29309,69908
2012-02-21,GBP,186668,27617,58967
2012-02-28,GBP,176885,26931,50166
2012-03-06,GBP,184104,22308,59407
2012-03-13,GBP,202880,21924,63772
2012-03-20,GBP,141411,25951,41803
2012-03-27,GBP,135147,26609,37719
2012-04-03,GBP,142660,29262,38069
2012-04-10,GBP,145522,29777,48561
2012-04-17,GBP,157015,33221,46272
2012-04-24,GBP,173368,47435,39899
2012-05-01,GBP,188288,53121,36628
2012-05-08,GBP,199801,59697,34358
2012-05-15,GBP,199270,57471,32450
2012-05-22,GBP,184497,40842,29502
2012-05-29,GBP,181435,36052,34577
2012-06-05,GBP,184583,39042,41909
2012-06-12,GBP,178648,28017,51129
2012-06-19,GBP,121624,32248,49401
2012-06-26,GBP,114561,35296,36054
2012-07-03,GBP,108208,32208,37561
2012-07-10,GBP,117616,32804,40426
2012-07-17,GBP,116976,33896,41349
2012-07-24,GBP,116143,29332,32266
2012-07-31,GBP,110770,31304,33114
2012-08-07,GBP,115125,25764,34039
2012-08-14,GBP,114042,32054,32342
2012-08-21,GBP,118550,45984,38151
2012-08-28,GBP,117034,42407,40439
2012-09-04,GBP,133755,41834,48702
2012-09-11,GBP,181682,49312,53678
2012-09-18,GBP,151305,52597,38185
2012-09-25,GBP,172103,60809,33672
2012-10-02,GBP,177746,64726,34632
2012-10-09,GBP,161457,54190,31618
2012-10-16,GBP,164454,54010,34411
2012-10-23,GBP,155791,54879,36482
2012-10-30,GBP,163917,57897,34494
2012-11-06,GBP,164481,57208,37929
2012-11-13,GBP,149173,45799,37571
2012-11-20,GBP,150722,46546,45816
2012-11-27,GBP,157701,51107,40829
2012-12-04,GBP,178749,66050,38780
2012-12-11,GBP,183628,64753,36799
2012-12-18,GBP,188472,79375,51339
2012-12-24,GBP,181219,74466,37145
2012-12-31,GBP,174676,69146,32838
2013-01-08,GBP,165584,60523,34574
2013-01-15,GBP,163295,63796,35458
2013-01-22,GBP,160820,60201,42263
2013-01-29,GBP,166060,57989,47367
2013-02-05,GBP,165369,51959,50785
2013-02-12,GBP,167100,38661,55437
2013-02-19,GBP,187027,40668,64033
2013-02-26,GBP,205183,31126,67256
2013-03-05,GBP,236181,36021,79870
2013-03-12,GBP,297130,28833,78633
2013-03-19,GBP,212517,39048,100528
2013-03-26,GBP,214636,38184,104739
2013-04-02,GBP,208425,31815,96835
2013-04-09,GBP,204827,27104,97073
2013-04-16,GBP,200884,34020,95995
2013-04-23,GBP,199465,33989,94101
2013-04-30,GBP,189084,31078,89685
2013-05-07,GBP,190781,31542,94628
2013-05-14,GBP,198068,36975,102330
2013-05-21,GBP,211098,33380,110356
2013-05-28,GBP,221612,36221,110746
2013-06-04,GBP,210499,26666,104404
2013-06-11,GBP,219176,32755,86442
2013-06-18,GBP,140550,47377,67783
2013-06-25,GBP,123602,34419,53848
2013-07-02,GBP,131817,32562,63886
2013-07-09,GBP,145033,31311,65570
2013-07-16,GBP,151127,24634,62080
2013-07-23,GBP,148065,19135,68788
2013-07-30,GBP,146335,20155,69618
2013-08-06,GBP,145387,22097,68130
2013-08-13,GBP,145126,22209,68730
2013-08-20,GBP,138505,26947,66469
2013-08-27,GBP,149328,30004,68230
2013-09-03,GBP,156870,27943,70989
2013-09-10,GBP,185433,32921,71087
2013-09-17,GBP,141735,44124,50434
2013-09-24,GBP,163719,50736,49562
2013-10-01,GBP,172422,47329,45833
2013-10-08,GBP,184643,58681,49910
2013-10-15,GBP,183979,60100,47869
2013-10-22,GBP,181489,59437,45175
2013-10-29,GBP,177427,57791,47629
2013-11-05,GBP,172368,51186,53578
2013-11-12,GBP,171002,43888,53191
2013-11-19,GBP,183449,53766,55431
2013-11-26,GBP,214443,56969,56578
2013-12-03,GBP,239371,73962,55593
2013-12-10,GBP,255604,71015,52586
2013-12-17,GBP,191648,62285,44460
2013-12-24,GBP,198063,62593,48173
2013-12-31,GBP,206886,62084,39303
2014-01-07,GBP,194668,54679,36501
2014-01-14,GBP,201372,54352,43192
2014-01-21,GBP,208112,56573,47853
2014-01-28,GBP,218738,63359,41187
2014-02-04,GBP,202690,52098,41147
2014-02-11,GBP,204982,53199,42527
2014-02-18,GBP,241471,76271,53948
2014-02-25,GBP,257037,74558,45756
2014-03-04,GBP,254013,71021,41416
2014-03-11,GBP,250867,64553,42554
2014-03-18,GBP,208961,64141,38605
2014-03-25,GBP,202115,66751,37027
2014-04-01,GBP,211437,75969,42397
2014-04-08,GBP,226667,91642,45165
2014-04-15,GBP,226688,87472,36874
2014-04-22,GBP,237055,89692,41892
2014-04-29,GBP,236030,85913,41679
2014-05-06,GBP,241264,83794,43148
2014-05-13,GBP,230333,71168,39413
2014-05-20,GBP,237637,80009,46919
2014-05-27,GBP,238440,78438,43134
2014-06-03,GBP,239604,79476,44502
2014-06-10,GBP,271602,85202,49360
2014-06-17,GBP,250231,100434,47838
2014-06-24,GBP,254369,98098,48347
2014-07-01,GBP,255911,99929,43517
2014-07-08,GBP,254788,86614,44975
2014-07-15,GBP,255115,85983,47213
2014-07-22,GBP,241155,71792,44295
2014-07-29,GBP,237411,75370,50460
2014-08-05,GBP,230801,66437,54316
2014-08-12,GBP,223719,65348,46549
2014-08-19,GBP,237291,72230,58943
2014-08-26,GBP,233435,71002,55535
2014-09-02,GBP,238973,67538,58090
2014-09-09,GBP,256591,81330,54603
2014-09-16,GBP,134560,55617,62198
2014-09-23,GBP,134061,53691,54741
2014-09-30,GBP,132369,54243,50654
2014-10-07,GBP,129666,46503,47578
2014-10-14,GBP,138471,43116,45953
2014-10-21,GBP,135766,36567,41052
2014-10-28,GBP,138661,40718,46965
2014-11-04,GBP,144215,43289,50751
2014-11-11,GBP,151660,40661,53552
2014-11-18,GBP,166966,42865,65694
2014-11-25,GBP,171730,38541,69207
2014-12-02,GBP,174875,38556,69570
2014-12-09,GBP,192104,37695,61297
2014-12-16,GBP,137581,37861,52413
2014-12-23,GBP,141455,36615,51848
2014-12-30,GBP,143660,35072,54374
2015-01-06,GBP,161876,39156,64726
2015-01-13,GBP,178563,41920,79060
2015-01-20,GBP,182860,35319,81027
2015-01-27,GBP,185350,38649,83989
2015-02-03,GBP,182903,36220,78618
2015-02-10,GBP,175966,36798,75401
2015-02-17,GBP,170627,42999,71797
2015-02-24,GBP,169784,46741,68611
2015-03-03,GBP,165737,44563,71471
2015-03-10,GBP,205166,48053,80644
2015-03-17,GBP,188238,47155,85006
2015-03-24,GBP,178140,35938,74495
2015-03-31,GBP,182514,35143,71773
2015-04-07,GBP,185219,37641,71942
2015-04-14,GBP,189513,33993,70038
2015-04-21,GBP,175066,34830,64111
2015-04-28,GBP,171698,33239,67367
2015-05-05,GBP,173468,34304,59062
2015-05-12,GBP,183586,37511,68280
2015-05-19,GBP,182607,41132,64494
2015-05-26,GBP,176797,34696,60235
2015-06-02,GBP,175291,32769,58427
2015-06-09,GBP,181049,31014,59291
2015-06-16,GBP,146635,33877,59311
2015-06-23,GBP,178641,51530,73724
2015-06-30,GBP,181413,53656,66415
2015-07-07,GBP,168480,39583,62556
2015-07-14,GBP,157073,32162,56361
2015-07-21,GBP,164779,35141,56609
2015-07-28,GBP,173295,43795,53583
2015-08-04,GBP,169224,45748,52305
2015-08-11,GBP,158247,41751,52122
2015-08-18,GBP,172083,52030,56001
2015-08-25,GBP,176962,58051,54752
2015-09-01,GBP,170032,47801,59040
2015-09-08,GBP,186994,43509,61147
2015-09-15,GBP,145704,43206,46825
2015-09-22,GBP,146573,45001,43734
2015-09-29,GBP,155821,49815,51862
2015-10-06,GBP,160373,47700,52233
2015-10-13,GBP,152164,44765,52292
2015-10-20,GBP,158043,53477,45940
2015-10-27,GBP,153453,47986,43852
2015-11-03,GBP,151194,45775,45587
2015-11-10,GBP,172346,39369,55139
2015-11-17,GBP,175254,35107,60367
2015-11-24,GBP,172390,32322,64578
2015-12-01,GBP,187628,38403,66661
2015-12-08,GBP,200245,41633,65535
2015-12-15,GBP,165845,39121,56041
2015-12-22,GBP,194313,42075,68736
2015-12-29,GBP,204038,40476,71498
2016-01-05,GBP,221993,44662,75158
2016-01-12,GBP,238868,34294,64815
2016-01-19,GBP,259589,37863,76442
2016-01-26,GBP,272798,34696,82233
2016-02-02,GBP,270680,32737,77755
2016-02-09,GBP,255866,31025,67325
2016-02-16,GBP,260649,36512,72767
2016-02-23,GBP,257214,35479,68547
2016-03-01,GBP,275825,38965,78343
2016-03-08,GBP,299048,29364,78369
2016-03-15,GBP,253177,62876,76495
2016-03-22,GBP,246222,38526,76249
2016-03-29,GBP,250444,38926,78954
2016-04-05,GBP,247586,39574,86080
2016-04-12,GBP,236169,33848,85158
2016-04-19,GBP,238195,32765,87917
2016-04-26,GBP,243829,40431,89100
2016-05-03,GBP,248180,46105,86513
2016-05-10,GBP,238519,37628,72563
2016-05-17,GBP,239158,37533,75955
2016-05-24,GBP,244377,38557,71392
2016-05-31,GBP,243685,36546,69397
2016-06-07,GBP,259238,36337,102636
2016-06-14,GBP,206389,61706,98367
2016-06-21,GBP,199189,41707,93654
2016-06-28,GBP,206551,43274,85985
2016-07-05,GBP,227939,45746,94777
2016-07-12,GBP,236611,39999,100066
2016-07-19,GBP,225589,27959,102345
2016-07-26,GBP,231644,29819,110391
2016-08-02,GBP,233265,33375,115890
2016-08-09,GBP,243430,35523,125605
2016-08-16,GBP,248568,35890,130128
2016-08-23,GBP,247711,35850,130828
2016-08-30,GBP,248410,39648,132133
2016-09-06,GBP,255953,38785,128754
2016-09-13,GBP,252539,40397,123218
2016-09-20,GBP,237759,69233,127919
2016-09-27,GBP,239025,48177,135891
2016-10-04,GBP,262478,56760,154332
2016-10-11,GBP,255590,50393,145863
2016-10-18,GBP,255194,52575,144133
2016-10-25,GBP,267500,63601,147563
2016-11-01,GBP,267564,63739,146700
2016-11-08,GBP,253703,53211,143056
2016-11-15,GBP,248103,54241,134554
2016-11-22,GBP,242916,54209,128527
2016-11-29,GBP,244257,50806,128941
2016-12-06,GBP,243671,43169,120407
2016-12-13,GBP,237797,40515,112858
2016-12-20,GBP,205486,44152,103502
2016-12-27,GBP,212492,50062,107161
2017-01-03,GBP,225396,55482,120224
2017-01-10,GBP,228050,56742,122573
2017-01-17,GBP,228782,55242,121484
2017-01-24,GBP,223681,51521,114693
2017-01-31,GBP,211910,42232,104004
2017-02-07,GBP,211013,38135,102674
2017-02-14,GBP,212044,39039,104567
2017-02-21,GBP,213713,38253,104605
2017-02-28,GBP,226882,43329,114000
2017-03-07,GBP,262512,61847,143284
2017-03-14,GBP,259945,42367,149484
2017-03-21,GBP,252480,32586,140430
2017-03-28,GBP,246985,35055,139130
2017-04-04,GBP,241774,30741,130414
2017-04-11,GBP,244188,31871,137772
2017-04-18,GBP,261350,48348,147838
2017-04-25,GBP,261711,54050,145232
2017-05-02,GBP,267230,54281,135645
2017-05-09,GBP,257225,44910,91708
2017-05-16,GBP,256035,48369,81364
2017-05-23,GBP,256257,49166,73033
2017-05-30,GBP,254039,45574,75225
2017-06-06,GBP,248173,40147,76863
2017-06-13,GBP,269593,40552,79993
2017-06-20,GBP,194700,50625,88229
2017-06-27,GBP,187799,43707,82840
2017-07-03,GBP,201379,54025,81792
2017-07-11,GBP,193648,46614,70752
2017-07-18,GBP,200185,50883,67356
2017-07-25,GBP,200700,52152,78349
2017-08-01,GBP,217430,58857,88309
2017-08-08,GBP,208091,58617,83777
2017-08-15,GBP,213259,63810,95670
2017-08-22,GBP,216494,61484,107384
2017-08-29,GBP,224031,60053,111608
2017-09-05,GBP,219048,54454,107381
2017-09-12,GBP,273720,68938,115023
2017-09-19,GBP,202582,76556,86717
2017-09-26,GBP,195509,80145,75091
2017-10-03,GBP,174867,80325,60376
2017-10-10,GBP,181570,79610,64102
2017-10-17,GBP,186473,72871,67824
2017-10-24,GBP,188064,66162,67647
2017-10-31,GBP,185123,65482,64237
2017-11-07,GBP,177968,50403,59601
2017-11-14,GBP,176727,53147,57680
2017-11-21,GBP,175839,58358,58658
2017-11-28,GBP,178230,66549,61976
2017-12-05,GBP,202693,89270,82864
2017-12-12,GBP,208102,82611,71223
2017-12-19,GBP,183783,77109,56721
2017-12-26,GBP,190393,76354,63678
2018-01-02,GBP,211627,93611,77376
2018-01-09,GBP,203484,85039,59547
2018-01-16,GBP,218209,84661,58457
2018-01-23,GBP,236432,99369,66324
2018-01-30,GBP,235080,95667,63926
2018-02-06,GBP,216402,81698,53831
2018-02-13,GBP,193326,64164,49224
2018-02-20,GBP,188118,57953,50150
2018-02-27,GBP,196913,62924,50237
2018-03-06,GBP,197439,61368,56104
2018-03-13,GBP,206151,67190,59163
2018-03-20,GBP,159183,71425,47618
2018-03-27,GBP,176947,90239,56063
2018-04-03,GBP,172017,86643,46305
2018-04-10,GBP,182784,95267,52251
2018-04-17,GBP,205523,113252,65550
2018-04-24,GBP,183826,90186,52821
2018-05-01,GBP,194859,84565,58193
2018-05-08,GBP,188802,62194,53206
2018-05-15,GBP,190648,61361,55740
2018-05-22,GBP,186517,56329,50628
2018-05-29,GBP,205778,71057,61580
2018-06-05,GBP,239409,78577,71232
2018-06-12,GBP,269609,69254,58285
2018-06-19,GBP,172592,46892,66098
2018-06-26,GBP,169623,41491,63072
2018-07-03,GBP,184402,43775,72556
2018-07-10,GBP,178633,32043,72446
2018-07-17,GBP,187151,40841,79593
2018-07-24,GBP,191590,32178,78921
2018-07-31,GBP,190296,35001,82387
2018-08-07,GBP,219746,43930,102782
2018-08-14,GBP,245490,60028,120769
2018-08-21,GBP,267219,68091,140429
2018-08-28,GBP,260228,58662,135590
2018-09-04,GBP,261700,64040,133653
2018-09-11,GBP,279503,65982,127161
2018-09-18,GBP,229637,32856,112114
2018-09-25,GBP,225082,34768,101846
2018-10-02,GBP,210495,30786,90126
2018-10-09,GBP,210549,30186,90693
2018-10-16,GBP,210108,32153,82506
2018-10-23,GBP,221303,33299,80296
2018-10-30,GBP,233339,35778,88260
2018-11-06,GBP,227514,31670,88469
2018-11-13,GBP,229052,38606,85713
2018-11-20,GBP,227556,37710,81188
2018-11-27,GBP,227895,37930,77080
2018-12-04,GBP,235704,43935,83685
2018-12-11,GBP,255703,47649,90068
2018-12-18,GBP,204948,29162,89885
2018-12-24,GBP,212023,35076,91555
2018-12-31,GBP,212470,35782,92696
2019-01-08,GBP,210800,27670,87762
2019-01-15,GBP,219326,31061,91537
2019-01-22,GBP,210645,30050,82161
2019-01-29,GBP,206696,39271,74467
2019-02-05,GBP,196616,35111,68855
2019-02-12,GBP,194998,30720,73664
2019-02-19,GBP,201904,33266,80794
2019-02-26,GBP,202065,39743,79006
2019-03-05,GBP,193497,34620,69549
2019-03-12,GBP,191938,29927,66623
2019-03-19,GBP,140283,30157,43931
2019-03-26,GBP,142957,33638,42220
2019-04-02,GBP,147431,39423,49354
2019-04-09,GBP,142525,36260,42776
2019-04-16,GBP,148202,45932,45010
2019-04-23,GBP,157851,54522,56357
2019-04-30,GBP,161764,51577,56245
2019-05-07,GBP,154991,45232,52111
2019-05-14,GBP,156893,49332,52650
2019-05-21,GBP,190191,45638,71790
2019-05-28,GBP,213930,51796,83792
2019-06-04,GBP,220728,41998,89760
2019-06-11,GBP,221181,33761,78562
2019-06-18,GBP,210421,33155,85719
2019-06-25,GBP,207543,32059,90996
2019-07-02,GBP,224591,33647,97891
2019-07-09,GBP,247048,36232,109214
2019-07-16,GBP,253464,35190,111547
2019-07-23,GBP,248063,31935,110518
2019-07-30,GBP,275984,41367,131517
2019-08-06,GBP,296904,44716,147418
2019-08-13,GBP,273931,33405,129225
2019-08-20,GBP,273481,33405,125823
2019-08-27,GBP,273650,38143,127171
2019-09-03,GBP,272396,38695,123654
2019-09-10,GBP,283161,37903,130136
2019-09-17,GBP,230609,21332,107456
2019-09-24,GBP,236081,24446,105241
2019-10-01,GBP,238392,27916,105008
2019-10-08,GBP,246896,29482,102701
2019-10-15,GBP,243309,25431,98383
2019-10-22,GBP,230224,35749,88189
2019-10-29,GBP,214406,43157,75572
2019-11-05,GBP,206317,40984,70019
2019-11-12,GBP,209312,40348,68481
2019-11-19,GBP,218042,39205,71108
2019-11-26,GBP,223181,38646,75222
2019-12-03,GBP,236714,47755,77805
2019-12-10,GBP,256553,51920,74559
2019-12-17,GBP,201586,59311,65091
2019-12-24,GBP,206283,68574,59877
2019-12-31,GBP,206784,64574,52181
2020-01-07,GBP,197490,67403,50893
2020-01-14,GBP,196536,68816,37284
2020-01-21,GBP,194625,64256,39334
2020-01-28,GBP,203169,61887,44198
2020-02-04,GBP,208165,59659,46672
2020-02-11,GBP,212228,65006,43922
2020-02-18,GBP,216933,72784,43526
2020-02-25,GBP,211321,72667,43069
2020-03-03,GBP,214672,76063,40901
2020-03-10,GBP,214185,56077,29749
2020-03-17,GBP,182109,56575,37935
2020-03-24,GBP,179552,46534,35650
2020-03-31,GBP,165226,37149,32156
2020-04-07,GBP,150318,31254,27561
2020-04-14,GBP,153088,30287,27055
2020-04-21,GBP,158788,29527,30907
2020-04-28,GBP,162868,31466,38147
2020-05-05,GBP,161083,28096,40101
2020-05-12,GBP,166568,31525,45213
2020-05-19,GBP,179734,35810,54799
2020-05-26,GBP,188650,39192,61449
2020-06-02,GBP,190138,26970,63014
2020-06-09,GBP,185606,28893,52941
2020-06-16,GBP,166808,29378,45376
2020-06-23,GBP,170455,29654,48170
2020-06-30,GBP,186144,34424,55414
2020-07-07,GBP,180696,39892,56300
2020-07-14,GBP,179340,43175,56761
2020-07-21,GBP,180337,46230,61310
2020-07-28,GBP,178912,39329,64738
2020-08-04,GBP,176728,45977,60704
2020-08-11,GBP,179071,48053,50874
2020-08-18,GBP,187043,54310,47806
2020-08-25,GBP,175363,45390,39790
2020-09-01,GBP,186588,49213,42901
2020-09-08,GBP,197524,46590,33860
2020-09-15,GBP,149989,43801,41508
2020-09-22,GBP,152613,43487,40523
2020-09-29,GBP,159049,39216,51961
2020-10-06,GBP,156467,40698,51996
2020-10-13,GBP,148279,36195,45997
2020-10-20,GBP,146356,39836,41836
2020-10-27,GBP,139984,31799,38459
2020-11-03,GBP,140437,27701,38928
2020-11-10,GBP,141346,27872,45567
2020-11-17,GBP,139010,27454,47200
2020-11-24,GBP,142958,30838,47968
2020-12-01,GBP,146966,37087,44986
2020-12-08,GBP,164184,39344,33634
2020-12-15,GBP,142242,35128,31060
2020-12-21,GBP,144606,37550,31518
2020-12-29,GBP,139870,35735,30903
2021-01-05,GBP,143209,35526,31861
2021-01-12,GBP,152924,47935,34993
2021-01-19,GBP,147096,45904,32199
2021-01-26,GBP,154558,47360,39395
2021-02-02,GBP,161100,53658,44042
2021-02-09,GBP,170161,60513,39395
2021-02-16,GBP,171218,60269,38102
2021-02-23,GBP,176721,68266,37288
2021-03-02,GBP,169363,65138,29056
2021-03-09,GBP,181373,61271,27360
2021-03-16,GBP,148035,55190,26590
2021-03-23,GBP,146112,51843,30024
2021-03-30,GBP,139779,47222,22263
2021-04-06,GBP,140556,45270,25319
2021-04-13,GBP,148785,52851,27261
2021-04-20,GBP,164246,61053,35875
2021-04-27,GBP,161251,59917,30699
2021-05-04,GBP,152741,52262,32414
2021-05-11,GBP,173960,64947,36771
2021-05-18,GBP,173146,63027,38127
2021-05-25,GBP,169372,64193,33534
2021-06-01,GBP,174502,64204,40079
2021-06-08,GBP,171602,59238,31524
2021-06-15,GBP,156059,55203,23033
2021-06-22,GBP,171280,51445,33518
2021-06-29,GBP,169230,51596,33873
2021-07-06,GBP,178783,57232,35329
2021-07-13,GBP,172345,44686,36717
2021-07-20,GBP,188787,44223,47720
2021-07-27,GBP,185373,41194,46878
2021-08-03,GBP,180873,43119,43205
2021-08-10,GBP,178875,44750,37680
2021-08-17,GBP,178385,41898,37247
2021-08-24,GBP,196366,39489,56234
2021-08-31,GBP,194010,36544,51444
2021-09-07,GBP,201389,29348,53872
2021-09-14,GBP,142607,44161,39371
2021-09-21,GBP,159908,51910,52128
2021-09-28,GBP,171773,57923,55959
2021-10-05,GBP,182338,48137,68155
2021-10-12,GBP,172829,46794,58773
2021-10-19,GBP,158961,49112,47497
2021-10-26,GBP,156495,51912,36959
2021-11-02,GBP,166780,57255,42208
2021-11-09,GBP,186898,54004,66097
2021-11-16,GBP,207099,50443,82042
2021-11-23,GBP,213313,50122,84701
2021-11-30,GBP,230423,52099,90998
2021-12-07,GBP,238310,48950,87227
2021-12-14,GBP,213210,29497,80245
2021-12-21,GBP,207747,20824,78510
2021-12-28,GBP,205378,23093,73812
2022-01-04,GBP,200007,25980,65151
2022-01-11,GBP,200493,30506,59672
2022-01-18,GBP,183234,39760,40007
2022-01-25,GBP,182040,36666,44429
2022-02-01,GBP,184007,29597,53202
2022-02-08,GBP,197948,44709,53254
2022-02-15,GBP,195302,50151,47914
2022-02-22,GBP,188443,42249,48058
2022-03-01,GBP,211869,47679,48016
2022-03-08,GBP,246312,50982,63508
2022-03-15,GBP,188323,32442,61503
2022-03-22,GBP,195712,32753,69997
2022-03-29,GBP,224365,30624,70694
2022-04-05,GBP,238266,35873,77631
2022-04-12,GBP,246152,35514,88568
2022-04-19,GBP,249529,36811,95725
2022-04-26,GBP,272792,40436,110057
2022-05-03,GBP,268496,33536,107349
2022-05-10,GBP,264594,29469,109067
2022-05-17,GBP,253811,26613,105854
2022-05-24,GBP,253864,25936,106308
2022-05-31,GBP,252881,30788,104893
2022-06-07,GBP,258623,34618,105428
2022-06-14,GBP,238322,29343,94939
2022-06-21,GBP,228266,28470,91717
2022-06-28,GBP,228736,35184,88302
2022-07-05,GBP,240926,39618,95826
2022-07-12,GBP,231945,33850,92939
2022-07-19,GBP,228051,31943,89193
2022-07-26,GBP,225889,34606,88596
2022-08-02,GBP,226987,29305,85714
2022-08-09,GBP,224581,42219,76687
2022-08-16,GBP,227752,44084,77193
2022-08-23,GBP,248007,58783,86749
2022-08-30,GBP,262004,58477,87647
2022-09-06,GBP,280937,52731,103163
2022-09-13,GBP,303965,41129,109215
2022-09-20,GBP,266295,41289,96132
2022-09-27,GBP,281805,59831,106255
2022-10-04,GBP,256906,42078,91617
2022-10-11,GBP,255649,48979,88149
2022-10-18,GBP,258826,40328,91539
2022-10-25,GBP,258969,43511,91316
2022-11-01,GBP,243549,34979,79815
2022-11-08,GBP,237334,36630,76365
2022-11-15,GBP,230102,34699,67533
2022-11-22,GBP,222317,30917,66859
2022-11-29,GBP,225480,26000,62584
2022-12-06,GBP,230311,28539,56732
2022-12-13,GBP,240264,32008,57747
2022-12-20,GBP,187766,35284,40887
2022-12-27,GBP,195440,40585,51472
2023-01-03,GBP,205722,43625,63926
2023-01-10,GBP,202713,36007,65463
2023-01-17,GBP,201956,41469,66166
2023-01-24,GBP,194051,34756,58690
2023-01-31,GBP,196113,36234,54551
2023-02-07,GBP,203720,47131,61252
2023-02-14,GBP,205316,42198,61993
2023-02-21,GBP,213502,45475,66891
2023-02-28,GBP,212064,41562,65286
2023-03-07,GBP,222558,49111,66513
2023-03-14,GBP,193377,32334,49648
2023-03-21,GBP,190796,28652,49150
2023-03-28,GBP,199868,28355,52439
2023-04-04,GBP,224690,46415,61208
2023-04-11,GBP,225292,54928,57326
2023-04-18,GBP,224536,53834,52532
2023-04-25,GBP,231666,59405,53566
2023-05-02,GBP,231602,58661,57596
2023-05-09,GBP,242576,71561,67033
2023-05-16,GBP,247165,77388,64795
2023-05-23,GBP,237614,69203,57614
2023-05-30,GBP,240301,70320,57085
2023-06-06,GBP,242117,65063,52579
2023-06-13,GBP,290350,76383,69648
2023-06-20,GBP,226505,101567,54959
2023-06-27,GBP,229970,104382,52388
2023-07-03,GBP,221021,96461,46196
2023-07-11,GBP,239125,111667,53604
2023-07-18,GBP,265766,135269,71540
2023-07-25,GBP,237340,105498,46503
2023-08-01,GBP,220906,92175,42613
2023-08-08,GBP,206954,83239,36219
2023-08-15,GBP,215340,90541,39553
2023-08-22,GBP,228179,98061,38954
2023-08-29,GBP,228616,97143,48742
2023-09-05,GBP,225404,92645,46261
2023-09-12,GBP,227437,97365,51191
2023-09-19,GBP,191117,85095,51412
2023-09-26,GBP,227843,84750,69081
2023-10-03,GBP,241045,73911,80591
2023-10-10,GBP,231510,66290,76338
2023-10-17,GBP,222945,65537,76746
2023-10-24,GBP,233259,67119,85755
2023-10-31,GBP,229991,63712,84083
2023-11-07,GBP,212730,57532,73784
2023-11-14,GBP,216411,52797,80527
2023-11-21,GBP,208657,43300,69398
2023-11-28,GBP,217372,61296,69191
2023-12-05,GBP,218873,66359,54694
2023-12-12,GBP,243677,72011,50430
2023-12-19,GBP,177998,68810,48884
2023-12-26,GBP,175138,58750,44658
2024-01-02,GBP,177770,61794,46589
2024-01-09,GBP,172631,60684,39950
2024-01-16,GBP,179758,66230,35299
2024-01-23,GBP,185680,72599,41162
2024-01-30,GBP,192229,77499,43346
2024-02-06,GBP,199246,83936,49461
2024-02-13,GBP,199070,90545,40073
2024-02-20,GBP,199275,87602,41290
2024-02-27,GBP,210828,91970,45612
2024-03-05,GBP,221726,102279,43894
2024-03-12,GBP,277702,123285,52834
2024-03-19,GBP,197398,102605,49405
2024-03-26,GBP,203109,91261,56091
2024-04-02,GBP,219176,98352,54938
2024-04-09,GBP,211286,80000,51748
2024-04-16,GBP,229420,71800,63181
2024-04-23,GBP,242821,48459,74692
2024-04-30,GBP,235610,43668,72658
2024-05-07,GBP,223730,51777,73590
2024-05-14,GBP,223242,48674,68749
2024-05-21,GBP,223976,68538,67485
2024-05-28,GBP,268749,93041,67639
2024-06-04,GBP,267750,102118,58908
2024-06-11,GBP,275487,110300,58179
2024-06-18,GBP,207303,105920,58299
2024-06-25,GBP,207697,102547,58499
2024-07-02,GBP,198119,106753,44712
2024-07-09,GBP,224179,135316,50626
2024-07-16,GBP,280623,183287,50385
2024-07-23,GBP,289241,188489,46306
2024-07-30,GBP,268554,165635,54164
2024-08-06,GBP,224042,126080,51681
2024-08-13,GBP,205569,102603,54791
2024-08-20,GBP,231383,125634,58123
2024-08-27,GBP,274215,152163,62232
2024-09-03,GBP,285461,160773,52695
2024-09-10,GBP,272336,142072,51784
2024-09-17,GBP,212595,124822,61843
2024-09-24,GBP,251641,155325,68333
2024-10-01,GBP,257312,161469,67704
2024-10-08,GBP,255908,157666,64531
2024-10-15,GBP,250150,151923,66121
2024-10-22,GBP,230130,140603,66027
2024-10-29,GBP,221535,132636,66280
2024-11-05,GBP,219857,120737,75653
2024-11-12,GBP,212345,119992,63942
2024-11-19,GBP,220896,101713,61398
2024-11-26,GBP,239062,98459,76825
2024-12-03,GBP,243504,98056,78730
2024-12-10,GBP,311725,102763,75638
2024-12-17,GBP,187135,88265,66618
2024-12-24,GBP,188844,84558,65235
2024-12-31,GBP,188879,86202,65367
2025-01-07,GBP,188770,81343,66837
2025-01-14,GBP,200826,80557,80119
2025-01-21,GBP,212688,75696,83953
2025-01-28,GBP,206821,59331,81003
2025-02-04,GBP,204644,65442,76765
2025-02-11,GBP,208138,69087,72255
2025-02-18,GBP,203370,73564,74143
2025-02-25,GBP,200468,74089,69626
2025-03-04,GBP,200634,81866,63292
2025-03-11,GBP,248457,94786,65593
2025-03-18,GBP,180841,95941,66539
2025-03-25,GBP,191212,109016,64733
2025-04-01,GBP,187160,104986,70360
2025-04-08,GBP,176910,91733,74423
2025-04-15,GBP,177006,85708,79199
2025-04-22,GBP,179555,94021,73531
2025-04-29,GBP,192312,91064,67105
2025-05-06,GBP,200214,94384,65149
2025-05-13,GBP,194861,89540,62324
2025-05-20,GBP,195326,88144,64151
2025-05-27,GBP,202990,102391,67012
2025-06-03,GBP,233601,103672,68457
2025-06-10,GBP,213940,111076,59442
2025-06-17,GBP,177026,106282,63425
2025-06-24,GBP,179898,99848,65453
2025-07-01,GBP,188689,107150,75751
2025-07-08,GBP,191557,108019,74825
2025-07-15,GBP,187275,100980,71789
2025-07-22,GBP,195467,93760,93190
2025-07-29,GBP,207879,87799,99827
2025-08-05,GBP,206254,65635,98938
2025-08-12,GBP,216082,73736,112829
2025-08-19,GBP,219831,81303,106488
2025-08-26,GBP,219906,76001,107354
2025-09-02,GBP,226437,76062,109202
2025-09-09,GBP,322879,74849,108454
2025-09-16,GBP,234531,80796,87376
2025-09-23,GBP,233166,84500,86464
2025-09-30,GBP,226426,80540,89434
2025-10-07,GBP,247550,94411,98887
2025-10-14,GBP,237520,79515,91144
2025-10-21,GBP,233484,75419,92194
2025-10-28,GBP,248118,82471,102733
2025-11-04,GBP,270917,63117,118136
2025-11-10,GBP,272612,52423,133427
2025-11-18,GBP,279341,53189,132446
2025-11-25,GBP,315550,45257,138478
2025-12-02,GBP,299768,52252,132432
2025-12-09,GBP,332405,60319,135834
2025-12-16,GBP,282031,61968,110466
2025-12-23,GBP,198132,63540,104739
2025-12-30,GBP,196003,69492,102699
2026-01-06,GBP,206314,76486,107024
2026-01-13,GBP,207867,79003,104273
2026-01-20,GBP,207612,81332,103312
2026-01-27,GBP,224459,87786,103948
2026-02-03,GBP,227888,94893,108804
2026-02-10,GBP,227574,88373,114183
2026-02-17,GBP,238845,82015,124419
2026-02-24,GBP,245891,67213,124285
2026-03-03,GBP,269696,59499,132185
2026-03-10,GBP,392591,49270,133467
2026-03-17,GBP,243434,44293,109808
2026-03-24,GBP,238862,46459,104881
2026-03-31,GBP,243461,51304,103969
2026-04-07,GBP,244191,47344,103698
2026-04-14,GBP,250053,54947,109671
2026-04-21,GBP,263523,63086,115125
2026-04-28,GBP,263635,59577,120216
2026-05-05,GBP,276143,62573,126481
2026-05-12,GBP,283643,79605,122664
2026-05-19,GBP,285647,68075,132382
2026-05-26,GBP,282065,57978,119376
2026-06-02,GBP,271147,53687,105905
2026-06-09,GBP,291371,45743,109956
2026-06-16,GBP,323315,42043,113628
2026-06-23,GBP,297226,40772,146491
2026-06-30,GBP,295062,37149,139296
2026-07-07,GBP,282969,44564,132467
2026-07-14,GBP,265153,51085,122338
2026-07-21,GBP,262281,64282,119843
2026-07-28,GBP,267426,61458,126272
2026-08-04,GBP,246577,55012,112826
2026-08-11,GBP,256447,65268,121489
2026-08-18,GBP,286371,77343,131916
2026-08-25,GBP,318468,93612,138136
2026-09-01,GBP,317961,85386,134961
2026-09-08,GBP,318608,73520,132356
2026-09-15,GBP,314293,69331,128046
2026-09-22,GBP,244925,54455,137023
2000-01-04,JPY,74372,23597,8122
2000-01-11,JPY,96868,13901,36654
2000-01-18,JPY,98948,14552,39383
2000-01-25,JPY,102097,14395,38173
2000-02-01,JPY,114608,14920,52037
2000-02-08,JPY,122393,15452,58730
2000-02-15,JPY,127294,15845,63670
2000-02-22,JPY,130314,15592,65948
2000-02-29,JPY,126995,15979,61373
2000-03-07,JPY,127634,18522,32210
2000-03-14,JPY,71233,10306,28706
2000-03-21,JPY,68331,4444,28415
2000-03-28,JPY,69382,6061,28150
2000-04-04,JPY,76692,15319,8004
2000-04-11,JPY,72067,12042,8116
2000-04-18,JPY,75075,13424,7810
2000-04-25,JPY,75039,12254,8681
2000-05-02,JPY,80159,4110,16960
2000-05-09,JPY,80715,1523,21199
2000-05-16,JPY,82902,761,18143
2000-05-23,JPY,79554,752,13931
2000-05-30,JPY,78630,763,13228
2000-06-06,JPY,82045,1333,16143
2000-06-13,JPY,79632,1619,11557
2000-06-20,JPY,40067,818,8590
2000-06-27,JPY,46786,8251,6610
2000-07-05,JPY,48751,3823,9893
2000-07-11,JPY,52399,963,8752
2000-07-18,JPY,61744,641,15127
2000-07-25,JPY,69716,435,22664
2000-08-01,JPY,77862,1503,26502
2000-08-08,JPY,76872,471,27223
2000-08-15,JPY,82088,0,28804
2000-08-22,JPY,80631,140,28619
2000-08-29,JPY,77923,6943,19918
2000-09-05,JPY,71820,5476,12578
2000-09-12,JPY,92390,14416,8082
2000-09-19,JPY,38431,3734,7566
2000-09-26,JPY,43973,5306,9532
2000-10-03,JPY,54499,2244,16011
2000-10-10,JPY,66105,977,31065
2000-10-17,JPY,65298,965,30292
2000-10-24,JPY,65348,981,28792
2000-10-31,JPY,68898,1147,28226
2000-11-07,JPY,59077,615,24492
2000-11-14,JPY,59507,1315,23885
2000-11-21,JPY,77499,986,36058
2000-11-28,JPY,77425,866,34196
2000-12-05,JPY,82427,853,33302
2000-12-12,JPY,130047,110,41806
2000-12-19,JPY,87563,788,39021
2000-12-26,JPY,90803,1634,44254
2001-01-02,JPY,91258,1613,43032
2001-01-09,JPY,91091,1550,41688
2001-01-16,JPY,90061,1877,35747
2001-01-23,JPY,91368,4611,33823
2001-01-30,JPY,87420,1606,26806
2001-02-06,JPY,92632,1829,27865
2001-02-13,JPY,90964,1484,28958
2001-02-20,JPY,89673,682,27742
2001-02-27,JPY,89216,849,28386
2001-03-06,JPY,98574,922,32429
2001-03-13,JPY,123971,23034,41341
2001-03-20,JPY,103349,36675,37256
2001-03-27,JPY,99717,33952,30465
2001-04-03,JPY,106688,34750,32999
2001-04-10,JPY,105515,34121,32200
2001-04-17,JPY,90864,2292,27878
2001-04-24,JPY,87870,3775,27235
2001-05-01,JPY,86456,21103,26816
2001-05-08,JPY,90252,26696,29615
2001-05-15,JPY,92328,26429,28744
2001-05-22,JPY,97736,2531,29579
2001-05-29,JPY,87280,6661,16825
2001-06-05,JPY,93638,16370,11107
2001-06-12,JPY,97354,16507,13792
2001-06-19,JPY,56263,4703,20569
2001-06-26,JPY,62444,2708,27294
2001-07-03,JPY,72009,2294,34674
2001-07-10,JPY,95443,17020,41110
2001-07-17,JPY,102545,26985,36939
2001-07-24,JPY,100240,26014,27243
2001-07-31,JPY,105945,26464,30899
2001-08-07,JPY,105044,26803,25375
2001-08-14,JPY,101855,26620,15062
2001-08-21,JPY,109786,40409,9798
2001-08-28,JPY,111974,40057,9877
2001-09-04,JPY,115883,40762,8251
2001-09-10,JPY,112122,32713,9220
2001-09-18,JPY,86678,37787,9348
2001-09-25,JPY,90169,39909,9544
2001-10-02,JPY,75174,22438,8929
2001-10-09,JPY,71605,20983,10715
2001-10-16,JPY,74649,15409,16523
2001-10-23,JPY,75643,3588,25372
2001-10-30,JPY,81807,3817,31162
2001-11-06,JPY,91333,14379,28293
2001-11-13,JPY,92819,19203,23434
2001-11-20,JPY,102491,13491,32377
2001-11-27,JPY,109170,18647,40277
2001-12-04,JPY,119948,29792,38210
2001-12-11,JPY,153340,36798,41056
2001-12-18,JPY,126848,37020,38955
2001-12-21,JPY,129864,37531,41852
2001-12-28,JPY,130768,39575,38709
2002-01-08,JPY,135340,38443,41973
2002-01-15,JPY,133175,36543,39146
2002-01-22,JPY,130458,27336,41737
2002-01-29,JPY,126984,31724,38067
2002-02-05,JPY,129271,31592,35608
2002-02-12,JPY,115316,22996,30777
2002-02-19,JPY,122120,23244,35576
2002-02-26,JPY,127692,23130,42942
2002-03-05,JPY,104976,13717,27363
2002-03-12,JPY,110848,20510,13612
2002-03-19,JPY,71074,13812,14939
2002-03-26,JPY,72383,12941,17301
2002-04-02,JPY,78204,14174,23431
2002-04-09,JPY,69913,7488,18329
2002-04-16,JPY,71886,8644,17395
2002-04-23,JPY,67954,12647,13373
2002-04-30,JPY,82621,16757,11103
2002-05-07,JPY,84031,16872,10358
2002-05-14,JPY,83322,14583,11769
2002-05-21,JPY,95905,21800,7938
2002-05-28,JPY,94948,20481,8307
2002-06-04,JPY,97625,17715,9340
2002-06-11,JPY,105123,17774,11699
2002-06-18,JPY,68634,19424,9955
2002-06-25,JPY,75487,21992,11383
2002-07-02,JPY,74473,19786,10740
2002-07-09,JPY,78069,20799,10599
2002-07-16,JPY,78550,21661,10440
2002-07-23,JPY,76478,20262,10399
2002-07-30,JPY,73947,14452,10600
2002-08-06,JPY,71254,12340,11634
2002-08-13,JPY,70948,13237,9573
2002-08-20,JPY,70974,12496,9084
2002-08-27,JPY,72646,15007,10656
2002-09-03,JPY,77046,17853,11212
2002-09-10,JPY,102073,14997,11777
2002-09-17,JPY,68295,1996,18370
2002-09-24,JPY,70469,1826,19906
2002-10-01,JPY,71055,2586,17899
2002-10-08,JPY,82495,9841,23082
2002-10-15,JPY,80287,8606,21436
2002-10-22,JPY,85343,8768,23702
2002-10-29,JPY,79469,13185,21449
2002-11-05,JPY,75258,12412,17108
2002-11-12,JPY,77422,14064,14491
2002-11-19,JPY,75092,12867,15758
2002-11-26,JPY,71861,11744,16208
2002-12-03,JPY,78433,9754,19657
2002-12-10,JPY,119680,8206,20416
2002-12-17,JPY,87176,11832,12538
2002-12-23,JPY,92767,16976,13169
2002-12-31,JPY,119681,40666,12532
2003-01-07,JPY,116555,39488,12261
2003-01-14,JPY,120396,44399,11455
2003-01-21,JPY,119530,44463,11170
2003-01-28,JPY,108851,36528,10918
2003-02-04,JPY,91248,19681,14087
2003-02-11,JPY,110275,30376,19667
2003-02-18,JPY,113853,37746,19313
2003-02-25,JPY,118365,45047,9293
2003-03-04,JPY,116621,40722,8690
2003-03-11,JPY,133098,42400,6181
2003-03-18,JPY,82659,30389,7071
2003-03-25,JPY,84457,10780,23763
2003-04-01,JPY,80136,12485,16388
2003-04-08,JPY,75088,11031,16665
2003-04-15,JPY,79252,9937,19354
2003-04-22,JPY,83959,14525,18708
2003-04-29,JPY,86346,9641,19821
2003-05-06,JPY,99924,19853,17185
2003-05-13,JPY,114134,38488,9026
2003-05-20,JPY,111964,37884,8114
2003-05-27,JPY,109843,36758,7315
2003-06-03,JPY,98513,19933,12373
2003-06-10,JPY,121421,22835,11079
2003-06-17,JPY,91916,24463,13601
2003-06-24,JPY,98292,25897,8761
2003-07-01,JPY,104184,8768,22165
2003-07-08,JPY,104434,13642,13534
2003-07-15,JPY,113969,23702,7877
2003-07-22,JPY,104161,16536,9744
2003-07-29,JPY,103252,18580,12272
2003-08-05,JPY,125420,10136,46435
2003-08-12,JPY,115581,12940,22880
2003-08-19,JPY,118044,14557,23909
2003-08-26,JPY,131738,22148,8916
2003-09-02,JPY,169584,53464,6509
2003-09-09,JPY,171788,59532,6687
2003-09-16,JPY,126661,60153,5506
2003-09-23,JPY,135500,61520,7972
2003-09-30,JPY,144431,69657,28792
2003-10-07,JPY,159009,76438,26713
2003-10-14,JPY,154276,71679,32470
2003-10-21,JPY,151390,69794,21490
2003-10-28,JPY,152880,71462,16552
2003-11-04,JPY,135896,56179,5835
2003-11-11,JPY,143363,63585,5788
2003-11-18,JPY,143468,59678,5916
2003-11-25,JPY,133380,47773,5233
2003-12-02,JPY,142600,53739,7553
2003-12-09,JPY,170513,62513,5777
2003-12-16,JPY,139376,62421,4185
2003-12-22,JPY,131080,52320,4185
2003-12-30,JPY,138423,51851,4187
2004-01-06,JPY,156255,62753,5919
2004-01-13,JPY,159233,65248,4646
2004-01-20,JPY,152326,56801,5093
2004-01-27,JPY,160713,63946,5954
2004-02-03,JPY,169516,70199,5700
2004-02-10,JPY,160443,64595,5965
2004-02-17,JPY,159603,62030,6832
2004-02-24,JPY,142090,16202,28383
2004-03-02,JPY,153545,15719,38031
2004-03-09,JPY,156926,7779,42295
2004-03-16,JPY,89476,6974,38413
2004-03-23,JPY,86095,11328,25929
2004-03-30,JPY,107017,26251,21942
2004-04-06,JPY,132851,43206,22818
2004-04-12,JPY,135388,47017,22257
2004-04-20,JPY,104240,18697,24741
2004-04-27,JPY,104978,17240,17036
2004-05-04,JPY,103861,12525,9552
2004-05-11,JPY,108604,8791,18884
2004-05-18,JPY,105799,9095,21777
2004-05-25,JPY,107597,8656,20763
2004-06-01,JPY,115839,8561,13400
2004-06-08,JPY,126066,12259,11661
2004-06-15,JPY,91167,11677,9184
2004-06-22,JPY,92993,12433,6938
2004-06-29,JPY,98904,13262,4846
2004-07-06,JPY,99512,7488,5071
2004-07-13,JPY,106390,10569,8403
2004-07-20,JPY,109321,11789,9952
2004-07-27,JPY,107170,10608,13009
2004-08-03,JPY,113468,12133,15401
2004-08-10,JPY,110433,10330,18612
2004-08-17,JPY,113957,11251,16456
2004-08-24,JPY,108560,12757,13726
2004-08-31,JPY,109198,12753,12228
2004-09-07,JPY,106537,10847,11679
2004-09-14,JPY,79272,7982,12039
2004-09-21,JPY,82044,7666,17023
2004-09-28,JPY,94536,10277,32480
2004-10-05,JPY,111308,11572,26068
2004-10-12,JPY,117286,12753,19140
2004-10-19,JPY,130921,22884,14319
2004-10-26,JPY,143619,41391,13755
2004-11-02,JPY,162362,46779,9965
2004-11-09,JPY,174751,53757,14664
2004-11-16,JPY,181901,58608,14012
2004-11-23,JPY,190372,56698,23500
2004-11-30,JPY,196960,61276,21916
2004-12-07,JPY,221297,50795,13472
2004-12-14,JPY,145978,33636,12235
2004-12-21,JPY,145705,33373,12797
2004-12-28,JPY,150488,39240,11487
2005-01-04,JPY,155870,33972,11252
2005-01-11,JPY,161868,35208,11463
2005-01-18,JPY,171109,39872,31993
2005-01-25,JPY,162182,33608,32684
2005-02-01,JPY,167125,31214,30815
2005-02-08,JPY,155552,19798,34088
2005-02-15,JPY,151987,13017,36710
2005-02-22,JPY,154084,14078,40013
2005-03-01,JPY,153631,13422,20545
2005-03-08,JPY,171109,13350,23136
2005-03-15,JPY,107434,13944,19290
2005-03-22,JPY,108865,15675,27578
2005-03-29,JPY,114268,11033,41222
2005-04-05,JPY,127406,9686,46128
2005-04-12,JPY,133228,11954,56150
2005-04-19,JPY,143178,6927,61624
2005-04-26,JPY,138788,11215,43717
2005-05-03,JPY,160185,21832,35963
2005-05-10,JPY,160836,20771,30334
2005-05-17,JPY,189032,11663,59546
2005-05-24,JPY,184022,10629,49460
2005-05-31,JPY,183593,6467,54902
2005-06-07,JPY,185988,5295,42406
2005-06-14,JPY,144048,8991,61022
2005-06-21,JPY,139726,11128,49102
2005-06-28,JPY,147872,10844,62689
2005-07-05,JPY,156517,11579,63765
2005-07-12,JPY,162959,10830,73906
2005-07-19,JPY,168697,9165,68221
2005-07-26,JPY,161014,8032,55800
2005-08-02,JPY,165281,9337,52488
2005-08-09,JPY,177994,12768,61428
2005-08-16,JPY,166923,12423,38808
2005-08-23,JPY,166538,9358,40724
2005-08-30,JPY,178245,7941,55606
2005-09-06,JPY,175986,8017,42389
2005-09-13,JPY,189247,10280,45214
2005-09-20,JPY,127850,11954,59583
2005-09-27,JPY,138571,13469,72535
2005-10-04,JPY,167979,16352,79651
2005-10-11,JPY,176161,18745,84780
2005-10-18,JPY,199678,20214,86855
2005-10-25,JPY,195218,20098,86780
2005-11-01,JPY,195803,19862,86164
2005-11-08,JPY,197715,19428,84056
2005-11-15,JPY,203137,21147,88378
2005-11-22,JPY,204816,21037,86921
2005-11-29,JPY,206878,22626,86626
2005-12-06,JPY,220313,26712,98355
2005-12-13,JPY,243599,22221,94284
2005-12-20,JPY,139503,12322,38427
2005-12-27,JPY,148945,16998,39127
2006-01-03,JPY,155722,22192,46929
2006-01-10,JPY,169886,30472,50001
2006-01-17,JPY,167681,30062,48321
2006-01-24,JPY,166600,29698,48976
2006-01-31,JPY,188724,32287,74032
2006-02-07,JPY,197898,31219,87566
2006-02-14,JPY,195644,27560,82617
2006-02-21,JPY,203465,26959,98143
2006-02-28,JPY,201773,41587,64408
2006-03-07,JPY,248612,36738,78569
2006-03-14,JPY,189513,24814,70103
2006-03-21,JPY,175962,23115,52471
2006-03-28,JPY,180101,27229,57641
2006-04-04,JPY,189732,30603,63319
2006-04-11,JPY,205630,36213,90684
2006-04-18,JPY,202039,38749,79890
2006-04-25,JPY,201415,40997,47487
2006-05-02,JPY,206400,44389,41700
2006-05-09,JPY,210545,46769,27925
2006-05-16,JPY,212386,47053,27932
2006-05-23,JPY,211949,49669,31340
2006-05-30,JPY,208512,56019,30278
2006-06-06,JPY,201843,47148,26145
2006-06-13,JPY,243513,39360,48957
2006-06-20,JPY,161290,23877,46884
2006-06-27,JPY,174066,25190,60762
2006-07-03,JPY,168688,25330,49239
2006-07-11,JPY,173470,27639,48343
2006-07-18,JPY,203567,27724,96773
2006-07-25,JPY,208508,26299,103185
2006-08-01,JPY,195626,25391,68375
2006-08-08,JPY,198570,25031,76822
2006-08-15,JPY,216492,29646,91920
2006-08-22,JPY,227195,30853,105930
2006-08-29,JPY,244441,33920,122249
2006-09-05,JPY,228792,32941,102439
2006-09-12,JPY,275585,34942,134394
2006-09-19,JPY,225098,34955,125759
2006-09-26,JPY,221240,42518,129876
2006-10-03,JPY,243819,47430,151581
2006-10-10,JPY,267803,50595,174193
2006-10-17,JPY,261575,53173,165751
2006-10-24,JPY,282998,50401,187691
2006-10-31,JPY,226607,46776,106376
2006-11-07,JPY,229063,48102,111614
2006-11-14,JPY,233573,48106,103118
2006-11-21,JPY,258327,50648,131069
2006-11-28,JPY,252107,56033,97991
2006-12-05,JPY,268136,62344,85881
2006-12-12,JPY,276919,50622,106182
2006-12-19,JPY,239042,48950,141469
2006-12-26,JPY,262764,55629,160543
2007-01-03,JPY,280541,54819,173411
2007-01-09,JPY,287999,54341,177684
2007-01-16,JPY,308740,56031,194177
2007-01-23,JPY,344998,52200,217060
2007-01-30,JPY,344070,42579,215584
2007-02-06,JPY,314920,41025,169551
2007-02-13,JPY,361809,43467,210972
2007-02-20,JPY,332216,42286,158481
2007-02-27,JPY,328295,39383,154009
2007-03-06,JPY,278491,30479,93365
2007-03-13,JPY,281602,38194,91047
2007-03-20,JPY,176550,34269,84222
2007-03-27,JPY,204073,37765,85245
2007-04-03,JPY,221748,36845,100703
2007-04-10,JPY,230370,42718,107559
2007-04-17,JPY,234796,43281,113800
2007-04-24,JPY,235531,37900,119672
2007-05-01,JPY,279868,47618,166400
2007-05-08,JPY,284780,51213,163472
2007-05-15,JPY,297263,46650,174546
2007-05-22,JPY,326431,52301,204047
2007-05-29,JPY,319048,51301,197544
2007-06-05,JPY,311288,53781,177787
2007-06-12,JPY,380532,48791,176353
2007-06-19,JPY,310083,45218,206579
2007-06-26,JPY,352299,49411,237488
2007-07-03,JPY,326811,43373,198511
2007-07-10,JPY,320333,51549,177439
2007-07-17,JPY,303595,50431,177204
2007-07-24,JPY,284669,51088,143503
2007-07-31,JPY,264271,46600,97762
2007-08-07,JPY,263905,47110,81603
2007-08-14,JPY,278398,57759,79648
2007-08-21,JPY,273008,61218,59702
2007-08-28,JPY,276995,66128,56282
2007-09-04,JPY,269834,58339,65392
2007-09-11,JPY,299538,62733,57148
2007-09-18,JPY,168189,41534,62601
2007-09-25,JPY,171770,46051,48500
2007-10-02,JPY,197060,35521,63590
2007-10-09,JPY,224347,36321,82078
2007-10-16,JPY,228334,45607,84220
2007-10-23,JPY,225032,46369,67723
2007-10-30,JPY,222002,57461,67410
2007-11-06,JPY,216041,59945,68842
2007-11-13,JPY,190955,63338,42542
2007-11-20,JPY,193209,68020,37619
2007-11-27,JPY,192574,68104,36772
2007-12-04,JPY,195761,73463,39378
2007-12-11,JPY,218614,68557,37654
2007-12-18,JPY,176620,54075,40718
2007-12-24,JPY,180033,46961,42948
2007-12-31,JPY,181412,45107,44187
2008-01-08,JPY,193786,62356,24883
2008-01-15,JPY,202548,64712,27513
2008-01-22,JPY,193308,67896,26054
2008-01-29,JPY,206162,78810,25882
2008-02-05,JPY,225290,83740,29050
2008-02-12,JPY,231216,73955,30484
2008-02-19,JPY,237223,80805,30361
2008-02-26,JPY,235856,70188,35899
2008-03-04,JPY,254859,94654,38369
2008-03-11,JPY,234069,86383,36230
2008-03-18,JPY,193580,82300,26541
2008-03-25,JPY,196616,88691,22771
2008-04-01,JPY,189206,78135,25837
2008-04-08,JPY,182491,70424,27357
2008-04-15,JPY,177514,68950,20978
2008-04-22,JPY,172737,60353,25266
2008-04-29,JPY,166940,73485,18035
2008-05-06,JPY,169098,69355,20620
2008-05-13,JPY,174423,62209,28393
2008-05-20,JPY,165388,65203,25155
2008-05-27,JPY,171688,62907,29603
2008-06-03,JPY,164454,55009,31644
2008-06-10,JPY,202372,43391,35675
2008-06-17,JPY,161544,39989,34132
2008-06-24,JPY,164015,34316,47063
2008-07-01,JPY,175598,45189,29184
2008-07-08,JPY,175428,40519,35194
2008-07-15,JPY,213992,77600,27495
2008-07-22,JPY,187785,48433,37909
2008-07-29,JPY,178959,39162,45442
2008-08-05,JPY,200818,45898,57979
2008-08-12,JPY,208622,46164,59413
2008-08-19,JPY,212982,40933,64071
2008-08-26,JPY,209138,40103,60073
2008-09-02,JPY,205813,38405,43425
2008-09-09,JPY,206916,39298,24477
2008-09-16,JPY,132133,50625,24025
2008-09-23,JPY,141677,51186,19247
2008-09-30,JPY,159908,69373,26351
2008-10-07,JPY,158003,61557,21744
2008-10-14,JPY,132983,51709,21805
2008-10-21,JPY,138768,51441,21320
2008-10-28,JPY,143020,51215,19389
2008-11-04,JPY,129500,46772,20278
2008-11-11,JPY,130102,46353,21842
2008-11-18,JPY,129694,46827,22693
2008-11-25,JPY,131206,62066,24900
2008-12-02,JPY,138994,67743,24840
2008-12-09,JPY,166059,62978,19719
2008-12-16,JPY,110472,59985,18604
2008-12-22,JPY,105339,56334,16236
2008-12-30,JPY,105926,57793,13917
2009-01-06,JPY,110160,62615,16221
2009-01-13,JPY,107714,60480,15585
2009-01-20,JPY,113171,62529,15439
2009-01-27,JPY,115063,63369,14362
2009-02-03,JPY,117069,65131,14613
2009-02-10,JPY,106751,56870,13273
2009-02-17,JPY,108685,54653,18465
2009-02-24,JPY,108705,47262,18627
2009-03-03,JPY,110223,46618,26548
2009-03-10,JPY,114020,43326,24420
2009-03-17,JPY,70507,27170,31866
2009-03-24,JPY,69923,25057,32719
2009-03-31,JPY,76607,26744,36207
2009-04-07,JPY,84138,25566,32564
2009-04-14,JPY,82017,21169,27264
2009-04-21,JPY,74215,18343,32038
2009-04-28,JPY,75734,22162,26741
2009-05-05,JPY,75595,21588,28106
2009-05-12,JPY,85709,28513,26125
2009-05-19,JPY,90204,29526,23526
2009-05-26,JPY,96706,34860,26851
2009-06-02,JPY,96969,34077,24456
2009-06-09,JPY,93527,25222,27521
2009-06-16,JPY,62998,18287,26850
2009-06-23,JPY,73797,22186,26193
2009-06-30,JPY,73476,23261,24308
2009-07-07,JPY,89956,36668,19551
2009-07-14,JPY,110140,52640,19073
2009-07-21,JPY,110610,52973,16785
2009-07-28,JPY,90649,37334,13032
2009-08-04,JPY,80101,28269,17654
2009-08-11,JPY,70654,24019,23195
2009-08-18,JPY,72642,25121,22768
2009-08-25,JPY,86500,34055,22408
2009-09-01,JPY,107605,52041,19676
2009-09-08,JPY,115249,56725,15926
2009-09-15,JPY,108330,54044,16937
2009-09-22,JPY,119425,63269,17654
2009-09-29,JPY,119276,63449,18593
2009-10-06,JPY,120340,62127,17484
2009-10-13,JPY,119052,49817,16478
2009-10-20,JPY,120630,49401,18216
2009-10-27,JPY,115161,36076,18546
2009-11-03,JPY,110032,39028,19196
2009-11-09,JPY,117344,42044,20166
2009-11-17,JPY,125908,48750,13198
2009-11-24,JPY,131833,65224,13514
2009-12-01,JPY,144123,73793,16886
2009-12-08,JPY,123501,48754,13572
2009-12-15,JPY,88438,33810,25438
2009-12-22,JPY,93224,29477,30488
2009-12-29,JPY,95217,19943,34846
2010-01-05,JPY,104231,20634,37445
2010-01-12,JPY,120568,21951,38695
2010-01-19,JPY,122367,23718,40814
2010-01-26,JPY,119819,28821,33168
2010-02-02,JPY,116129,30177,23042
2010-02-09,JPY,120060,41352,18956
2010-02-16,JPY,119816,35691,21779
2010-02-23,JPY,122919,30432,28715
2010-03-02,JPY,133600,57332,24780
2010-03-09,JPY,137443,51919,25631
2010-03-16,JPY,95999,41278,26081
2010-03-23,JPY,96913,41030,30869
2010-03-30,JPY,109417,17174,48040
2010-04-06,JPY,123837,18596,60901
2010-04-13,JPY,131723,12573,68319
2010-04-20,JPY,134324,14211,64549
2010-04-27,JPY,137780,15018,64795
2010-05-04,JPY,147243,12430,78042
2010-05-11,JPY,146389,23265,57934
2010-05-18,JPY,142699,21393,55682
2010-05-25,JPY,140769,31994,42232
2010-06-01,JPY,133365,33215,39699
2010-06-08,JPY,133010,28519,41066
2010-06-15,JPY,82217,23304,26984
2010-06-22,JPY,91415,29257,25627
2010-06-29,JPY,120484,51721,24294
2010-07-06,JPY,135128,62476,24550
2010-07-13,JPY,133665,63205,15846
2010-07-20,JPY,127658,54733,13822
2010-07-27,JPY,124595,48488,18567
2010-08-03,JPY,133870,61723,13725
2010-08-10,JPY,136999,65314,12836
2010-08-17,JPY,137645,62745,12776
2010-08-24,JPY,140128,63086,12017
2010-08-31,JPY,139079,61219,11315
2010-09-07,JPY,150513,65440,13257
2010-09-14,JPY,134360,61215,13573
2010-09-21,JPY,113349,39948,16848
2010-09-28,JPY,118274,45136,16470
2010-10-05,JPY,142488,66866,17660
2010-10-12,JPY,146581,66463,18178
2010-10-19,JPY,139496,62554,16698
2010-10-26,JPY,139850,61305,18176
2010-11-02,JPY,140062,63061,16606
2010-11-09,JPY,140515,54256,17602
2010-11-16,JPY,131701,47595,24737
2010-11-23,JPY,129620,51161,23969
2010-11-30,JPY,133069,55791,25785
2010-12-07,JPY,132233,47661,24373
2010-12-14,JPY,96110,34996,22261
2010-12-21,JPY,90072,34243,21714
2010-12-28,JPY,109343,49941,20300
2011-01-04,JPY,128483,65924,26859
2011-01-11,JPY,107132,43884,19148
2011-01-18,JPY,110405,46258,25729
2011-01-25,JPY,116661,54495,22277
2011-02-01,JPY,116384,52648,21167
2011-02-08,JPY,117705,56607,19876
2011-02-15,JPY,116803,24389,42937
2011-02-22,JPY,124016,23457,51203
2011-03-01,JPY,136561,62396,21122
2011-03-08,JPY,131247,43205,26549
2011-03-15,JPY,114701,52603,22373
2011-03-22,JPY,112051,52484,17959
2011-03-29,JPY,100377,37737,30685
2011-04-05,JPY,120632,16516,59747
2011-04-12,JPY,130084,14183,67060
2011-04-19,JPY,127838,12935,65918
2011-04-26,JPY,114134,14063,51060
2011-05-03,JPY,104590,19779,38598
2011-05-10,JPY,102289,36100,23046
2011-05-17,JPY,103453,38016,22643
2011-05-24,JPY,99264,32188,24182
2011-05-31,JPY,95929,24186,25834
2011-06-07,JPY,106199,35883,18252
2011-06-14,JPY,94483,38618,13850
2011-06-21,JPY,99071,47074,14480
2011-06-28,JPY,94286,34319,20696
2011-07-05,JPY,94901,34595,20268
2011-07-12,JPY,115846,52277,23989
2011-07-19,JPY,129653,63535,21380
2011-07-26,JPY,138932,72114,20812
2011-08-02,JPY,148888,78855,20022
2011-08-09,JPY,119904,53386,11237
2011-08-16,JPY,126262,59060,11712
2011-08-23,JPY,131217,60831,13692
2011-08-30,JPY,126128,54136,12951
2011-09-06,JPY,123412,48125,15338
2011-09-13,JPY,151535,53778,18823
2011-09-20,JPY,127828,63888,18271
2011-09-27,JPY,125732,61166,18844
2011-10-04,JPY,134724,60867,17405
2011-10-11,JPY,153849,54190,19071
2011-10-18,JPY,152255,49047,22140
2011-10-25,JPY,165616,75999,21720
2011-11-01,JPY,138045,43671,17767
2011-11-08,JPY,138981,44320,16243
2011-11-15,JPY,142233,49916,16236
2011-11-22,JPY,149571,57018,13838
2011-11-29,JPY,166279,56162,15615
2011-12-06,JPY,178625,56817,18546
2011-12-13,JPY,204818,52249,16649
2011-12-20,JPY,132006,52148,27672
2011-12-27,JPY,132557,52691,30106
2012-01-03,JPY,158719,72986,16505
2012-01-10,JPY,163533,76671,17014
2012-01-17,JPY,168070,78355,19493
2012-01-24,JPY,152061,66194,21827
2012-01-31,JPY,172967,81054,24385
2012-02-07,JPY,178512,84847,29676
2012-02-14,JPY,153683,64096,34637
2012-02-21,JPY,150551,62062,44805
2012-02-28,JPY,148310,51558,52761
2012-03-06,JPY,147952,33281,52639
2012-03-13,JPY,196396,22249,64629
2012-03-20,JPY,139769,34923,60744
2012-03-27,JPY,145497,10905,78527
2012-04-03,JPY,150382,14563,79671
2012-04-10,JPY,150875,16097,82181
2012-04-17,JPY,144168,16917,74720
2012-04-24,JPY,137636,12669,68572
2012-05-01,JPY,140349,14110,64283
2012-05-08,JPY,141842,16369,57462
2012-05-15,JPY,139275,17455,51770
2012-05-22,JPY,142168,20483,38498
2012-05-29,JPY,140684,21620,32950
2012-06-05,JPY,169663,37376,25303
2012-06-12,JPY,174278,38182,25875
2012-06-19,JPY,123868,44740,29603
2012-06-26,JPY,123247,43910,39368
2012-07-03,JPY,117403,36950,32775
2012-07-10,JPY,115522,32920,23968
2012-07-17,JPY,121806,36734,25613
2012-07-24,JPY,139033,52024,26963
2012-07-31,JPY,144095,55373,23119
2012-08-07,JPY,148998,55883,28344
2012-08-14,JPY,151036,55983,25279
2012-08-21,JPY,141458,43584,32413
2012-08-28,JPY,149444,53571,32015
2012-09-04,JPY,152452,55133,31126
2012-09-11,JPY,176618,60862,28089
2012-09-18,JPY,128862,41500,26024
2012-09-25,JPY,137692,47318,26207
2012-10-02,JPY,141693,52696,23361
2012-10-09,JPY,127442,40778,27864
2012-10-16,JPY,131343,42767,32681
2012-10-23,JPY,137135,25550,43746
2012-10-30,JPY,147135,19886,56906
2012-11-06,JPY,161552,24966,65070
2012-11-13,JPY,155931,21980,52427
2012-11-20,JPY,180979,28272,79661
2012-11-27,JPY,208130,27027,106493
2012-12-04,JPY,220982,20929,111255
2012-12-11,JPY,267582,16369,110770
2012-12-18,JPY,196662,27935,117098
2012-12-24,JPY,195705,26757,112365
2012-12-31,JPY,194632,30432,110949
2013-01-08,JPY,193295,32129,106225
2013-01-15,JPY,196509,39447,105174
2013-01-22,JPY,202225,41983,106051
2013-01-29,JPY,219635,48476,119722
2013-02-05,JPY,217709,50667,119080
2013-02-12,JPY,215036,55782,117088
2013-02-19,JPY,218241,54662,120553
2013-02-26,JPY,216323,51998,117342
2013-03-05,JPY,241938,50958,124309
2013-03-12,JPY,288474,51240,145003
2013-03-19,JPY,216674,55408,135401
2013-03-26,JPY,220896,46931,136080
2013-04-02,JPY,213997,46966,125137
2013-04-09,JPY,220626,39699,117396
2013-04-16,JPY,214577,26448,119859
2013-04-23,JPY,204150,25942,105672
2013-04-30,JPY,198106,24872,95999
2013-05-07,JPY,209370,27886,106446
2013-05-14,JPY,229746,28882,117289
2013-05-21,JPY,227826,19454,114640
2013-05-28,JPY,231012,18406,118175
2013-06-04,JPY,219135,19176,101920
2013-06-11,JPY,243644,21722,94628
2013-06-18,JPY,163921,23010,84900
2013-06-25,JPY,161160,24376,85838
2013-07-02,JPY,178926,27336,98072
2013-07-09,JPY,185249,25117,105422
2013-07-16,JPY,182429,20220,105982
2013-07-23,JPY,187250,22513,110009
2013-07-30,JPY,174872,18216,100351
2013-08-06,JPY,172059,19421,99634
2013-08-13,JPY,159496,17375,91837
2013-08-20,JPY,162168,19720,91441
2013-08-27,JPY,175588,23396,101749
2013-09-03,JPY,178360,27665,107426
2013-09-10,JPY,197099,18854,113920
2013-09-17,JPY,177045,26088,114882
2013-09-24,JPY,174892,18173,110991
2013-10-01,JPY,170525,18634,100958
2013-10-08,JPY,165957,28165,85262
2013-10-15,JPY,159871,25392,84658
2013-10-22,JPY,152938,13928,85730
2013-10-29,JPY,151987,17483,79878
2013-11-05,JPY,169004,18734,92526
2013-11-12,JPY,195690,20977,116084
2013-11-19,JPY,214211,19424,131640
2013-11-26,JPY,236713,23999,147201
2013-12-03,JPY,245167,21290,154673
2013-12-10,JPY,262229,18085,147796
2013-12-17,JPY,232743,22225,152448
2013-12-24,JPY,239160,14261,158083
2013-12-31,JPY,232225,14274,149502
2014-01-07,JPY,230156,11340,140208
2014-01-14,JPY,218324,10754,128820
2014-01-21,JPY,217548,13128,128089
2014-01-28,JPY,203014,15977,102169
2014-02-04,JPY,199361,15896,92725
2014-02-11,JPY,196435,13686,92472
2014-02-18,JPY,200057,16736,96520
2014-02-25,JPY,203743,14727,99817
2014-03-04,JPY,205886,20407,100116
2014-03-11,JPY,242170,15726,115082
2014-03-18,JPY,156922,24144,85243
2014-03-25,JPY,158280,17600,86487
2014-04-01,JPY,188464,22162,110800
2014-04-08,JPY,181814,13340,100802
2014-04-15,JPY,164843,14351,83067
2014-04-22,JPY,165674,16564,83807
2014-04-29,JPY,168820,13846,84198
2014-05-06,JPY,167093,20381,81109
2014-05-13,JPY,164707,17471,82178
2014-05-20,JPY,164819,18681,72468
2014-05-27,JPY,162820,16999,76035
2014-06-03,JPY,171804,12578,86796
2014-06-10,JPY,201094,11893,94055
2014-06-17,JPY,153007,17832,85870
2014-06-24,JPY,148257,10325,81548
2014-07-01,JPY,156480,18739,77425
2014-07-08,JPY,157710,11174,77549
2014-07-15,JPY,155127,8385,71333
2014-07-22,JPY,162029,11979,65895
2014-07-29,JPY,172210,7828,80897
2014-08-05,JPY,192906,9896,105295
2014-08-12,JPY,192140,12518,93615
2014-08-19,JPY,203180,17976,105247
2014-08-26,JPY,218009,19512,122403
2014-09-02,JPY,230937,15485,132793
2014-09-09,JPY,255624,17280,117953
2014-09-16,JPY,208235,37617,120799
2014-09-23,JPY,222214,28391,133813
2014-09-30,JPY,239477,29910,150788
2014-10-07,JPY,223255,24837,137388
2014-10-14,JPY,212420,22839,123986
2014-10-21,JPY,185412,26634,98372
2014-10-28,JPY,184120,23883,91282
2014-11-04,JPY,207974,37917,109568
2014-11-11,JPY,227576,47271,129834
2014-11-18,JPY,238898,46612,139066
2014-11-25,JPY,253976,46304,150684
2014-12-02,JPY,257828,41530,152690
2014-12-09,JPY,279859,38067,142203
2014-12-16,JPY,227685,45652,132579
2014-12-23,JPY,226107,29021,122763
2014-12-30,JPY,226629,28836,125155
2015-01-06,JPY,228954,33160,123243
2015-01-13,JPY,231223,25872,120497
2015-01-20,JPY,215413,26525,104411
2015-01-27,JPY,202571,26526,91184
2015-02-03,JPY,203963,25586,85157
2015-02-10,JPY,204193,25884,81008
2015-02-17,JPY,203555,31269,80360
2015-02-24,JPY,202438,31611,79123
2015-03-03,JPY,210611,33944,86465
2015-03-10,JPY,235089,32898,92285
2015-03-17,JPY,195913,44496,92550
2015-03-24,JPY,181026,39156,85061
2015-03-31,JPY,177478,44409,68333
2015-04-07,JPY,189444,53320,77769
2015-04-14,JPY,195230,54783,77853
2015-04-21,JPY,189332,51520,65968
2015-04-28,JPY,188079,48721,54214
2015-05-05,JPY,198886,41852,73035
2015-05-12,JPY,193296,37848,61441
2015-05-19,JPY,231658,63398,85403
2015-05-26,JPY,251744,50210,112434
2015-06-02,JPY,260104,46681,132374
2015-06-09,JPY,306449,42440,158726
2015-06-16,JPY,262329,64760,145424
2015-06-23,JPY,247839,39019,126736
2015-06-30,JPY,254014,45479,124301
2015-07-07,JPY,250828,46070,109699
2015-07-14,JPY,247704,49167,96538
2015-07-21,JPY,251136,50899,113213
2015-07-28,JPY,246269,46270,109808
2015-08-04,JPY,252655,49906,129622
2015-08-11,JPY,264608,45768,150994
2015-08-18,JPY,251418,45935,136065
2015-08-25,JPY,260458,59922,98981
2015-09-01,JPY,273205,68023,83578
2015-09-08,JPY,279712,63121,69783
2015-09-15,JPY,166081,36449,63263
2015-09-22,JPY,177439,48282,71960
2015-09-29,JPY,174697,39753,61805
2015-10-06,JPY,170780,39050,56649
2015-10-13,JPY,169873,38004,51836
2015-10-20,JPY,184281,48747,52386
2015-10-27,JPY,189472,36437,70348
2015-11-03,JPY,204271,41489,85276
2015-11-10,JPY,234202,35081,101969
2015-11-17,JPY,250346,34475,113086
2015-11-24,JPY,247513,30277,107613
2015-12-01,JPY,253505,31228,106129
2015-12-08,JPY,246055,26400,94450
2015-12-15,JPY,194196,37301,63881
2015-12-22,JPY,197375,37677,68044
2015-12-29,JPY,196825,45008,62234
2016-01-05,JPY,220707,67471,63368
2016-01-12,JPY,241366,78385,53119
2016-01-19,JPY,247614,84485,46832
2016-01-26,JPY,250711,92628,42602
2016-02-02,JPY,237289,82108,44863
2016-02-09,JPY,237081,75811,32579
2016-02-16,JPY,248985,84518,36617
2016-02-23,JPY,257064,92376,39642
2016-03-01,JPY,261679,94070,34445
2016-03-08,JPY,289879,93867,29534
2016-03-15,JPY,140084,79426,33937
2016-03-22,JPY,146421,82812,29466
2016-03-29,JPY,148292,84870,30483
2016-04-05,JPY,166831,98130,38057
2016-04-12,JPY,173515,100120,33930
2016-04-19,JPY,179888,105710,33840
2016-04-26,JPY,168767,97470,30972
2016-05-03,JPY,161529,85627,24106
2016-05-10,JPY,165549,88897,29850
2016-05-17,JPY,158909,86165,27246
2016-05-24,JPY,159833,54792,32733
2016-05-31,JPY,156499,46964,32127
2016-06-07,JPY,180894,68237,25384
2016-06-14,JPY,139052,77703,22013
2016-06-21,JPY,144710,79398,27102
2016-06-28,JPY,143117,85493,25743
2016-07-05,JPY,150417,87037,23469
2016-07-12,JPY,161262,85364,37819
2016-07-19,JPY,158366,79864,40511
2016-07-26,JPY,159869,74074,39116
2016-08-02,JPY,156696,76575,34875
2016-08-09,JPY,167011,86719,37888
2016-08-16,JPY,165905,88273,32267
2016-08-23,JPY,164756,90387,30071
2016-08-30,JPY,164329,91570,27909
2016-09-06,JPY,159342,83968,29479
2016-09-13,JPY,167340,86140,29294
2016-09-20,JPY,140738,85117,26332
2016-09-27,JPY,155170,97432,28540
2016-10-04,JPY,157574,101986,33291
2016-10-11,JPY,150394,79279,33370
2016-10-18,JPY,156607,74966,37975
2016-10-25,JPY,163040,82385,37790
2016-11-01,JPY,165124,81010,37850
2016-11-08,JPY,164328,72619,40663
2016-11-15,JPY,170967,67085,46409
2016-11-22,JPY,187684,71183,60283
2016-11-29,JPY,202171,72124,72393
2016-12-06,JPY,235915,74367,108304
2016-12-13,JPY,285274,62432,125861
2016-12-20,JPY,220435,64200,139649
2016-12-27,JPY,219343,40565,127574
2017-01-03,JPY,220120,37962,124726
2017-01-10,JPY,209488,26041,105880
2017-01-17,JPY,211752,28560,106390
2017-01-24,JPY,196765,27127,93967
2017-01-31,JPY,204494,32216,90547
2017-02-07,JPY,201632,25874,80934
2017-02-14,JPY,204277,27701,78985
2017-02-21,JPY,205223,29954,80116
2017-02-28,JPY,204602,29012,79029
2017-03-07,JPY,217982,39203,93903
2017-03-14,JPY,202647,35563,106860
2017-03-21,JPY,191626,35039,102026
2017-03-28,JPY,197542,42886,96067
2017-04-04,JPY,194368,41313,87113
2017-04-11,JPY,198381,43316,78080
2017-04-18,JPY,203617,45761,76224
2017-04-25,JPY,204179,48538,75407
2017-05-02,JPY,196845,37519,68002
2017-05-09,JPY,203140,42635,78942
2017-05-16,JPY,222510,41963,101971
2017-05-23,JPY,211298,41920,93576
2017-05-30,JPY,213727,43404,95679
2017-06-06,JPY,225549,39736,94763
2017-06-13,JPY,210617,34160,84713
2017-06-20,JPY,171840,39498,89457
2017-06-27,JPY,183705,38254,99604
2017-07-03,JPY,207597,43648,118684
2017-07-11,JPY,239786,40778,152903
2017-07-18,JPY,250071,37419,164338
2017-07-25,JPY,235140,28018,149507
2017-08-01,JPY,242876,36445,148641
2017-08-08,JPY,232827,39810,135623
2017-08-15,JPY,215090,43308,120800
2017-08-22,JPY,215457,45162,119248
2017-08-29,JPY,209890,43889,112413
2017-09-05,JPY,213200,47285,120230
2017-09-12,JPY,200444,40642,97939
2017-09-19,JPY,185352,42435,93757
2017-09-26,JPY,207097,42963,114310
2017-10-03,JPY,246889,58770,143413
2017-10-10,JPY,254124,51655,153074
2017-10-17,JPY,257087,55010,156296
2017-10-24,JPY,282230,60077,176934
2017-10-31,JPY,277706,54585,173454
2017-11-07,JPY,287936,54336,182184
2017-11-14,JPY,283628,49347,185346
2017-11-21,JPY,261019,44382,166984
2017-11-28,JPY,244536,39793,150433
2017-12-05,JPY,238077,34766,149033
2017-12-12,JPY,250581,31747,145870
2017-12-19,JPY,223424,36874,151247
2017-12-26,JPY,232428,44269,160355
2018-01-02,JPY,230564,39592,161358
2018-01-09,JPY,233144,37376,162912
2018-01-16,JPY,236305,38152,157502
2018-01-23,JPY,241136,37260,160130
2018-01-30,JPY,260237,47828,162524
2018-02-06,JPY,249478,39108,151984
2018-02-13,JPY,260170,42299,157808
2018-02-20,JPY,271271,45634,153972
2018-02-27,JPY,263066,44539,141190
2018-03-06,JPY,277327,50057,136902
2018-03-13,JPY,279671,44296,123835
2018-03-20,JPY,160250,47902,69901
2018-03-27,JPY,162038,56544,60212
2018-04-03,JPY,148818,48053,44481
2018-04-10,JPY,151202,49855,47094
2018-04-17,JPY,147319,49433,46842
2018-04-24,JPY,155237,59253,58670
2018-05-01,JPY,160337,57349,58754
2018-05-08,JPY,157576,51812,57274
2018-05-15,JPY,163411,64926,61246
2018-05-22,JPY,175316,73836,76603
2018-05-29,JPY,171339,63182,71218
2018-06-05,JPY,146448,52060,55497
2018-06-12,JPY,166877,60609,55557
2018-06-19,JPY,154641,46565,82127
2018-06-26,JPY,153566,44430,78651
2018-07-03,JPY,168360,49990,88720
2018-07-10,JPY,182066,60563,100395
2018-07-17,JPY,215413,77021,135671
2018-07-24,JPY,200427,49993,123762
2018-07-31,JPY,197566,48016,116473
2018-08-07,JPY,187902,46136,108943
2018-08-14,JPY,185834,49369,107737
2018-08-21,JPY,189698,54116,101522
2018-08-28,JPY,185082,50230,96271
2018-09-04,JPY,185347,47572,99504
2018-09-11,JPY,193428,48057,101943
2018-09-18,JPY,200221,49752,113507
2018-09-25,JPY,215376,47253,131972
2018-10-02,JPY,252277,56074,170120
2018-10-09,JPY,253374,47034,162235
2018-10-16,JPY,211210,30096,130717
2018-10-23,JPY,205643,29922,122726
2018-10-30,JPY,203113,28854,120474
2018-11-06,JPY,209453,33060,122182
2018-11-13,JPY,231730,40192,142486
2018-11-20,JPY,223144,33462,133527
2018-11-27,JPY,231711,35817,140141
2018-12-04,JPY,226835,32717,142483
2018-12-11,JPY,213055,25495,123101
2018-12-18,JPY,214868,26957,129728
2018-12-24,JPY,224458,33281,132370
2018-12-31,JPY,216224,32712,121335
2019-01-08,JPY,230524,42727,104041
2019-01-15,JPY,229295,38686,85107
2019-01-22,JPY,212563,28403,68070
2019-01-29,JPY,204816,27001,60346
2019-02-05,JPY,192789,20752,52162
2019-02-12,JPY,185725,24541,55283
2019-02-19,JPY,184023,24844,62305
2019-02-26,JPY,186158,27365,67019
2019-03-05,JPY,207083,33421,84727
2019-03-12,JPY,196766,22144,80925
2019-03-19,JPY,158074,20081,79302
2019-03-26,JPY,157145,18323,80444
2019-04-02,JPY,156838,20462,83203
2019-04-09,JPY,165736,19914,91434
2019-04-16,JPY,200018,31807,118913
2019-04-23,JPY,207316,28121,122535
2019-04-30,JPY,203323,20578,120177
2019-05-07,JPY,201462,25869,117586
2019-05-14,JPY,180573,35915,97495
2019-05-21,JPY,170834,27540,82732
2019-05-28,JPY,169790,25803,81380
2019-06-04,JPY,167810,27437,71826
2019-06-11,JPY,169387,20786,65951
2019-06-18,JPY,123629,28169,44734
2019-06-25,JPY,139439,31090,41237
2019-07-02,JPY,139355,34198,35425
2019-07-09,JPY,135737,35346,38997
2019-07-16,JPY,130304,32905,44285
2019-07-23,JPY,136245,34642,44019
2019-07-30,JPY,138842,37028,41246
2019-08-06,JPY,153338,46225,35664
2019-08-13,JPY,160271,51764,27022
2019-08-20,JPY,154662,49984,18830
2019-08-27,JPY,157862,59795,26188
2019-09-03,JPY,157788,57222,29540
2019-09-10,JPY,151397,56579,23988
2019-09-17,JPY,130940,50842,26980
2019-09-24,JPY,142026,45759,32976
2019-10-01,JPY,151860,57893,43976
2019-10-08,JPY,150019,52803,41791
2019-10-15,JPY,157707,46416,53057
2019-10-22,JPY,159250,41556,59721
2019-10-29,JPY,163486,39185,58883
2019-11-05,JPY,177106,43996,70601
2019-11-12,JPY,183480,43964,78961
2019-11-19,JPY,182445,45423,80454
2019-11-26,JPY,196894,49278,88869
2019-12-03,JPY,214223,48312,96135
2019-12-10,JPY,198700,41843,85525
2019-12-17,JPY,178529,43418,85480
2019-12-24,JPY,173142,40592,74134
2019-12-31,JPY,174966,43668,68970
2020-01-07,JPY,162094,47846,60094
2020-01-14,JPY,183863,49720,81150
2020-01-21,JPY,203579,50596,95297
2020-01-28,JPY,184919,45676,81701
2020-02-04,JPY,190079,57672,79570
2020-02-11,JPY,193822,54805,80993
2020-02-18,JPY,203631,58605,85826
2020-02-25,JPY,223904,53855,110244
2020-03-03,JPY,198404,50598,92922
2020-03-10,JPY,159128,61732,53575
2020-03-17,JPY,125769,57286,24351
2020-03-24,JPY,125594,56528,32665
2020-03-31,JPY,120270,48444,30162
2020-04-07,JPY,118595,49249,26839
2020-04-14,JPY,122929,49863,27220
2020-04-21,JPY,128272,53730,27704
2020-04-28,JPY,143835,59962,27636
2020-05-05,JPY,152042,56634,29420
2020-05-12,JPY,153370,56307,28370
2020-05-19,JPY,147975,52038,24568
2020-05-26,JPY,156827,57873,23266
2020-06-02,JPY,158743,61958,29379
2020-06-09,JPY,155159,48862,31400
2020-06-16,JPY,127287,43126,21016
2020-06-23,JPY,144549,50490,23032
2020-06-30,JPY,137362,42755,18894
2020-07-07,JPY,138313,44043,27231
2020-07-14,JPY,135263,45111,26785
2020-07-21,JPY,142686,50854,31547
2020-07-28,JPY,170269,62924,34417
2020-08-04,JPY,157968,52073,20644
2020-08-11,JPY,150149,48158,21142
2020-08-18,JPY,147076,41717,21133
2020-08-25,JPY,147553,44978,21362
2020-09-01,JPY,145922,46654,17050
2020-09-08,JPY,151546,44850,23108
2020-09-15,JPY,148912,50360,27471
2020-09-22,JPY,169251,59033,29452
2020-09-29,JPY,158298,47535,22746
2020-10-06,JPY,163024,45779,24677
2020-10-13,JPY,165616,47245,27269
2020-10-20,JPY,166091,46524,32341
2020-10-27,JPY,177622,46131,28238
2020-11-03,JPY,184751,51012,22914
2020-11-10,JPY,183518,55644,13750
2020-11-17,JPY,165073,40313,10646
2020-11-24,JPY,179503,54472,14230
2020-12-01,JPY,185873,62449,14946
2020-12-08,JPY,193326,63585,15419
2020-12-15,JPY,193317,65376,21413
2020-12-21,JPY,196845,66970,20877
2020-12-29,JPY,194454,63577,16227
2021-01-05,JPY,206963,69163,18973
2021-01-12,JPY,190811,63857,13337
2021-01-19,JPY,191540,64143,14129
2021-01-26,JPY,193822,63463,18471
2021-02-02,JPY,190948,69602,24973
2021-02-09,JPY,183901,60719,26101
2021-02-16,JPY,188119,66732,29550
2021-02-23,JPY,183247,66670,38048
2021-03-02,JPY,189270,61259,41989
2021-03-09,JPY,211347,64027,57513
2021-03-16,JPY,145951,26003,65371
2021-03-23,JPY,160581,27524,81049
2021-03-30,JPY,166091,24724,84205
2021-04-06,JPY,164310,26794,84783
2021-04-13,JPY,165431,27682,85994
2021-04-20,JPY,162649,26617,86436
2021-04-27,JPY,154894,29673,78182
2021-05-04,JPY,152676,31208,72700
2021-05-11,JPY,152404,30491,72219
2021-05-18,JPY,154727,24965,75913
2021-05-25,JPY,153196,24163,74319
2021-06-01,JPY,162091,29462,76577
2021-06-08,JPY,161592,27248,64562
2021-06-15,JPY,155359,22974,69824
2021-06-22,JPY,190545,34118,87980
2021-06-29,JPY,195698,27380,97275
2021-07-06,JPY,205341,31625,100761
2021-07-13,JPY,203727,40440,96690
2021-07-20,JPY,192301,35474,91205
2021-07-27,JPY,196102,32975,92909
2021-08-03,JPY,189242,30409,85599
2021-08-10,JPY,206131,36684,97341
2021-08-17,JPY,196495,27532,90740
2021-08-24,JPY,194477,26763,93434
2021-08-31,JPY,193999,29030,92160
2021-09-07,JPY,204435,29704,92029
2021-09-14,JPY,192088,21728,82023
2021-09-21,JPY,191213,22844,78915
2021-09-28,JPY,219638,35328,100088
2021-10-05,JPY,226379,31569,95263
2021-10-12,JPY,243617,35810,112444
2021-10-19,JPY,266750,35713,138447
2021-10-26,JPY,265254,31487,138523
2021-11-02,JPY,251058,20337,127961
2021-11-09,JPY,243087,16440,121791
2021-11-16,JPY,252897,24635,117761
2021-11-23,JPY,251801,20285,117538
2021-11-30,JPY,216692,14585,93451
2021-12-07,JPY,205970,13148,76229
2021-12-14,JPY,176584,20231,73754
2021-12-21,JPY,183743,22191,74477
2021-12-28,JPY,203814,32475,85577
2022-01-04,JPY,234068,40816,103078
2022-01-11,JPY,234005,22364,109889
2022-01-18,JPY,201820,8002,88881
2022-01-25,JPY,197830,15866,84139
2022-02-01,JPY,194435,14510,75150
2022-02-08,JPY,196478,15692,74840
2022-02-15,JPY,199425,10425,76587
2022-02-22,JPY,194169,10976,74163
2022-03-01,JPY,208629,14665,83397
2022-03-08,JPY,208683,15548,71404
2022-03-15,JPY,215484,34016,96356
2022-03-22,JPY,248221,36676,115158
2022-03-29,JPY,239698,15274,117405
2022-04-05,JPY,242217,14583,118412
2022-04-12,JPY,245403,9925,121752
2022-04-19,JPY,251291,12723,119910
2022-04-26,JPY,237995,14269,109804
2022-05-03,JPY,254813,18585,119379
2022-05-10,JPY,247278,11196,121650
2022-05-17,JPY,241308,12113,114422
2022-05-24,JPY,237256,16567,116011
2022-05-31,JPY,239080,15201,109640
2022-06-07,JPY,266054,18466,110112
2022-06-14,JPY,232513,32441,102196
2022-06-21,JPY,218076,35864,94318
2022-06-28,JPY,213767,36462,89032
2022-07-05,JPY,217672,38660,93105
2022-07-12,JPY,223539,35533,95531
2022-07-19,JPY,229449,42880,102105
2022-07-26,JPY,229219,43812,105293
2022-08-02,JPY,236737,50433,93186
2022-08-09,JPY,225834,52333,77365
2022-08-16,JPY,228697,51308,80199
2022-08-23,JPY,242132,56734,95541
2022-08-30,JPY,247030,54513,96044
2022-09-06,JPY,281266,56002,114191
2022-09-13,JPY,281716,39323,120015
2022-09-20,JPY,250892,34767,116047
2022-09-27,JPY,244655,22706,105262
2022-10-04,JPY,243289,26962,108585
2022-10-11,JPY,245007,30149,107542
2022-10-18,JPY,264265,30583,124919
2022-10-25,JPY,272597,37579,140197
2022-11-01,JPY,258906,40460,118080
2022-11-08,JPY,251378,37201,112459
2022-11-15,JPY,233346,33797,99639
2022-11-22,JPY,227435,30800,95650
2022-11-29,JPY,228328,28125,95519
2022-12-06,JPY,223424,23589,89585
2022-12-13,JPY,226964,22290,75478
2022-12-20,JPY,182034,33686,74567
2022-12-27,JPY,173136,29685,67415
2023-01-03,JPY,172590,25377,72241
2023-01-10,JPY,175745,26395,61772
2023-01-17,JPY,176862,29458,52419
2023-01-24,JPY,173321,27620,49255
2023-01-31,JPY,168540,22550,42610
2023-02-07,JPY,164069,16556,45645
2023-02-14,JPY,174955,23079,50922
2023-02-21,JPY,186100,32486,66515
2023-02-28,JPY,200047,27703,86381
2023-03-07,JPY,211297,17141,92444
2023-03-14,JPY,179782,11048,85842
2023-03-21,JPY,169188,7255,73600
2023-03-28,JPY,169473,9717,63692
2023-04-04,JPY,178828,11523,68559
2023-04-11,JPY,176822,11933,69140
2023-04-18,JPY,177507,15661,72530
2023-04-25,JPY,184041,13680,82424
2023-05-02,JPY,202996,28088,96412
2023-05-09,JPY,192574,22229,83244
2023-05-16,JPY,200515,29494,94285
2023-05-23,JPY,226400,36760,117420
2023-05-30,JPY,243237,40736,136929
2023-06-06,JPY,245332,34151,138968
2023-06-13,JPY,252566,37088,141064
2023-06-20,JPY,238556,32244,139900
2023-06-27,JPY,251524,38018,150888
2023-07-03,JPY,265066,41713,159633
2023-07-11,JPY,252349,29838,147020
2023-07-18,JPY,230932,29776,120015
2023-07-25,JPY,223760,30358,108110
2023-08-01,JPY,229015,26849,106065
2023-08-08,JPY,229849,23135,106315
2023-08-15,JPY,247954,34789,115750
2023-08-22,JPY,246923,28680,124003
2023-08-29,JPY,245452,24790,123263
2023-09-05,JPY,268344,37014,134150
2023-09-12,JPY,270854,38247,136960
2023-09-19,JPY,265860,45737,147356
2023-09-26,JPY,285974,46169,155681
2023-10-03,JPY,282682,47544,161532
2023-10-10,JPY,259937,36780,136256
2023-10-17,JPY,267521,33139,135797
2023-10-24,JPY,260909,30964,130593
2023-10-31,JPY,277272,37641,141489
2023-11-07,JPY,259698,27238,131278
2023-11-14,JPY,273763,27772,158021
2023-11-21,JPY,264903,39236,144690
2023-11-28,JPY,260781,30461,139698
2023-12-05,JPY,267482,28266,133222
2023-12-12,JPY,257581,28226,109357
2023-12-19,JPY,185940,31734,96636
2023-12-26,JPY,188540,37321,92889
2024-01-02,JPY,184042,33585,90780
2024-01-09,JPY,200299,41364,97313
2024-01-16,JPY,213309,44180,100740
2024-01-23,JPY,243032,52585,123230
2024-01-30,JPY,242029,44918,125373
2024-02-06,JPY,259542,55646,139876
2024-02-13,JPY,304592,58554,170090
2024-02-20,JPY,305438,53862,174640
2024-02-27,JPY,309633,51261,183966
2024-03-05,JPY,314586,54671,173514
2024-03-12,JPY,325675,54923,157245
2024-03-19,JPY,302500,66274,182286
2024-03-26,JPY,305701,59969,189075
2024-04-02,JPY,316809,55190,198420
2024-04-09,JPY,324479,47275,209426
2024-04-16,JPY,331110,49463,215082
2024-04-23,JPY,336167,42426,222345
2024-04-30,JPY,334848,40435,208823
2024-05-07,JPY,299859,34990,169912
2024-05-14,JPY,297606,35303,161485
2024-05-21,JPY,301315,29614,173981
2024-05-28,JPY,325231,28565,184604
2024-06-04,JPY,303009,40427,172528
2024-06-11,JPY,319274,30763,169342
2024-06-18,JPY,297117,29429,177182
2024-06-25,JPY,340237,34576,208476
2024-07-02,JPY,349817,36714,220937
2024-07-09,JPY,348954,41521,223554
2024-07-16,JPY,307205,47356,198428
2024-07-23,JPY,307183,64390,171498
2024-07-30,JPY,303151,65016,138476
2024-08-06,JPY,298937,66169,77523
2024-08-13,JPY,315338,87101,63997
2024-08-20,JPY,316197,88761,65176
2024-08-27,JPY,318259,84305,58437
2024-09-03,JPY,326795,91791,50675
2024-09-10,JPY,376514,98894,43124
2024-09-17,JPY,199463,97332,40492
2024-09-24,JPY,207702,104690,38679
2024-10-01,JPY,196200,95513,38741
2024-10-08,JPY,196685,83679,47151
2024-10-15,JPY,197871,86685,52575
2024-10-22,JPY,207338,79364,66593
2024-10-29,JPY,225894,64925,89742
2024-11-05,JPY,235762,60334,104501
2024-11-12,JPY,257688,64038,128940
2024-11-19,JPY,254087,78973,125841
2024-11-26,JPY,253566,87597,110230
2024-12-03,JPY,256849,93622,91288
2024-12-10,JPY,274834,97938,72186
2024-12-17,JPY,181673,87208,81247
2024-12-24,JPY,200720,95958,93647
2024-12-31,JPY,206971,96119,104562
2025-01-07,JPY,212456,91206,111395
2025-01-14,JPY,223952,91434,120845
2025-01-21,JPY,211620,94157,108830
2025-01-28,JPY,216788,96809,97768
2025-02-04,JPY,231911,104684,85916
2025-02-11,JPY,273314,144158,89543
2025-02-18,JPY,281163,147566,86997
2025-02-25,JPY,329186,171751,75771
2025-03-04,JPY,354415,183955,50304
2025-03-11,JPY,446178,176790,42888
2025-03-18,JPY,296567,164752,41788
2025-03-25,JPY,303778,160474,35098
2025-04-01,JPY,311162,161566,39792
2025-04-08,JPY,320758,176555,29488
2025-04-15,JPY,338849,198560,26705
2025-04-22,JPY,351226,202373,24559
2025-04-29,JPY,366246,202797,23585
2025-05-06,JPY,375546,204008,27149
2025-05-13,JPY,359521,194226,21958
2025-05-20,JPY,366865,194510,27180
2025-05-27,JPY,377011,191802,27790
2025-06-03,JPY,366008,189514,38365
2025-06-10,JPY,388263,184195,39600
2025-06-17,JPY,317523,175601,44724
2025-06-24,JPY,314767,178403,46126
2025-07-01,JPY,314251,170624,43286
2025-07-08,JPY,308621,166192,50037
2025-07-15,JPY,321350,165444,61862
2025-07-22,JPY,313040,164411,57766
2025-07-29,JPY,329115,162122,72879
2025-08-05,JPY,337378,160258,78252
2025-08-12,JPY,351163,164693,90459
2025-08-19,JPY,348982,168363,90782
2025-08-26,JPY,357366,170765,86281
2025-09-02,JPY,414249,174774,101516
2025-09-09,JPY,410799,180724,89081
2025-09-16,JPY,299620,161673,100262
2025-09-23,JPY,309893,176400,96900
2025-09-30,JPY,305711,167811,106346
2025-10-07,JPY,305134,159197,112890
2025-10-14,JPY,305003,160639,123473
2025-10-21,JPY,307569,175724,105310
2025-10-28,JPY,321889,178745,110630
2025-11-04,JPY,314190,170180,118915
2025-11-10,JPY,312845,172349,123873
2025-11-18,JPY,329456,169890,138733
2025-11-25,JPY,344420,169218,142701
2025-12-02,JPY,394859,184958,148540
2025-12-09,JPY,465416,184488,167040
2025-12-16,JPY,379679,146275,149217
2025-12-23,JPY,285084,141133,139910
2025-12-30,JPY,286132,144596,130528
2026-01-06,JPY,287715,140441,131626
2026-01-13,JPY,294242,111743,156907
2026-01-20,JPY,292607,107139,151968
2026-01-27,JPY,300726,104460,138393
2026-02-03,JPY,303673,114428,133650
2026-02-10,JPY,334948,128090,147196
2026-02-17,JPY,354328,143172,130217
2026-02-24,JPY,369721,149364,137825
2026-03-03,JPY,416977,134945,151520
2026-03-10,JPY,427718,119411,160798
2026-03-17,JPY,326688,106819,174599
2026-03-24,JPY,328210,98271,161077
2026-03-31,JPY,345276,95356,168228
2026-04-07,JPY,349373,91560,185302
2026-04-14,JPY,354344,102114,185322
2026-04-21,JPY,351782,101386,195846
2026-04-28,JPY,372780,106530,208589
2026-05-05,JPY,354005,109035,170773
2026-05-12,JPY,362042,100155,175257
2026-05-19,JPY,396573,106603,200508
2026-05-26,JPY,427294,112993,227660
2026-06-02,JPY,505555,114849,244416
2026-06-09,JPY,505075,121520,267338
2026-06-16,JPY,520825,117375,267507
2026-06-23,JPY,431030,113698,259802
2026-06-30,JPY,438825,111872,266964
2026-07-07,JPY,398103,112247,236025
2026-07-14,JPY,396514,115965,238628
2026-07-21,JPY,423796,107590,259715
2026-07-28,JPY,432366,101271,264683
2026-08-04,JPY,419393,147228,192701
2026-08-11,JPY,391874,134188,176273
2026-08-18,JPY,380811,128932,181825
2026-08-25,JPY,384216,128340,191638
2026-09-01,JPY,411882,117169,209396
2026-09-08,JPY,499635,178791,167995
2026-09-15,JPY,542802,237951,117592
2026-09-22,JPY,378701,192274,120292
2000-01-04,MXN,15009,5675,725
2000-01-11,MXN,16071,6648,785
2000-01-18,MXN,18004,7003,836
2000-01-25,MXN,17602,6448,702
2000-02-01,MXN,14941,3710,637
2000-02-08,MXN,20802,8546,567
2000-02-15,MXN,21995,9253,250
2000-02-22,MXN,21693,9401,250
2000-02-29,MXN,24593,9872,263
2000-03-07,MXN,30268,10652,210
2000-03-14,MXN,28436,9986,200
2000-03-21,MXN,21373,9661,225
2000-03-28,MXN,22418,10256,0
2000-04-04,MXN,20640,7010,409
2000-04-11,MXN,19099,5040,609
2000-04-18,MXN,18838,1910,394
2000-04-25,MXN,18733,2185,394
2000-05-02,MXN,20442,5542,0
2000-05-09,MXN,19240,2013,409
2000-05-16,MXN,19830,871,939
2000-05-23,MXN,22247,1476,959
2000-05-30,MXN,20857,2375,430
2000-06-06,MXN,24115,675,1887
2000-06-13,MXN,24031,747,2431
2000-06-20,MXN,12102,528,2700
2000-06-27,MXN,12868,422,3035
2000-07-05,MXN,12320,3033,633
2000-07-11,MXN,13787,3777,673
2000-07-18,MXN,14514,4353,443
2000-07-25,MXN,15733,4850,683
2000-08-01,MXN,15423,4731,598
2000-08-08,MXN,16391,4700,618
2000-08-15,MXN,18353,6617,598
2000-08-22,MXN,19153,5752,743
2000-08-29,MXN,19632,6109,835
2000-09-05,MXN,18636,6103,683
2000-09-12,MXN,19329,4626,1164
2000-09-19,MXN,11363,2093,1056
2000-09-26,MXN,10913,1702,1091
2000-10-03,MXN,11465,3342,623
2000-10-10,MXN,11181,2483,1066
2000-10-17,MXN,13773,1467,1208
2000-10-24,MXN,13717,773,1702
2000-10-31,MXN,13832,476,1399
2000-11-07,MXN,13757,416,1999
2000-11-14,MXN,18245,5494,1506
2000-11-21,MXN,25760,6938,1517
2000-11-28,MXN,29737,9167,1462
2000-12-05,MXN,30450,10146,1718
2000-12-12,MXN,32149,8854,1183
2000-12-19,MXN,29337,11358,1782
2000-12-26,MXN,25385,6182,1928
2001-01-02,MXN,25329,5026,1983
2001-01-09,MXN,25700,3485,3938
2001-01-16,MXN,21476,1649,4142
2001-01-23,MXN,21688,1336,3819
2001-01-30,MXN,21504,2041,1873
2001-02-06,MXN,21717,3581,1718
2001-02-13,MXN,22594,4285,1498
2001-02-20,MXN,22571,4665,1439
2001-02-27,MXN,26375,6437,1594
2001-03-06,MXN,27517,8218,2316
2001-03-13,MXN,35772,11795,1571
2001-03-20,MXN,25812,12641,1632
2001-03-27,MXN,24977,11237,1313
2001-04-03,MXN,27219,12125,2088
2001-04-10,MXN,27057,12259,2097
2001-04-17,MXN,26675,11891,2147
2001-04-24,MXN,26634,11591,1964
2001-05-01,MXN,25148,11656,1418
2001-05-08,MXN,28374,12144,1874
2001-05-15,MXN,29776,12443,1227
2001-05-22,MXN,29713,10898,1641
2001-05-29,MXN,30359,10915,1683
2001-06-05,MXN,32035,9175,1926
2001-06-12,MXN,37604,9603,2019
2001-06-19,MXN,27097,9661,1365
2001-06-26,MXN,27758,9932,1467
2001-07-03,MXN,29079,10025,2003
2001-07-10,MXN,28256,5669,2463
2001-07-17,MXN,26495,3965,1566
2001-07-24,MXN,27396,5846,1582
2001-07-31,MXN,28130,5195,1641
2001-08-07,MXN,32155,9627,1479
2001-08-14,MXN,31708,11609,1078
2001-08-21,MXN,33321,10916,1484
2001-08-28,MXN,33441,10691,969
2001-09-04,MXN,31314,7943,1514
2001-09-10,MXN,30800,4444,1783
2001-09-18,MXN,12561,3334,2845
2001-09-25,MXN,12952,3068,2862
2001-10-02,MXN,13251,3459,3189
2001-10-09,MXN,12851,4864,2509
2001-10-16,MXN,14763,6355,971
2001-10-23,MXN,18102,8749,1069
2001-10-30,MXN,20711,9720,1104
2001-11-06,MXN,24249,14363,1144
2001-11-13,MXN,25407,15306,984
2001-11-20,MXN,26324,16393,1064
2001-11-27,MXN,24809,14898,939
2001-12-04,MXN,22803,12125,1101
2001-12-11,MXN,38191,14981,1107
2001-12-18,MXN,25323,15320,1216
2001-12-21,MXN,27311,16130,1040
2001-12-28,MXN,25076,14039,1065
2002-01-08,MXN,26745,15610,894
2002-01-15,MXN,25099,12649,911
2002-01-22,MXN,29664,15729,736
2002-01-29,MXN,29000,14917,529
2002-02-05,MXN,34466,17181,1035
2002-02-12,MXN,37141,19180,1127
2002-02-19,MXN,39347,19230,1170
2002-02-26,MXN,39223,19163,1595
2002-03-05,MXN,41663,20426,1078
2002-03-12,MXN,45857,20056,612
2002-03-19,MXN,36792,21896,1028
2002-03-26,MXN,40122,24325,1388
2002-04-02,MXN,41394,23953,1268
2002-04-09,MXN,43206,22757,964
2002-04-16,MXN,35639,13071,1816
2002-04-23,MXN,27751,6208,2167
2002-04-30,MXN,27227,3339,3484
2002-05-07,MXN,28066,4116,5268
2002-05-14,MXN,29446,1972,5723
2002-05-21,MXN,28726,1273,7173
2002-05-28,MXN,28343,1260,7482
2002-06-04,MXN,30811,1423,9786
2002-06-11,MXN,36859,690,9888
2002-06-18,MXN,18535,920,8062
2002-06-25,MXN,20778,1239,10373
2002-07-02,MXN,21094,1160,10520
2002-07-09,MXN,20237,1697,9495
2002-07-16,MXN,16142,2160,5374
2002-07-23,MXN,15742,2947,2539
2002-07-30,MXN,15513,3432,1672
2002-08-06,MXN,15365,2432,2274
2002-08-13,MXN,16243,2991,4787
2002-08-20,MXN,15293,2343,3059
2002-08-27,MXN,17486,2266,3709
2002-09-03,MXN,19244,2560,5234
2002-09-10,MXN,26086,1697,6679
2002-09-17,MXN,15558,1676,6494
2002-09-24,MXN,19774,250,10657
2002-10-01,MXN,19810,180,10867
2002-10-08,MXN,20019,15,10251
2002-10-15,MXN,17970,249,7396
2002-10-22,MXN,15467,2006,4600
2002-10-29,MXN,15891,2444,4835
2002-11-05,MXN,16046,1471,6672
2002-11-12,MXN,19933,1160,8507
2002-11-19,MXN,19783,2726,5424
2002-11-26,MXN,21806,3730,5933
2002-12-03,MXN,21281,4018,4325
2002-12-10,MXN,22598,2197,4595
2002-12-17,MXN,11464,1368,2748
2002-12-23,MXN,13357,3673,1558
2002-12-31,MXN,19208,1297,9107
2003-01-07,MXN,23751,2181,13049
2003-01-14,MXN,28464,2102,16764
2003-01-21,MXN,32965,1040,20931
2003-01-28,MXN,32205,649,20951
2003-02-04,MXN,35244,820,22868
2003-02-11,MXN,35385,565,22382
2003-02-18,MXN,29731,1466,17043
2003-02-25,MXN,35646,192,20724
2003-03-04,MXN,38141,50,21919
2003-03-11,MXN,42197,247,16496
2003-03-18,MXN,22606,1508,9810
2003-03-25,MXN,22279,2538,7166
2003-04-01,MXN,25843,4494,6667
2003-04-08,MXN,24605,3011,7860
2003-04-15,MXN,30106,6932,6358
2003-04-22,MXN,30835,8543,3037
2003-04-29,MXN,39342,15682,1267
2003-05-06,MXN,44029,20355,666
2003-05-13,MXN,51422,24533,591
2003-05-20,MXN,48662,20812,529
2003-05-27,MXN,48565,19266,1721
2003-06-03,MXN,55834,22620,978
2003-06-10,MXN,45201,7338,4471
2003-06-17,MXN,23934,7689,2917
2003-06-24,MXN,25766,8070,2599
2003-07-01,MXN,29312,9948,2265
2003-07-08,MXN,32661,9195,3969
2003-07-15,MXN,34842,12059,4348
2003-07-22,MXN,38551,14426,4480
2003-07-29,MXN,38040,11229,7884
2003-08-05,MXN,36485,8689,8258
2003-08-12,MXN,37988,7014,9101
2003-08-19,MXN,41248,7825,15775
2003-08-26,MXN,39681,5344,16071
2003-09-02,MXN,48486,4467,18977
2003-09-09,MXN,49952,4509,19467
2003-09-16,MXN,31881,3278,18935
2003-09-23,MXN,28076,3119,12062
2003-09-30,MXN,28886,2451,12573
2003-10-07,MXN,36380,1143,21184
2003-10-14,MXN,39254,629,24063
2003-10-21,MXN,38339,1386,23959
2003-10-28,MXN,35779,1424,21153
2003-11-04,MXN,36306,2776,17601
2003-11-11,MXN,35185,4034,15156
2003-11-18,MXN,34833,3225,18627
2003-11-25,MXN,43929,2368,18877
2003-12-02,MXN,43126,2694,21513
2003-12-09,MXN,43667,2367,20012
2003-12-16,MXN,30173,2763,18269
2003-12-22,MXN,32748,3872,21612
2003-12-30,MXN,27630,4452,14921
2004-01-06,MXN,28708,13046,3592
2004-01-13,MXN,43115,26716,2052
2004-01-20,MXN,47340,31017,2219
2004-01-27,MXN,42910,23675,2064
2004-02-03,MXN,38120,18612,1662
2004-02-10,MXN,34961,12272,3939
2004-02-17,MXN,38944,17855,3710
2004-02-24,MXN,41688,16427,2812
2004-03-02,MXN,44291,19461,2284
2004-03-09,MXN,54432,21247,1601
2004-03-16,MXN,35206,17306,2849
2004-03-23,MXN,38181,20490,2089
2004-03-30,MXN,33302,10003,6303
2004-04-06,MXN,34577,9016,10853
2004-04-12,MXN,37417,8915,15184
2004-04-20,MXN,39527,4894,20231
2004-04-27,MXN,37863,3946,17240
2004-05-04,MXN,53989,5104,34531
2004-05-11,MXN,64776,6780,44651
2004-05-18,MXN,69232,7246,47749
2004-05-25,MXN,70451,4209,46102
2004-06-01,MXN,67809,3631,41833
2004-06-08,MXN,68086,4963,28737
2004-06-15,MXN,48287,4802,27848
2004-06-22,MXN,48985,15734,15532
2004-06-29,MXN,42655,6292,19044
2004-07-06,MXN,50614,3186,24316
2004-07-13,MXN,47754,5000,27115
2004-07-20,MXN,46466,12344,20351
2004-07-27,MXN,40408,9546,15817
2004-08-03,MXN,49273,18326,13446
2004-08-10,MXN,62309,31502,15548
2004-08-17,MXN,77551,44255,9565
2004-08-24,MXN,81511,49751,6654
2004-08-31,MXN,76517,45279,6459
2004-09-07,MXN,63521,19341,10020
2004-09-14,MXN,38876,3788,18579
2004-09-21,MXN,42797,18058,7726
2004-09-28,MXN,57174,31668,7415
2004-10-05,MXN,78563,53702,8389
2004-10-12,MXN,90268,64750,9819
2004-10-19,MXN,69840,42140,7437
2004-10-26,MXN,60478,31004,8373
2004-11-02,MXN,59193,30098,8634
2004-11-09,MXN,65219,38458,9919
2004-11-16,MXN,70543,44251,7913
2004-11-23,MXN,81542,52757,9773
2004-11-30,MXN,96439,63456,10741
2004-12-07,MXN,114669,67210,11219
2004-12-14,MXN,83043,56366,6256
2004-12-21,MXN,85701,57096,6077
2004-12-28,MXN,85605,54120,6053
2005-01-04,MXN,74868,42781,9870
2005-01-11,MXN,69157,38533,6397
2005-01-18,MXN,72418,47902,5122
2005-01-25,MXN,69088,42968,8088
2005-02-01,MXN,79368,53672,6438
2005-02-08,MXN,82779,58515,6567
2005-02-15,MXN,89095,64195,8031
2005-02-22,MXN,97645,71256,8238
2005-03-01,MXN,102386,70999,8686
2005-03-08,MXN,125412,73217,8218
2005-03-15,MXN,71963,49610,5015
2005-03-22,MXN,65784,37662,4651
2005-03-29,MXN,60526,32692,8860
2005-04-05,MXN,60463,32647,10817
2005-04-12,MXN,77870,51661,3749
2005-04-19,MXN,92459,64823,3889
2005-04-26,MXN,98729,71259,4917
2005-05-03,MXN,109099,80754,4432
2005-05-10,MXN,107076,79579,4143
2005-05-17,MXN,105029,78417,2856
2005-05-24,MXN,101704,77044,3599
2005-05-31,MXN,109821,83830,3400
2005-06-07,MXN,120880,80498,3240
2005-06-14,MXN,102424,82315,4367
2005-06-21,MXN,104351,84058,4968
2005-06-28,MXN,101145,77644,3968
2005-07-05,MXN,104611,82516,4364
2005-07-12,MXN,100344,79187,4891
2005-07-19,MXN,94641,74606,4382
2005-07-26,MXN,97082,75471,1862
2005-08-02,MXN,95783,74738,1568
2005-08-09,MXN,97200,75620,1411
2005-08-16,MXN,98820,74922,870
2005-08-23,MXN,81261,54579,9279
2005-08-30,MXN,70597,39671,4907
2005-09-06,MXN,75752,45022,1944
2005-09-13,MXN,88343,45010,5404
2005-09-20,MXN,74609,39820,4517
2005-09-27,MXN,79975,40077,7415
2005-10-04,MXN,81286,60168,3894
2005-10-11,MXN,75577,53443,5509
2005-10-18,MXN,63100,26899,6589
2005-10-25,MXN,64329,26719,12048
2005-11-01,MXN,69890,49052,5131
2005-11-08,MXN,91692,67361,5207
2005-11-15,MXN,110276,84664,4827
2005-11-22,MXN,129683,91337,5043
2005-11-29,MXN,136925,89970,4250
2005-12-06,MXN,136373,87749,5159
2005-12-13,MXN,138274,73239,5649
2005-12-20,MXN,93855,42265,5976
2005-12-27,MXN,91636,38295,7660
2006-01-03,MXN,91750,38380,2566
2006-01-10,MXN,96154,43411,3272
2006-01-17,MXN,99485,49051,4981
2006-01-24,MXN,98608,48496,3939
2006-01-31,MXN,117640,69877,3779
2006-02-07,MXN,117623,67597,6624
2006-02-14,MXN,120098,70463,3987
2006-02-21,MXN,119303,69966,5263
2006-02-28,MXN,113669,66951,4046
2006-03-07,MXN,98842,40730,6170
2006-03-14,MXN,77716,35654,5724
2006-03-21,MXN,73692,28530,7520
2006-03-28,MXN,70502,20739,9517
2006-04-04,MXN,79909,16625,19831
2006-04-11,MXN,79961,16180,20804
2006-04-18,MXN,80940,16522,23489
2006-04-25,MXN,91804,18779,31829
2006-05-02,MXN,84728,17300,23957
2006-05-09,MXN,86961,19719,23024
2006-05-16,MXN,88324,15488,26560
2006-05-23,MXN,90941,11984,30505
2006-05-30,MXN,90621,8027,36887
2006-06-06,MXN,90022,8862,36758
2006-06-13,MXN,103111,10088,36319
2006-06-20,MXN,77868,7765,36808
2006-06-27,MXN,88259,8917,36735
2006-07-03,MXN,85075,10965,22601
2006-07-11,MXN,77319,10838,15195
2006-07-18,MXN,81681,17009,10583
2006-07-25,MXN,82117,16625,8554
2006-08-01,MXN,86532,27255,9580
2006-08-08,MXN,79548,28762,6853
2006-08-15,MXN,92014,42433,6799
2006-08-22,MXN,82797,31768,6927
2006-08-29,MXN,84319,32841,10036
2006-09-05,MXN,83830,33449,5778
2006-09-12,MXN,81318,21116,13042
2006-09-19,MXN,52703,21065,18603
2006-09-26,MXN,54570,16227,20494
2006-10-03,MXN,61683,30899,25235
2006-10-10,MXN,70319,31309,21537
2006-10-17,MXN,84107,64691,12214
2006-10-24,MXN,99853,79052,11969
2006-10-31,MXN,113332,93138,10957
2006-11-07,MXN,90298,67625,9565
2006-11-14,MXN,74155,45819,11659
2006-11-21,MXN,76549,35021,22882
2006-11-28,MXN,73516,27433,24144
2006-12-05,MXN,73822,33935,8586
2006-12-12,MXN,108850,55828,8192
2006-12-19,MXN,80814,69778,9775
2006-12-26,MXN,95521,62756,7975
2007-01-03,MXN,115893,83250,15377
2007-01-09,MXN,93823,52580,24714
2007-01-16,MXN,90751,49620,23120
2007-01-23,MXN,90420,45335,27230
2007-01-30,MXN,95731,40595,30080
2007-02-06,MXN,93156,44037,27323
2007-02-13,MXN,91261,42247,20840
2007-02-20,MXN,99338,46411,28793
2007-02-27,MXN,94756,33662,33480
2007-03-06,MXN,102082,30810,46405
2007-03-13,MXN,113307,28319,42847
2007-03-20,MXN,75465,20833,39849
2007-03-27,MXN,71690,26718,23174
2007-04-03,MXN,73102,23449,21666
2007-04-10,MXN,75108,30440,16696
2007-04-17,MXN,77552,28366,18607
2007-04-24,MXN,80802,28053,22324
2007-05-01,MXN,107566,50776,24209
2007-05-08,MXN,126677,69338,21011
2007-05-15,MXN,142943,85844,22782
2007-05-22,MXN,128888,81362,12124
2007-05-29,MXN,139965,94740,8603
2007-06-05,MXN,141432,97365,6309
2007-06-12,MXN,138039,72598,16268
2007-06-19,MXN,104674,69496,4923
2007-06-26,MXN,94588,53758,11778
2007-07-03,MXN,94589,55616,6836
2007-07-10,MXN,95605,59061,6849
2007-07-17,MXN,101682,66046,7879
2007-07-24,MXN,103205,62055,14327
2007-07-31,MXN,95940,34415,11809
2007-08-07,MXN,94580,27157,10787
2007-08-14,MXN,94014,26630,14915
2007-08-21,MXN,101504,9674,33808
2007-08-28,MXN,101179,10761,30963
2007-09-04,MXN,109118,10724,26644
2007-09-11,MXN,128847,16805,29938
2007-09-18,MXN,72554,9948,38020
2007-09-25,MXN,75151,18346,31267
2007-10-02,MXN,73625,18098,20241
2007-10-09,MXN,80483,25879,15159
2007-10-16,MXN,84626,37570,7376
2007-10-23,MXN,96322,51103,5844
2007-10-30,MXN,118028,76830,7065
2007-11-06,MXN,113295,68172,14597
2007-11-13,MXN,102849,45638,11399
2007-11-20,MXN,94239,31631,14724
2007-11-27,MXN,90471,26351,14582
2007-12-04,MXN,105039,32548,22512
2007-12-11,MXN,126777,58200,19297
2007-12-18,MXN,89937,70710,3821
2007-12-24,MXN,94387,75331,3523
2007-12-31,MXN,85765,62193,5903
2008-01-08,MXN,93542,62120,6254
2008-01-15,MXN,82208,38271,8319
2008-01-22,MXN,81705,34615,10652
2008-01-29,MXN,84369,51191,9405
2008-02-05,MXN,121116,79122,7067
2008-02-12,MXN,152013,111054,5032
2008-02-19,MXN,166427,123599,7092
2008-02-26,MXN,177319,131665,6331
2008-03-04,MXN,170510,120841,7958
2008-03-11,MXN,126567,79981,6247
2008-03-18,MXN,104067,93397,4093
2008-03-25,MXN,120313,109318,5467
2008-04-01,MXN,140166,127875,6972
2008-04-08,MXN,138434,124116,8713
2008-04-15,MXN,136543,122670,7776
2008-04-22,MXN,142006,128069,7212
2008-04-29,MXN,116470,100559,9763
2008-05-06,MXN,122815,108564,7053
2008-05-13,MXN,118845,104833,5805
2008-05-20,MXN,116535,97539,6940
2008-05-27,MXN,120338,100428,5672
2008-06-03,MXN,150702,104836,6001
2008-06-10,MXN,148568,90984,6822
2008-06-17,MXN,111911,99948,4101
2008-06-24,MXN,116518,101766,3596
2008-07-01,MXN,100205,80362,6427
2008-07-08,MXN,100375,82780,10590
2008-07-15,MXN,107156,87130,14789
2008-07-22,MXN,111592,97975,7838
2008-07-29,MXN,104551,90545,11777
2008-08-05,MXN,113239,82217,9924
2008-08-12,MXN,105696,60047,9523
2008-08-19,MXN,106247,59148,8833
2008-08-26,MXN,107142,59399,5531
2008-09-02,MXN,104660,51004,7427
2008-09-09,MXN,88224,32754,7275
2008-09-16,MXN,50220,24814,7506
2008-09-23,MXN,48558,14498,8069
2008-09-30,MXN,55055,18220,6204
2008-10-07,MXN,50572,16283,6348
2008-10-14,MXN,44963,8294,5193
2008-10-21,MXN,43587,5746,5317
2008-10-28,MXN,42793,3470,6435
2008-11-04,MXN,43809,3346,7905
2008-11-11,MXN,41277,3739,6074
2008-11-18,MXN,40790,4390,5325
2008-11-25,MXN,41586,3808,5823
2008-12-02,MXN,41175,4142,6040
2008-12-09,MXN,42263,4743,4118
2008-12-16,MXN,10927,6000,3714
2008-12-22,MXN,13423,6829,5028
2008-12-30,MXN,15442,6760,7400
2009-01-06,MXN,16211,6789,7203
2009-01-13,MXN,18232,5943,10201
2009-01-20,MXN,24625,5671,14524
2009-01-27,MXN,30762,5491,16393
2009-02-03,MXN,42781,6678,16388
2009-02-10,MXN,46419,7577,19224
2009-02-17,MXN,44972,6061,17693
2009-02-24,MXN,46055,5290,19570
2009-03-03,MXN,48835,4750,22011
2009-03-10,MXN,60408,5223,21378
2009-03-17,MXN,47497,9178,16648
2009-03-24,MXN,43726,12439,13569
2009-03-31,MXN,44418,12892,15858
2009-04-07,MXN,43610,17293,11721
2009-04-14,MXN,42647,20035,7337
2009-04-21,MXN,57092,36407,6300
2009-04-28,MXN,59521,35156,6025
2009-05-05,MXN,47511,24744,5839
2009-05-12,MXN,48168,30478,9010
2009-05-19,MXN,47350,28540,7411
2009-05-26,MXN,50269,31352,7548
2009-06-02,MXN,50823,32097,6709
2009-06-09,MXN,58287,25637,11829
2009-06-16,MXN,38677,23611,10870
2009-06-23,MXN,40150,26074,10827
2009-06-30,MXN,54055,40356,11405
2009-07-07,MXN,61934,48769,9749
2009-07-14,MXN,45901,27620,14006
2009-07-21,MXN,43086,23177,11962
2009-07-28,MXN,56665,40014,9807
2009-08-04,MXN,62079,45350,9419
2009-08-11,MXN,77773,57266,8804
2009-08-18,MXN,89816,72367,7954
2009-08-25,MXN,99277,79550,8707
2009-09-01,MXN,78153,44759,14712
2009-09-08,MXN,75528,27141,23077
2009-09-15,MXN,51097,26589,27881
2009-09-22,MXN,50435,29213,24912
2009-09-29,MXN,58508,25928,36787
2009-10-06,MXN,66272,25032,45585
2009-10-13,MXN,58033,32215,24266
2009-10-20,MXN,83524,63913,8729
2009-10-27,MXN,90873,73654,6859
2009-11-03,MXN,82289,66828,6901
2009-11-09,MXN,67557,49221,8771
2009-11-17,MXN,83174,65121,9813
2009-11-24,MXN,116667,98074,8808
2009-12-01,MXN,126085,107391,7006
2009-12-08,MXN,172511,113628,7445
2009-12-15,MXN,114996,97731,6169
2009-12-22,MXN,103531,78578,5580
2009-12-29,MXN,96720,70392,5759
2010-01-05,MXN,96759,69341,7354
2010-01-12,MXN,104662,81605,5708
2010-01-19,MXN,112382,87090,7843
2010-01-26,MXN,97398,67133,8994
2010-02-02,MXN,93172,52997,10344
2010-02-09,MXN,85916,42328,10054
2010-02-16,MXN,89170,43429,8965
2010-02-23,MXN,101026,67846,10501
2010-03-02,MXN,118640,91411,11632
2010-03-09,MXN,168073,102793,9319
2010-03-16,MXN,127293,109662,6408
2010-03-23,MXN,132840,114686,4824
2010-03-30,MXN,131061,113370,3772
2010-04-06,MXN,136399,118233,7023
2010-04-13,MXN,140209,120220,7994
2010-04-20,MXN,139644,118977,8825
2010-04-27,MXN,127916,107556,9515
2010-05-04,MXN,118206,91669,8626
2010-05-11,MXN,95941,47507,5549
2010-05-18,MXN,85778,42037,6335
2010-05-25,MXN,85238,34203,5346
2010-06-01,MXN,79114,26142,6369
2010-06-08,MXN,88262,24249,6823
2010-06-15,MXN,52676,33414,5117
2010-06-22,MXN,60656,40797,5158
2010-06-29,MXN,66846,45712,3216
2010-07-06,MXN,61340,30858,8133
2010-07-13,MXN,64215,36830,8695
2010-07-20,MXN,72072,43551,7665
2010-07-27,MXN,80209,51784,6466
2010-08-03,MXN,92249,62503,7362
2010-08-10,MXN,110281,80624,8255
2010-08-17,MXN,111732,81187,10634
2010-08-24,MXN,101768,68371,9001
2010-08-31,MXN,91104,38731,17727
2010-09-07,MXN,102861,38237,24173
2010-09-14,MXN,75894,35691,20734
2010-09-21,MXN,78416,41410,15034
2010-09-28,MXN,123581,89312,22721
2010-10-05,MXN,139575,106169,20405
2010-10-12,MXN,141728,108857,22639
2010-10-19,MXN,137858,104557,22432
2010-10-26,MXN,136899,103670,23527
2010-11-02,MXN,135871,104522,22250
2010-11-09,MXN,146142,114547,25801
2010-11-16,MXN,147623,115539,22322
2010-11-23,MXN,150782,111116,23870
2010-11-30,MXN,134618,97199,18293
2010-12-07,MXN,143823,78102,18620
2010-12-14,MXN,116794,87694,10526
2010-12-21,MXN,116332,89066,11064
2010-12-28,MXN,125232,96664,14418
2011-01-04,MXN,118786,91372,17062
2011-01-11,MXN,127917,101710,18138
2011-01-18,MXN,135242,108866,18664
2011-01-25,MXN,142786,114979,19734
2011-02-01,MXN,151734,123543,20426
2011-02-08,MXN,151871,122615,18803
2011-02-15,MXN,149874,116892,7796
2011-02-22,MXN,149855,118448,4172
2011-03-01,MXN,134821,101537,4335
2011-03-08,MXN,157775,118812,5647
2011-03-15,MXN,161361,130652,9077
2011-03-22,MXN,127075,89646,2098
2011-03-29,MXN,129361,91688,3613
2011-04-05,MXN,158825,126414,7352
2011-04-12,MXN,166619,131688,6842
2011-04-19,MXN,174299,142812,8683
2011-04-26,MXN,170977,138516,6710
2011-05-03,MXN,162963,127995,3735
2011-05-10,MXN,158386,123092,5027
2011-05-17,MXN,147582,112311,7399
2011-05-24,MXN,147410,113219,4538
2011-05-31,MXN,142530,111814,3546
2011-06-07,MXN,150067,95505,5307
2011-06-14,MXN,110231,66092,17929
2011-06-21,MXN,98383,58528,17105
2011-06-28,MXN,98930,59833,13756
2011-07-05,MXN,125229,89492,6548
2011-07-12,MXN,145774,111530,13083
2011-07-19,MXN,135263,100309,11043
2011-07-26,MXN,137823,103288,11375
2011-08-02,MXN,130240,96157,7673
2011-08-09,MXN,117845,56912,15619
2011-08-16,MXN,110017,40669,18035
2011-08-23,MXN,114424,40566,18731
2011-08-30,MXN,111355,40954,20074
2011-09-06,MXN,111130,34163,20917
2011-09-13,MXN,119075,20939,22148
2011-09-20,MXN,76010,8251,25141
2011-09-27,MXN,83098,10211,30837
2011-10-04,MXN,89418,6904,32335
2011-10-11,MXN,88822,7397,32275
2011-10-18,MXN,90949,8298,32427
2011-10-25,MXN,96313,10160,37215
2011-11-01,MXN,105956,10195,36783
2011-11-08,MXN,98340,13087,31154
2011-11-15,MXN,105696,17858,32879
2011-11-22,MXN,116535,6166,37748
2011-11-29,MXN,120894,6539,42779
2011-12-06,MXN,130231,18219,39081
2011-12-13,MXN,125833,17609,40503
2011-12-20,MXN,116352,20177,38979
2011-12-27,MXN,117370,18228,43913
2012-01-03,MXN,121622,22073,47902
2012-01-10,MXN,123845,25147,47479
2012-01-17,MXN,130393,24219,41547
2012-01-24,MXN,142514,36512,29094
2012-01-31,MXN,150567,44190,22709
2012-02-07,MXN,145645,44614,10507
2012-02-14,MXN,159768,52461,11222
2012-02-21,MXN,173082,62775,13350
2012-02-28,MXN,189778,73810,13060
2012-03-06,MXN,207994,84514,18167
2012-03-13,MXN,247777,86449,7557
2012-03-20,MXN,174691,87482,63153
2012-03-27,MXN,178551,91900,9067
2012-04-03,MXN,175692,91744,7241
2012-04-10,MXN,174230,84600,16000
2012-04-17,MXN,167618,63848,17747
2012-04-24,MXN,162405,58544,18336
2012-05-01,MXN,156499,57907,15862
2012-05-08,MXN,160169,53380,16452
2012-05-15,MXN,174386,35857,21412
2012-05-22,MXN,189254,22415,38531
2012-05-29,MXN,187458,24872,37867
2012-06-05,MXN,192370,10998,41394
2012-06-12,MXN,198616,19426,41430
2012-06-19,MXN,109795,22801,37475
2012-06-26,MXN,121524,32190,39837
2012-07-03,MXN,132669,40604,23129
2012-07-10,MXN,142469,48567,23345
2012-07-17,MXN,159971,60772,25783
2012-07-24,MXN,164597,65985,16323
2012-07-31,MXN,170977,69542,21986
2012-08-07,MXN,181520,81901,12523
2012-08-14,MXN,206996,95816,12305
2012-08-21,MXN,222772,107140,9159
2012-08-28,MXN,221529,104239,9613
2012-09-04,MXN,222655,101497,10616
2012-09-11,MXN,309244,127168,4925
2012-09-18,MXN,214921,140375,22228
2012-09-25,MXN,220035,147245,5989
2012-10-02,MXN,209964,137986,2121
2012-10-09,MXN,209257,139392,3000
2012-10-16,MXN,208782,139787,4331
2012-10-23,MXN,207606,136680,4278
2012-10-30,MXN,202456,130624,4615
2012-11-06,MXN,189659,120223,5801
2012-11-13,MXN,170011,102917,5923
2012-11-20,MXN,165940,96451,9664
2012-11-27,MXN,173160,101490,7632
2012-12-04,MXN,190751,126957,7995
2012-12-11,MXN,251887,155296,6025
2012-12-18,MXN,212190,169413,21664
2012-12-24,MXN,200460,157338,7983
2012-12-31,MXN,186181,149624,7872
2013-01-08,MXN,185211,148293,8770
2013-01-15,MXN,190902,160543,8878
2013-01-22,MXN,189952,159909,9872
2013-01-29,MXN,187078,156862,7991
2013-02-05,MXN,181131,150495,8993
2013-02-12,MXN,169726,131615,7036
2013-02-19,MXN,173204,124613,8448
2013-02-26,MXN,173806,120401,15597
2013-03-05,MXN,160919,102996,9475
2013-03-12,MXN,192764,120476,6706
2013-03-19,MXN,156281,132936,23560
2013-03-26,MXN,172805,150742,22580
2013-04-02,MXN,182880,162185,19430
2013-04-09,MXN,172646,151784,9242
2013-04-16,MXN,179491,159424,8136
2013-04-23,MXN,177502,151302,4391
2013-04-30,MXN,170606,145932,7381
2013-05-07,MXN,167659,144076,5632
2013-05-14,MXN,168040,145339,5020
2013-05-21,MXN,162789,140449,3586
2013-05-28,MXN,150465,126130,5266
2013-06-04,MXN,126313,94630,11759
2013-06-11,MXN,119757,71854,8080
2013-06-18,MXN,63895,43007,22058
2013-06-25,MXN,67796,31068,26087
2013-07-02,MXN,64863,27516,24669
2013-07-09,MXN,68551,31282,23247
2013-07-16,MXN,78638,40809,29443
2013-07-23,MXN,93757,55501,35702
2013-07-30,MXN,97135,61049,36161
2013-08-06,MXN,94275,62230,30105
2013-08-13,MXN,99846,66899,30579
2013-08-20,MXN,94485,61235,25104
2013-08-27,MXN,109461,41776,34578
2013-09-03,MXN,107974,33761,33073
2013-09-10,MXN,145125,32753,24474
2013-09-17,MXN,111475,28479,38680
2013-09-24,MXN,130157,47887,33864
2013-10-01,MXN,119788,37161,22560
2013-10-08,MXN,107975,27284,16351
2013-10-15,MXN,106314,23714,15953
2013-10-22,MXN,115334,28776,21562
2013-10-29,MXN,114506,27735,22839
2013-11-05,MXN,116072,29474,24294
2013-11-12,MXN,122171,32614,25597
2013-11-19,MXN,130109,40564,31025
2013-11-26,MXN,127570,38508,26045
2013-12-03,MXN,121461,27661,18728
2013-12-10,MXN,155227,39952,17422
2013-12-17,MXN,114614,40410,24760
2013-12-24,MXN,123733,47206,27028
2013-12-31,MXN,116803,37874,22269
2014-01-07,MXN,117008,38449,20842
2014-01-14,MXN,112998,32495,18778
2014-01-21,MXN,121142,26739,30367
2014-01-28,MXN,133035,20730,56046
2014-02-04,MXN,131832,13694,48209
2014-02-11,MXN,127225,9682,43622
2014-02-18,MXN,131097,8094,31406
2014-02-25,MXN,128542,9971,31540
2014-03-04,MXN,126885,8230,28980
2014-03-11,MXN,166949,12739,20986
2014-03-18,MXN,111057,19320,20590
2014-03-25,MXN,115858,22769,24423
2014-04-01,MXN,145270,49893,28109
2014-04-08,MXN,130331,70371,13870
2014-04-15,MXN,131412,71038,16801
2014-04-22,MXN,128932,68329,14818
2014-04-29,MXN,128100,68073,18455
2014-05-06,MXN,146455,67663,19779
2014-05-13,MXN,149209,86137,17515
2014-05-20,MXN,154795,92730,15464
2014-05-27,MXN,157626,101808,18507
2014-06-03,MXN,162647,105666,19650
2014-06-10,MXN,200202,106566,16363
2014-06-17,MXN,135017,91227,22152
2014-06-24,MXN,128333,84943,15974
2014-07-01,MXN,129425,85387,15825
2014-07-08,MXN,126231,82777,13966
2014-07-15,MXN,131108,86707,17070
2014-07-22,MXN,142254,98823,19689
2014-07-29,MXN,145184,100551,23436
2014-08-05,MXN,143236,77535,45102
2014-08-12,MXN,154694,51933,51974
2014-08-19,MXN,141175,56207,43800
2014-08-26,MXN,141665,71680,35010
2014-09-02,MXN,144255,75444,36280
2014-09-09,MXN,155265,71021,32503
2014-09-16,MXN,134445,69430,47384
2014-09-23,MXN,151319,58278,47774
2014-09-30,MXN,148678,48864,56178
2014-10-07,MXN,147139,43781,51364
2014-10-14,MXN,139036,39798,45561
2014-10-21,MXN,138193,30087,51211
2014-10-28,MXN,144016,26832,53675
2014-11-04,MXN,159857,30218,56808
2014-11-11,MXN,167364,29393,59067
2014-11-18,MXN,167389,31305,60339
2014-11-25,MXN,176125,26386,58938
2014-12-02,MXN,191208,30210,73214
2014-12-09,MXN,213159,32116,80710
2014-12-16,MXN,137628,25843,78599
2014-12-23,MXN,130728,17311,80681
2014-12-30,MXN,129467,15878,79683
2015-01-06,MXN,131121,18667,83118
2015-01-13,MXN,131155,17305,71600
2015-01-20,MXN,148671,19017,65280
2015-01-27,MXN,153115,26739,71312
2015-02-03,MXN,161412,23599,71836
2015-02-10,MXN,174861,25691,74926
2015-02-17,MXN,175704,28873,74318
2015-02-24,MXN,180506,34105,82449
2015-03-03,MXN,178057,31414,74821
2015-03-10,MXN,185039,30622,66269
2015-03-17,MXN,135144,23702,79641
2015-03-24,MXN,150320,35044,76144
2015-03-31,MXN,157688,43289,73578
2015-04-07,MXN,151072,42185,65110
2015-04-14,MXN,130501,63521,55160
2015-04-21,MXN,118074,50343,64018
2015-04-28,MXN,138497,38003,61394
2015-05-05,MXN,146418,24046,74162
2015-05-12,MXN,135526,34027,61066
2015-05-19,MXN,127349,23706,55037
2015-05-26,MXN,129030,23943,56459
2015-06-02,MXN,152809,33983,79110
2015-06-09,MXN,179026,28602,79734
2015-06-16,MXN,133660,28245,80735
2015-06-23,MXN,111876,39402,67269
2015-06-30,MXN,111471,36051,74810
2015-07-07,MXN,140418,24067,96482
2015-07-14,MXN,153639,19965,92683
2015-07-21,MXN,189662,21371,102795
2015-07-28,MXN,196328,21846,110689
2015-08-04,MXN,191087,22590,104638
2015-08-11,MXN,173781,18163,88732
2015-08-18,MXN,171467,24629,85056
2015-08-25,MXN,196090,20401,103454
2015-09-01,MXN,191019,21353,98290
2015-09-08,MXN,188237,22880,93831
2015-09-15,MXN,130555,21749,77034
2015-09-22,MXN,126544,47626,59982
2015-09-29,MXN,142517,31276,75727
2015-10-06,MXN,119424,50942,56185
2015-10-13,MXN,116418,47411,51554
2015-10-20,MXN,119955,50627,51243
2015-10-27,MXN,136629,52078,52161
2015-11-03,MXN,148844,52097,52832
2015-11-10,MXN,158543,43865,62700
2015-11-17,MXN,181499,41435,79698
2015-11-24,MXN,189063,50323,79584
2015-12-01,MXN,186826,48974,74439
2015-12-08,MXN,199890,45226,69607
2015-12-15,MXN,144451,34779,95151
2015-12-22,MXN,137854,28736,85455
2015-12-29,MXN,139756,30566,87953
2016-01-05,MXN,143374,33894,95882
2016-01-12,MXN,148683,29415,103430
2016-01-19,MXN,171971,30361,106364
2016-01-26,MXN,167763,28487,105094
2016-02-02,MXN,166295,24958,103552
2016-02-09,MXN,155692,41732,88254
2016-02-16,MXN,161403,21445,98830
2016-02-23,MXN,145631,30149,83008
2016-03-01,MXN,141104,25194,81667
2016-03-08,MXN,139105,20441,77995
2016-03-15,MXN,97456,23040,68077
2016-03-22,MXN,105395,28550,74246
2016-03-29,MXN,109067,33005,73801
2016-04-05,MXN,113872,40864,72742
2016-04-12,MXN,153572,40518,87109
2016-04-19,MXN,126511,43925,58334
2016-04-26,MXN,117178,34602,53917
2016-05-03,MXN,116533,35753,48173
2016-05-10,MXN,128911,16149,61369
2016-05-17,MXN,134805,25219,70910
2016-05-24,MXN,138084,27017,74477
2016-05-31,MXN,143577,20193,75808
2016-06-07,MXN,142333,22389,81698
2016-06-14,MXN,110890,16894,82513
2016-06-21,MXN,111143,13509,82389
2016-06-28,MXN,109440,13390,78717
2016-07-05,MXN,103117,24238,69095
2016-07-12,MXN,97361,28648,65820
2016-07-19,MXN,103432,24675,64041
2016-07-26,MXN,119753,24114,70676
2016-08-02,MXN,128186,23915,76038
2016-08-09,MXN,127632,19963,74325
2016-08-16,MXN,120749,24542,70265
2016-08-23,MXN,113732,26845,55386
2016-08-30,MXN,114101,19848,53082
2016-09-06,MXN,162430,16790,75189
2016-09-13,MXN,168729,19930,85677
2016-09-20,MXN,153278,20526,109868
2016-09-27,MXN,160243,24865,110738
2016-10-04,MXN,157510,22358,108250
2016-10-11,MXN,135977,38060,89852
2016-10-18,MXN,129729,33364,64083
2016-10-25,MXN,139555,28677,54020
2016-11-01,MXN,157048,30838,67310
2016-11-08,MXN,148866,25298,58294
2016-11-15,MXN,153771,22124,67277
2016-11-22,MXN,154976,19884,68198
2016-11-29,MXN,155401,19314,73814
2016-12-06,MXN,151640,18619,72685
2016-12-13,MXN,155718,19001,76660
2016-12-20,MXN,139166,20806,87487
2016-12-27,MXN,143192,21411,83068
2017-01-03,MXN,151563,22279,87915
2017-01-10,MXN,174390,23878,95654
2017-01-17,MXN,177433,22573,95894
2017-01-24,MXN,191470,32133,96787
2017-01-31,MXN,184327,26000,89208
2017-02-07,MXN,189464,31229,89717
2017-02-14,MXN,190028,30271,90484
2017-02-21,MXN,193415,35125,91606
2017-02-28,MXN,194858,39057,84840
2017-03-07,MXN,209454,38707,81465
2017-03-14,MXN,169900,51271,56738
2017-03-21,MXN,176764,57730,61011
2017-03-28,MXN,191438,72728,77465
2017-04-04,MXN,199099,80979,90667
2017-04-11,MXN,205663,86813,99488
2017-04-18,MXN,195575,97027,82783
2017-04-25,MXN,177359,91689,75651
2017-05-02,MXN,177326,91142,76027
2017-05-09,MXN,179886,92514,22611
2017-05-16,MXN,183857,92686,22632
2017-05-23,MXN,211110,98609,44311
2017-05-30,MXN,206058,112479,37477
2017-06-06,MXN,207116,115601,30780
2017-06-13,MXN,233490,123468,27654
2017-06-20,MXN,217481,125659,76674
2017-06-27,MXN,212815,126019,45012
2017-07-03,MXN,210730,119408,34549
2017-07-11,MXN,213241,125291,27432
2017-07-18,MXN,209717,130155,17616
2017-07-25,MXN,212346,130075,17185
2017-08-01,MXN,214358,130186,16637
2017-08-08,MXN,218908,130668,24231
2017-08-15,MXN,237589,130900,36051
2017-08-22,MXN,243849,137856,40238
2017-08-29,MXN,246509,135549,38539
2017-09-05,MXN,240705,141051,27439
2017-09-12,MXN,258092,143188,26190
2017-09-19,MXN,218381,136338,59386
2017-09-26,MXN,219926,134621,50894
2017-10-03,MXN,204344,117452,28336
2017-10-10,MXN,188075,102473,19724
2017-10-17,MXN,188907,98936,27869
2017-10-24,MXN,180527,87536,31835
2017-10-31,MXN,177306,87220,31974
2017-11-07,MXN,177429,88731,31756
2017-11-14,MXN,177739,92961,30428
2017-11-21,MXN,179530,110044,29658
2017-11-28,MXN,171485,112966,23400
2017-12-05,MXN,179296,121003,24480
2017-12-12,MXN,211478,112383,26207
2017-12-19,MXN,181925,102273,48379
2017-12-26,MXN,184543,87576,51192
2018-01-02,MXN,193802,93804,58746
2018-01-09,MXN,184250,78703,48906
2018-01-16,MXN,172511,82790,35995
2018-01-23,MXN,178983,97964,36809
2018-01-30,MXN,188829,110923,30878
2018-02-06,MXN,201316,127650,34795
2018-02-13,MXN,196517,122762,25984
2018-02-20,MXN,196447,127065,32244
2018-02-27,MXN,189222,120144,27637
2018-03-06,MXN,192062,114143,30848
2018-03-13,MXN,196223,113977,27037
2018-03-20,MXN,182537,105870,39025
2018-03-27,MXN,199947,130264,40477
2018-04-03,MXN,209945,136812,37732
2018-04-10,MXN,223499,147519,45301
2018-04-17,MXN,228823,155624,53783
2018-04-24,MXN,232193,140739,51956
2018-05-01,MXN,216905,129849,43808
2018-05-08,MXN,199756,109911,33723
2018-05-15,MXN,183354,86288,33510
2018-05-22,MXN,184285,78769,47229
2018-05-29,MXN,181671,73232,54896
2018-06-05,MXN,202098,69986,81096
2018-06-12,MXN,214278,64923,86623
2018-06-19,MXN,156503,60316,71581
2018-06-26,MXN,150501,61775,74285
2018-07-03,MXN,145233,60815,54900
2018-07-10,MXN,141886,66485,38353
2018-07-17,MXN,155008,75878,46800
2018-07-24,MXN,177515,87495,67911
2018-07-31,MXN,189767,97475,70960
2018-08-07,MXN,198476,108066,74806
2018-08-14,MXN,207354,112980,81906
2018-08-21,MXN,213196,113603,87933
2018-08-28,MXN,217019,105978,86641
2018-09-04,MXN,220430,103856,91337
2018-09-11,MXN,245043,101282,86746
2018-09-18,MXN,200192,112234,71721
2018-09-25,MXN,204650,117315,65917
2018-10-02,MXN,217218,135649,61820
2018-10-09,MXN,208594,126813,52364
2018-10-16,MXN,215138,127324,58749
2018-10-23,MXN,206270,111571,53544
2018-10-30,MXN,192330,93644,59835
2018-11-06,MXN,184085,67588,60552
2018-11-13,MXN,186246,69888,62601
2018-11-20,MXN,186030,72611,58528
2018-11-27,MXN,189912,77867,62540
2018-12-04,MXN,191512,64314,59791
2018-12-11,MXN,184120,66195,54753
2018-12-18,MXN,122610,49996,50765
2018-12-24,MXN,137078,64558,61129
2018-12-31,MXN,151235,82260,72488
2019-01-08,MXN,160493,92398,61416
2019-01-15,MXN,190187,124498,67233
2019-01-22,MXN,206199,141908,78389
2019-01-29,MXN,214141,149306,79863
2019-02-05,MXN,222193,156916,85449
2019-02-12,MXN,223535,158735,82324
2019-02-19,MXN,233792,169715,74620
2019-02-26,MXN,236584,168531,76584
2019-03-05,MXN,246641,176942,88524
2019-03-12,MXN,273064,177252,102156
2019-03-19,MXN,235008,183614,60727
2019-03-26,MXN,239526,198612,52278
2019-04-02,MXN,227327,186698,43975
2019-04-09,MXN,234676,194643,39206
2019-04-16,MXN,244360,202538,46508
2019-04-23,MXN,252304,207389,56684
2019-04-30,MXN,258551,212417,67678
2019-05-07,MXN,263669,215485,70796
2019-05-14,MXN,265513,214359,66152
2019-05-21,MXN,271550,218160,71675
2019-05-28,MXN,274999,213758,71291
2019-06-04,MXN,242090,172354,48125
2019-06-11,MXN,222003,141898,40583
2019-06-18,MXN,202744,143640,26834
2019-06-25,MXN,216206,154205,39170
2019-07-02,MXN,236052,168532,60265
2019-07-09,MXN,244234,181214,54832
2019-07-16,MXN,225725,168473,40352
2019-07-23,MXN,221368,162435,37680
2019-07-30,MXN,221211,164178,35910
2019-08-06,MXN,222394,161166,39097
2019-08-13,MXN,212499,152707,35145
2019-08-20,MXN,197525,147542,37183
2019-08-27,MXN,189136,129991,36677
2019-09-03,MXN,187869,126271,34480
2019-09-10,MXN,196951,126807,31170
2019-09-17,MXN,187938,135507,53881
2019-09-24,MXN,199268,149871,57457
2019-10-01,MXN,215614,162307,46495
2019-10-08,MXN,218266,159694,44298
2019-10-15,MXN,233100,171659,58617
2019-10-22,MXN,254385,192776,79826
2019-10-29,MXN,280627,215210,86303
2019-11-05,MXN,299034,232281,91879
2019-11-12,MXN,298167,219312,77275
2019-11-19,MXN,294412,213938,74117
2019-11-26,MXN,292397,202534,66885
2019-12-03,MXN,290980,196052,65925
2019-12-10,MXN,304848,196673,66032
2019-12-17,MXN,288786,211650,59390
2019-12-24,MXN,274987,202097,43881
2019-12-31,MXN,277946,193069,42803
2020-01-07,MXN,283332,203580,46262
2020-01-14,MXN,294039,207127,41487
2020-01-21,MXN,299980,211681,41710
2020-01-28,MXN,305928,207336,36970
2020-02-04,MXN,308894,206538,41366
2020-02-11,MXN,302445,193940,37614
2020-02-18,MXN,301797,192345,39063
2020-02-25,MXN,276267,176836,26235
2020-03-03,MXN,233892,147358,16177
2020-03-10,MXN,224550,129376,16829
2020-03-17,MXN,121964,55563,21718
2020-03-24,MXN,110323,40783,18804
2020-03-31,MXN,102712,28435,20770
2020-04-07,MXN,102137,26766,21010
2020-04-14,MXN,109371,29926,26593
2020-04-21,MXN,105480,25851,24611
2020-04-28,MXN,103359,32191,23710
2020-05-05,MXN,100220,31184,24075
2020-05-12,MXN,101098,22491,27611
2020-05-19,MXN,103425,24268,30252
2020-05-26,MXN,128952,43294,38603
2020-06-02,MXN,122614,56663,48346
2020-06-09,MXN,135937,58953,59799
2020-06-16,MXN,109329,49258,27152
2020-06-23,MXN,113290,51601,28423
2020-06-30,MXN,122007,55795,34839
2020-07-07,MXN,122938,50848,35868
2020-07-14,MXN,124807,48737,36866
2020-07-21,MXN,128136,49461,39613
2020-07-28,MXN,133914,51851,40987
2020-08-04,MXN,128492,42692,39693
2020-08-11,MXN,130908,44240,37733
2020-08-18,MXN,134542,42450,38112
2020-08-25,MXN,134794,42397,38535
2020-09-01,MXN,132731,45309,39340
2020-09-08,MXN,150387,53190,44817
2020-09-15,MXN,134482,56478,30007
2020-09-22,MXN,136718,59484,32834
2020-09-29,MXN,121918,43334,30698
2020-10-06,MXN,120674,51201,29859
2020-10-13,MXN,118828,51329,28851
2020-10-20,MXN,124948,56246,36404
2020-10-27,MXN,125868,63135,35189
2020-11-03,MXN,118193,53988,29891
2020-11-10,MXN,128610,57399,39077
2020-11-17,MXN,132317,59799,39390
2020-11-24,MXN,136787,63156,39361
2020-12-01,MXN,149709,72880,43839
2020-12-08,MXN,191833,70443,43921
2020-12-15,MXN,142913,62335,65562
2020-12-21,MXN,142814,56598,64847
2020-12-29,MXN,142582,56929,62187
2021-01-05,MXN,141291,52578,60301
2021-01-12,MXN,151244,57570,63022
2021-01-19,MXN,145735,52890,60577
2021-01-26,MXN,150653,58301,59251
2021-02-02,MXN,150781,53406,50538
2021-02-09,MXN,158040,53203,51720
2021-02-16,MXN,163322,57670,56258
2021-02-23,MXN,165600,54655,51630
2021-03-02,MXN,159755,52098,47667
2021-03-09,MXN,167287,50349,48497
2021-03-16,MXN,113924,40137,69594
2021-03-23,MXN,130204,52412,73306
2021-03-30,MXN,136497,58089,73202
2021-04-06,MXN,136870,57610,70752
2021-04-13,MXN,143619,63387,75365
2021-04-20,MXN,146537,68012,71566
2021-04-27,MXN,154844,75554,74594
2021-05-04,MXN,145948,65948,70394
2021-05-11,MXN,143323,61625,70105
2021-05-18,MXN,144712,62251,72369
2021-05-25,MXN,146892,63868,72366
2021-06-01,MXN,159507,69880,73526
2021-06-08,MXN,159811,63814,70375
2021-06-15,MXN,144805,68675,92605
2021-06-22,MXN,139874,61955,90546
2021-06-29,MXN,144435,71449,90903
2021-07-06,MXN,147459,70788,93121
2021-07-13,MXN,149382,69611,97043
2021-07-20,MXN,146412,66141,94562
2021-07-27,MXN,150348,65404,91811
2021-08-03,MXN,154363,70787,92084
2021-08-10,MXN,152510,69818,93705
2021-08-17,MXN,159599,76530,95647
2021-08-24,MXN,152123,71067,94897
2021-08-31,MXN,153285,72052,93095
2021-09-07,MXN,180540,88168,105685
2021-09-14,MXN,176776,95948,111800
2021-09-21,MXN,169898,88733,107748
2021-09-28,MXN,172640,92423,112018
2021-10-05,MXN,168119,77074,112653
2021-10-12,MXN,171754,74129,113763
2021-10-19,MXN,164268,70192,108763
2021-10-26,MXN,162542,63677,106966
2021-11-02,MXN,167676,61553,112571
2021-11-09,MXN,164152,61791,110198
2021-11-16,MXN,170102,69984,117639
2021-11-23,MXN,184243,80691,130152
2021-11-30,MXN,195719,85840,145587
2021-12-07,MXN,200173,70791,134917
2021-12-14,MXN,101049,34748,45421
2021-12-21,MXN,94469,30021,34813
2021-12-28,MXN,102418,33561,42569
2022-01-04,MXN,119748,44876,54366
2022-01-11,MXN,127155,53194,57645
2022-01-18,MXN,151778,75461,70541
2022-01-25,MXN,150142,66449,67239
2022-02-01,MXN,141352,53767,53037
2022-02-08,MXN,134257,45097,43853
2022-02-15,MXN,151098,59485,50511
2022-02-22,MXN,171299,72846,56021
2022-03-01,MXN,154664,74971,32593
2022-03-08,MXN,166433,76020,23003
2022-03-15,MXN,102749,39164,49740
2022-03-22,MXN,134766,58150,76201
2022-03-29,MXN,157779,75081,83328
2022-04-05,MXN,172712,78728,77818
2022-04-12,MXN,175905,81582,66622
2022-04-19,MXN,165403,73710,52046
2022-04-26,MXN,156766,67389,47263
2022-05-03,MXN,151933,63860,49237
2022-05-10,MXN,153858,63921,47196
2022-05-17,MXN,170924,77819,49604
2022-05-24,MXN,177125,83031,53239
2022-05-31,MXN,212843,114480,79031
2022-06-07,MXN,248184,119162,86436
2022-06-14,MXN,197375,114093,140474
2022-06-21,MXN,191265,96147,123017
2022-06-28,MXN,193536,107031,121011
2022-07-05,MXN,197463,107141,121559
2022-07-12,MXN,195611,104715,127953
2022-07-19,MXN,196123,97965,128725
2022-07-26,MXN,195025,96752,126650
2022-08-02,MXN,192971,101415,124468
2022-08-09,MXN,189988,95572,123193
2022-08-16,MXN,201618,108642,130013
2022-08-23,MXN,205575,103056,134372
2022-08-30,MXN,206823,103623,132653
2022-09-06,MXN,199161,97112,126572
2022-09-13,MXN,208403,103772,129153
2022-09-20,MXN,172650,96671,124704
2022-09-27,MXN,173045,87723,129045
2022-10-04,MXN,192352,108626,145947
2022-10-11,MXN,206170,120239,153893
2022-10-18,MXN,215836,133432,155726
2022-10-25,MXN,248910,161558,148984
2022-11-01,MXN,282864,182316,138271
2022-11-08,MXN,300020,192024,132410
2022-11-15,MXN,303442,197700,129849
2022-11-22,MXN,296145,188446,125127
2022-11-29,MXN,307733,199744,133658
2022-12-06,MXN,293708,177555,129603
2022-12-13,MXN,290116,168481,124117
2022-12-20,MXN,229275,124474,179570
2022-12-27,MXN,232407,125891,177617
2023-01-03,MXN,245029,131201,187577
2023-01-10,MXN,270826,149517,202898
2023-01-17,MXN,274227,150543,199182
2023-01-24,MXN,272655,148265,197005
2023-01-31,MXN,285481,156950,202220
2023-02-07,MXN,262449,138771,183049
2023-02-14,MXN,279004,153370,193037
2023-02-21,MXN,277353,152675,189548
2023-02-28,MXN,294741,169769,204914
2023-03-07,MXN,376712,177503,208755
2023-03-14,MXN,260414,147405,81278
2023-03-21,MXN,222130,101899,50369
2023-03-28,MXN,233669,109417,60138
2023-04-04,MXN,250403,127371,69458
2023-04-11,MXN,260053,136355,75878
2023-04-18,MXN,267698,139289,83118
2023-04-25,MXN,267276,133098,78970
2023-05-02,MXN,260235,128173,70463
2023-05-09,MXN,255441,127763,57731
2023-05-16,MXN,254037,133268,59633
2023-05-23,MXN,233538,118579,41636
2023-05-30,MXN,224395,115535,37530
2023-06-06,MXN,235994,123447,41777
2023-06-13,MXN,291589,131738,52903
2023-06-20,MXN,224897,121005,21287
2023-06-27,MXN,226033,117098,20749
2023-07-03,MXN,238269,123919,28679
2023-07-11,MXN,239738,122996,26830
2023-07-18,MXN,238006,122811,28319
2023-07-25,MXN,233549,117732,29891
2023-08-01,MXN,236446,119651,31103
2023-08-08,MXN,227745,110008,26357
2023-08-15,MXN,228984,109340,27317
2023-08-22,MXN,228801,103018,29359
2023-08-29,MXN,238767,110075,36212
2023-09-05,MXN,246061,100298,32777
2023-09-12,MXN,235720,93022,26151
2023-09-19,MXN,220707,95307,31657
2023-09-26,MXN,216906,92732,32099
2023-10-03,MXN,212539,90848,26334
2023-10-10,MXN,201997,70525,18292
2023-10-17,MXN,197037,63351,19046
2023-10-24,MXN,194530,54446,16585
2023-10-31,MXN,199078,57470,26173
2023-11-07,MXN,216534,71644,34904
2023-11-14,MXN,228809,79162,35780
2023-11-21,MXN,225972,88474,29543
2023-11-28,MXN,247503,105838,40353
2023-12-05,MXN,257053,108921,35465
2023-12-12,MXN,269074,114396,40271
2023-12-19,MXN,245808,126608,42607
2023-12-26,MXN,253217,131856,44107
2024-01-02,MXN,268627,141007,51909
2024-01-09,MXN,271237,143436,54997
2024-01-16,MXN,263473,133691,52089
2024-01-23,MXN,250059,127479,52380
2024-01-30,MXN,250075,132808,52415
2024-02-06,MXN,261212,143570,56741
2024-02-13,MXN,265257,147176,46732
2024-02-20,MXN,254486,141528,45533
2024-02-27,MXN,256055,146118,52304
2024-03-05,MXN,294670,171871,65285
2024-03-12,MXN,330046,180140,75848
2024-03-19,MXN,303202,183182,54512
2024-03-26,MXN,307002,184361,52293
2024-04-02,MXN,314517,191685,57955
2024-04-09,MXN,309571,189880,50189
2024-04-16,MXN,286335,172573,44842
2024-04-23,MXN,254982,152071,28416
2024-04-30,MXN,249126,144679,25634
2024-05-07,MXN,246848,137564,25252
2024-05-14,MXN,258065,144307,31346
2024-05-21,MXN,269695,153206,35314
2024-05-28,MXN,268109,151468,30549
2024-06-04,MXN,264788,153943,29272
2024-06-11,MXN,275217,145604,26611
2024-06-18,MXN,164401,71739,21485
2024-06-25,MXN,172171,84314,26508
2024-07-02,MXN,188324,96359,32732
2024-07-09,MXN,189294,95748,32425
2024-07-16,MXN,197580,98495,36785
2024-07-23,MXN,198691,100555,31238
2024-07-30,MXN,196287,99143,31483
2024-08-06,MXN,190477,96916,31580
2024-08-13,MXN,184929,82188,32094
2024-08-20,MXN,174530,66745,32099
2024-08-27,MXN,170231,66669,35949
2024-09-03,MXN,171000,63103,32624
2024-09-10,MXN,190133,62614,35588
2024-09-17,MXN,130644,48486,40763
2024-09-24,MXN,134947,51480,39054
2024-10-01,MXN,141622,61487,35188
2024-10-08,MXN,135821,55327,26134
2024-10-15,MXN,139187,60759,35513
2024-10-22,MXN,139302,61303,37406
2024-10-29,MXN,147540,71127,36082
2024-11-05,MXN,143741,65501,34406
2024-11-12,MXN,147790,73269,53076
2024-11-19,MXN,139260,60642,46628
2024-11-26,MXN,142400,56402,52944
2024-12-03,MXN,146854,55114,50930
2024-12-10,MXN,160701,61643,53715
2024-12-17,MXN,126921,55529,40915
2024-12-24,MXN,132801,63168,44325
2024-12-31,MXN,135646,68458,47787
2025-01-07,MXN,139151,60139,47748
2025-01-14,MXN,142860,57188,51191
2025-01-21,MXN,141724,47985,49529
2025-01-28,MXN,138321,46601,41377
2025-02-04,MXN,145368,61459,49197
2025-02-11,MXN,143628,59388,43538
2025-02-18,MXN,149733,63852,49179
2025-02-25,MXN,150579,70337,41607
2025-03-04,MXN,145035,65679,46223
2025-03-11,MXN,166564,75519,45433
2025-03-18,MXN,142943,93583,37631
2025-03-25,MXN,137459,89477,30438
2025-04-01,MXN,139481,86757,35677
2025-04-08,MXN,150017,80167,41085
2025-04-15,MXN,146438,67550,34281
2025-04-22,MXN,130379,67624,26459
2025-04-29,MXN,129201,83287,23775
2025-05-06,MXN,127483,86615,18060
2025-05-13,MXN,134834,90191,24485
2025-05-20,MXN,136985,89323,26791
2025-05-27,MXN,161653,88293,26891
2025-06-03,MXN,168665,93401,28952
2025-06-10,MXN,180612,99017,36291
2025-06-17,MXN,155581,92833,34806
2025-06-24,MXN,146855,83729,32418
2025-07-01,MXN,153052,87448,32936
2025-07-08,MXN,167262,97431,42353
2025-07-15,MXN,165808,92332,42210
2025-07-22,MXN,172369,99081,43017
2025-07-29,MXN,173983,99141,42463
2025-08-05,MXN,176153,105231,37176
2025-08-12,MXN,182397,106539,45300
2025-08-19,MXN,162678,91974,27449
2025-08-26,MXN,165392,97158,28160
2025-09-02,MXN,179417,101520,28507
2025-09-09,MXN,213424,107503,33771
2025-09-16,MXN,182118,112395,34402
2025-09-23,MXN,176007,107346,23913
2025-09-30,MXN,183221,115256,23373
2025-10-07,MXN,191754,115817,28150
2025-10-14,MXN,178245,95674,28113
2025-10-21,MXN,177118,99658,26316
2025-10-28,MXN,193166,116489,34985
2025-11-04,MXN,188337,113164,26988
2025-11-10,MXN,197299,118511,33330
2025-11-18,MXN,216607,132165,36337
2025-11-25,MXN,207501,126551,31364
2025-12-02,MXN,235435,149102,50162
2025-12-09,MXN,284060,153728,46752
2025-12-16,MXN,365595,158447,71335
2025-12-23,MXN,255477,164985,63809
2025-12-30,MXN,249474,162240,55874
2026-01-06,MXN,250364,161616,52315
2026-01-13,MXN,241382,153670,50112
2026-01-20,MXN,239959,153398,46245
2026-01-27,MXN,237744,149094,45980
2026-02-03,MXN,225867,132392,41800
2026-02-10,MXN,226933,128360,43409
2026-02-17,MXN,226417,128197,44075
2026-02-24,MXN,225567,126009,43129
2026-03-03,MXN,235943,126531,49488
2026-03-10,MXN,254257,112701,38890
2026-03-17,MXN,171319,90997,22537
2026-03-24,MXN,166676,92246,18170
2026-03-31,MXN,184074,94183,36499
2026-04-07,MXN,182790,91055,33584
2026-04-14,MXN,188147,93692,34738
2026-04-21,MXN,195622,101306,33605
2026-04-28,MXN,202265,103697,35874
2026-05-05,MXN,186899,91592,29465
2026-05-12,MXN,188631,93390,29300
2026-05-19,MXN,203827,95246,32997
2026-05-26,MXN,201274,90541,32387
2026-06-02,MXN,204071,86699,32042
2026-06-09,MXN,213844,100199,36398
2026-06-16,MXN,276950,119042,47253
2026-06-23,MXN,198588,112389,38164
2026-06-30,MXN,195406,105291,34355
2026-07-07,MXN,198958,112628,35271
2026-07-14,MXN,199350,107127,34172
2026-07-21,MXN,201335,106600,34901
2026-07-28,MXN,200776,106487,33959
2026-08-04,MXN,217220,118510,41967
2026-08-11,MXN,258898,150731,67058
2026-08-18,MXN,284591,160766,81314
2026-08-25,MXN,286429,159905,77523
2026-09-01,MXN,313188,174649,81402
2026-09-08,MXN,327215,169798,75066
2026-09-15,MXN,319499,134607,46825
2026-09-22,MXN,266061,127595,52428
2000-01-04,NZD,1398,0,0
2000-01-11,NZD,1313,0,0
2000-01-18,NZD,1255,0,0
2000-01-25,NZD,1384,0,0
2000-02-01,NZD,3835,445,1822
2000-02-08,NZD,2985,445,814
2000-02-15,NZD,3096,445,814
2000-02-22,NZD,2963,445,814
2000-02-29,NZD,3050,0,812
2000-03-07,NZD,3924,0,824
2000-04-04,NZD,1989,0,597
2003-11-11,NZD,6305,3346,1529
2003-11-18,NZD,7223,4332,1293
2003-11-25,NZD,7996,4893,1200
2004-08-17,NZD,9291,3624,734
2004-10-19,NZD,15619,5649,0
2004-10-26,NZD,17661,7652,134
2004-11-02,NZD,17610,7752,774
2004-11-09,NZD,17189,7684,657
2004-11-16,NZD,17558,8322,537
2004-11-23,NZD,17173,8275,499
2004-11-30,NZD,17378,8206,1008
2004-12-07,NZD,15589,4191,1010
2005-03-08,NZD,11871,5933,0
2005-03-29,NZD,10026,6097,705
2005-04-05,NZD,9820,6057,705
2005-08-16,NZD,9004,4581,0
2005-08-30,NZD,9410,4877,0
2005-09-06,NZD,9596,5251,0
2005-09-13,NZD,11677,5465,0
2005-10-11,NZD,9438,5592,508
2005-10-18,NZD,10099,6208,508
2005-12-06,NZD,12187,7606,895
2005-12-13,NZD,13233,6980,973
2005-12-27,NZD,10731,6328,1887
2006-01-03,NZD,12189,8158,3321
2006-01-10,NZD,13013,8659,4915
2006-01-17,NZD,15026,10337,5510
2006-01-24,NZD,15046,9589,5740
2006-01-31,NZD,15684,9361,5587
2006-02-07,NZD,15200,9120,5019
2006-02-14,NZD,11225,4622,611
2006-02-21,NZD,14603,5109,1486
2006-02-28,NZD,14476,4273,1373
2006-03-07,NZD,17982,4364,1518
2006-03-14,NZD,10702,4349,1746
2006-03-21,NZD,11380,3661,1924
2006-03-28,NZD,12247,3229,2330
2006-04-04,NZD,12473,3002,2614
2006-04-11,NZD,12412,3587,1251
2006-04-18,NZD,13154,5272,800
2006-04-25,NZD,12171,5718,910
2006-05-02,NZD,12204,6517,314
2006-05-09,NZD,13736,7284,398
2006-05-16,NZD,14193,7867,501
2006-05-23,NZD,14325,7483,216
2006-05-30,NZD,13244,7614,4786
2006-06-06,NZD,13175,6910,4752
2006-06-13,NZD,22546,7030,4717
2006-07-11,NZD,14081,4329,5272
2006-07-18,NZD,14948,7204,3636
2006-07-25,NZD,16341,9103,3658
2006-08-01,NZD,18160,10955,2752
2006-08-08,NZD,17327,9468,2523
2006-08-15,NZD,19536,13438,176
2006-08-22,NZD,19886,11787,296
2006-08-29,NZD,18099,10687,171
2006-09-05,NZD,18852,11218,175
2006-09-12,NZD,19320,9750,239
2006-09-19,NZD,17608,13350,468
2006-09-26,NZD,17727,13141,468
2006-10-03,NZD,13426,8391,616
2006-10-10,NZD,15750,11656,1547
2006-10-17,NZD,19759,15075,1273
2006-10-24,NZD,21403,16443,1208
2006-10-31,NZD,18440,13531,1274
2006-11-07,NZD,18916,14371,452
2006-11-14,NZD,15514,10747,452
2006-11-21,NZD,17654,13298,452
2006-11-28,NZD,18078,13682,759
2006-12-05,NZD,19768,15427,957
2006-12-12,NZD,22265,17432,865
2006-12-19,NZD,22440,19129,1240
2006-12-26,NZD,21961,18350,761
2007-01-03,NZD,22855,19054,702
2007-01-09,NZD,20440,15283,665
2007-01-16,NZD,19988,14032,631
2007-01-23,NZD,18687,11450,1255
2007-01-30,NZD,18000,8758,637
2007-02-06,NZD,18326,10592,471
2007-02-13,NZD,19219,12894,421
2007-02-20,NZD,21969,16240,372
2007-02-27,NZD,22779,16798,292
2007-03-06,NZD,21159,14404,115
2007-03-13,NZD,23442,15091,329
2007-03-20,NZD,23099,19735,879
2007-03-27,NZD,27611,23824,1036
2007-04-03,NZD,27025,23361,836
2007-04-10,NZD,25383,21068,1001
2007-04-17,NZD,28672,24198,1101
2007-04-24,NZD,28091,22801,1698
2007-05-01,NZD,25253,18777,1254
2007-05-08,NZD,23617,16416,1161
2007-05-15,NZD,26331,20095,856
2007-05-22,NZD,24381,16607,800
2007-05-29,NZD,23796,15707,796
2007-06-05,NZD,27528,21210,1292
2007-06-12,NZD,55629,27973,1577
2007-06-19,NZD,41113,26386,2070
2007-06-26,NZD,41393,26627,2753
2007-07-03,NZD,41316,25511,2617
2007-07-10,NZD,41167,25480,2230
2007-07-17,NZD,43212,26292,1906
2007-07-24,NZD,46589,30047,2203
2007-07-31,NZD,32233,15457,1193
2007-08-07,NZD,32616,17778,1118
2007-08-14,NZD,31708,16345,2308
2007-08-21,NZD,29542,11912,3027
2007-08-28,NZD,29236,8429,4604
2007-09-04,NZD,29416,10850,4507
2007-09-11,NZD,33398,14013,4339
2007-09-18,NZD,19015,14444,3272
2007-09-25,NZD,21124,15904,3182
2007-10-02,NZD,25717,20974,2480
2007-10-09,NZD,29258,24238,3153
2007-10-16,NZD,30684,25591,3206
2007-10-23,NZD,30493,23802,4351
2007-10-30,NZD,26253,19101,4433
2007-11-06,NZD,25305,17935,4554
2007-11-13,NZD,24117,15369,4946
2007-11-20,NZD,23219,12132,5078
2007-11-27,NZD,22618,11672,4813
2007-12-04,NZD,22019,14124,3125
2007-12-11,NZD,27458,14047,2706
2007-12-18,NZD,19080,12556,2930
2007-12-24,NZD,20826,14098,1851
2007-12-31,NZD,21344,16237,2272
2008-01-08,NZD,21286,14848,1345
2008-01-15,NZD,22467,16969,1220
2008-01-22,NZD,21818,14406,2951
2008-01-29,NZD,20854,13429,2707
2008-02-05,NZD,23061,16150,1361
2008-02-12,NZD,24074,17294,1315
2008-02-19,NZD,24663,16735,1608
2008-02-26,NZD,25565,16954,1421
2008-03-04,NZD,24541,14988,1357
2008-03-11,NZD,25732,13379,983
2008-03-18,NZD,17754,12921,2543
2008-03-25,NZD,18330,12476,3025
2008-04-01,NZD,19790,11600,4146
2008-04-08,NZD,20951,12412,4040
2008-04-15,NZD,22254,12015,5421
2008-04-22,NZD,23365,12726,4832
2008-04-29,NZD,23624,10798,5309
2008-05-06,NZD,23946,11449,5112
2008-05-13,NZD,30377,11193,7749
2008-05-20,NZD,30921,12274,7733
2008-05-27,NZD,32124,12903,7939
2008-06-03,NZD,32954,13965,7637
2008-06-10,NZD,36876,11677,8477
2008-06-17,NZD,25095,10806,9240
2008-06-24,NZD,25319,11543,8893
2008-07-01,NZD,26855,11988,8822
2008-07-08,NZD,30523,12212,10071
2008-07-15,NZD,29068,13581,8254
2008-07-22,NZD,27932,13384,8400
2008-07-29,NZD,28995,11649,10065
2008-08-05,NZD,32162,11583,12964
2008-08-12,NZD,31708,10639,12090
2008-08-19,NZD,28137,10267,10864
2008-08-26,NZD,26713,9849,10312
2008-09-02,NZD,26943,9365,11179
2008-09-09,NZD,28411,8773,11723
2008-09-16,NZD,19338,7744,11644
2008-09-23,NZD,22337,4418,9004
2008-09-30,NZD,18911,4552,9333
2008-10-07,NZD,19057,4533,9011
2008-10-14,NZD,18508,2366,6926
2008-10-21,NZD,18222,2317,6488
2008-10-28,NZD,18412,2897,5344
2008-11-04,NZD,18501,2907,3839
2008-11-11,NZD,19041,2878,4244
2008-11-18,NZD,18864,2607,4248
2008-11-25,NZD,19099,2432,4810
2008-12-02,NZD,19050,2266,4828
2008-12-09,NZD,19891,2231,4524
2008-12-16,NZD,9130,2060,3595
2008-12-22,NZD,8905,2063,3263
2008-12-30,NZD,9033,2360,3369
2009-01-06,NZD,9970,3286,3038
2009-01-13,NZD,9998,3416,3609
2009-01-20,NZD,9714,2059,3996
2009-01-27,NZD,10782,1802,6099
2009-02-03,NZD,12945,1638,7616
2009-02-10,NZD,12701,2184,6523
2009-02-17,NZD,12828,2286,6868
2009-02-24,NZD,13690,2161,8091
2009-03-03,NZD,15870,2139,8907
2009-03-10,NZD,17991,2116,10095
2009-03-17,NZD,15548,2872,8952
2009-03-24,NZD,15198,3383,6268
2009-03-31,NZD,14124,3583,4522
2009-04-07,NZD,13704,4359,1391
2009-04-14,NZD,15202,5362,1002
2009-04-21,NZD,13843,4538,1033
2009-04-28,NZD,14095,4855,1207
2009-05-05,NZD,13993,4658,849
2009-05-12,NZD,16914,7031,773
2009-05-19,NZD,19239,7841,1022
2009-05-26,NZD,24755,13351,819
2009-06-02,NZD,27273,15297,1165
2009-06-09,NZD,34760,15712,939
2009-06-16,NZD,20666,16325,865
2009-06-23,NZD,22606,17977,1021
2009-06-30,NZD,23742,18679,996
2009-07-07,NZD,21694,16391,1034
2009-07-14,NZD,22089,15990,1021
2009-07-21,NZD,21987,16959,776
2009-07-28,NZD,22692,17990,423
2009-08-04,NZD,23883,18975,775
2009-08-11,NZD,25034,19896,1085
2009-08-18,NZD,24783,18515,1079
2009-08-25,NZD,25735,19835,1186
2009-09-01,NZD,26059,18602,938
2009-09-08,NZD,29859,18988,865
2009-09-15,NZD,23371,20206,1211
2009-09-22,NZD,23603,19874,1229
2009-09-29,NZD,23776,19045,1542
2009-10-06,NZD,24851,19606,1513
2009-10-13,NZD,24376,19432,1802
2009-10-20,NZD,24862,19531,2373
2009-10-27,NZD,24230,17613,2585
2009-11-03,NZD,21898,15802,2486
2009-11-09,NZD,21106,14709,3454
2009-11-17,NZD,21639,15676,3002
2009-11-24,NZD,21639,15130,3546
2009-12-01,NZD,22778,13729,5626
2009-12-08,NZD,23110,12583,4788
2009-12-15,NZD,18647,14235,4783
2009-12-22,NZD,19372,15164,5418
2009-12-29,NZD,18893,13872,5067
2010-01-05,NZD,23053,18106,5133
2010-01-12,NZD,25732,21417,5734
2010-01-19,NZD,26917,22397,6041
2010-01-26,NZD,21440,16005,7534
2010-02-02,NZD,21312,15251,9868
2010-02-09,NZD,20171,14359,9636
2010-02-16,NZD,19679,14523,7088
2010-02-23,NZD,20201,14641,8249
2010-03-02,NZD,20158,13715,8603
2010-03-09,NZD,21863,11964,8717
2010-03-16,NZD,15638,11334,8525
2010-03-23,NZD,17599,13621,8132
2010-03-30,NZD,17143,13049,7243
2010-04-06,NZD,16221,12836,7333
2010-04-13,NZD,17540,13771,6620
2010-04-20,NZD,17911,14497,5745
2010-04-27,NZD,21797,17554,4645
2010-05-04,NZD,23312,18961,3985
2010-05-11,NZD,24215,20428,3536
2010-05-18,NZD,21357,16740,4187
2010-05-25,NZD,17760,11342,3680
2010-06-01,NZD,15586,7622,5418
2010-06-08,NZD,17962,6230,7099
2010-06-15,NZD,9089,4329,6458
2010-06-22,NZD,10476,6721,5899
2010-06-29,NZD,12880,8459,5973
2010-07-06,NZD,12959,8093,5516
2010-07-13,NZD,16798,12683,7231
2010-07-20,NZD,18631,14523,5550
2010-07-27,NZD,22919,18398,4724
2010-08-03,NZD,24399,20353,5294
2010-08-10,NZD,25036,18992,6448
2010-08-17,NZD,23627,17595,5456
2010-08-24,NZD,20271,14931,4248
2010-08-31,NZD,20099,12193,5236
2010-09-07,NZD,27922,14648,5271
2010-09-14,NZD,25755,21414,4575
2010-09-21,NZD,26820,22636,4228
2010-09-28,NZD,25965,21604,4334
2010-10-05,NZD,26042,21339,5005
2010-10-12,NZD,26437,21276,4703
2010-10-19,NZD,27031,21477,6146
2010-10-26,NZD,26754,21577,5706
2010-11-02,NZD,28353,23393,4245
2010-11-09,NZD,31494,26965,4715
2010-11-16,NZD,33423,28915,5470
2010-11-23,NZD,30969,26095,5026
2010-11-30,NZD,27575,22982,4537
2010-12-07,NZD,27595,22024,3763
2010-12-14,NZD,24510,21314,8793
2010-12-21,NZD,25081,17780,10414
2010-12-28,NZD,25090,18570,10455
2011-01-04,NZD,26443,21162,10431
2011-01-11,NZD,27358,20943,11323
2011-01-18,NZD,27636,21224,9977
2011-01-25,NZD,26199,18507,9880
2011-02-01,NZD,27450,20041,9771
2011-02-08,NZD,27897,20804,9947
2011-02-15,NZD,27735,18018,8208
2011-02-22,NZD,27830,15975,7874
2011-03-01,NZD,26966,15326,7915
2011-03-08,NZD,27699,13467,9121
2011-03-15,NZD,15851,7277,10086
2011-03-22,NZD,13974,6005,7487
2011-03-29,NZD,13401,6598,6359
2011-04-05,NZD,16197,10129,7434
2011-04-12,NZD,21143,14233,7897
2011-04-19,NZD,25789,17722,8383
2011-04-26,NZD,27220,19205,7748
2011-05-03,NZD,31620,22522,9722
2011-05-10,NZD,30504,22828,9114
2011-05-17,NZD,29636,22518,9894
2011-05-24,NZD,30930,23234,9358
2011-05-31,NZD,30915,23579,7855
2011-06-07,NZD,37227,23573,7569
2011-06-14,NZD,31432,23520,4302
2011-06-21,NZD,30261,22942,4093
2011-06-28,NZD,29652,22242,3878
2011-07-05,NZD,30520,22648,3662
2011-07-12,NZD,29745,22687,3103
2011-07-19,NZD,31072,23364,1926
2011-07-26,NZD,32793,25241,1950
2011-08-02,NZD,33788,25808,1682
2011-08-09,NZD,28943,21588,1161
2011-08-16,NZD,26705,19214,797
2011-08-23,NZD,26504,17980,1104
2011-08-30,NZD,26856,17953,1388
2011-09-06,NZD,27939,19215,1545
2011-09-13,NZD,34664,19303,1639
2011-09-20,NZD,22307,16511,2946
2011-09-27,NZD,23804,14475,4884
2011-10-04,NZD,26211,12929,7363
2011-10-11,NZD,25059,12075,5237
2011-10-18,NZD,24055,12445,4220
2011-10-25,NZD,24675,13298,4079
2011-11-01,NZD,24021,13394,2739
2011-11-08,NZD,24750,14585,3035
2011-11-15,NZD,25966,14255,3641
2011-11-22,NZD,26870,12639,4723
2011-11-29,NZD,28277,11018,7300
2011-12-06,NZD,27597,10745,6888
2011-12-13,NZD,28686,11148,5765
2011-12-20,NZD,9442,5735,5123
2011-12-27,NZD,10181,6571,5166
2012-01-03,NZD,10812,7857,5421
2012-01-10,NZD,14173,10658,5629
2012-01-17,NZD,20955,16195,6740
2012-01-24,NZD,25569,20232,7300
2012-01-31,NZD,31627,25330,10533
2012-02-07,NZD,35020,28201,4866
2012-02-14,NZD,36704,29202,5332
2012-02-21,NZD,36889,29422,5211
2012-02-28,NZD,35159,27006,4892
2012-03-06,NZD,29950,23506,6718
2012-03-13,NZD,32911,19223,6000
2012-03-20,NZD,20288,14686,10476
2012-03-27,NZD,20247,14046,10062
2012-04-03,NZD,20753,14477,8631
2012-04-10,NZD,21802,15433,8263
2012-04-17,NZD,23952,16999,5060
2012-04-24,NZD,19126,13984,4498
2012-05-01,NZD,19815,12155,4130
2012-05-08,NZD,17969,11688,5464
2012-05-15,NZD,17263,9124,6527
2012-05-22,NZD,21439,8418,9927
2012-05-29,NZD,21453,5798,11006
2012-06-05,NZD,21530,6575,12105
2012-06-12,NZD,27485,6640,10525
2012-06-19,NZD,12612,3564,5777
2012-06-26,NZD,16601,6108,5532
2012-07-03,NZD,20483,9862,5542
2012-07-10,NZD,22356,11434,5843
2012-07-17,NZD,23328,10986,4047
2012-07-24,NZD,23206,11703,3924
2012-07-31,NZD,24967,13659,3312
2012-08-07,NZD,28945,17808,3220
2012-08-14,NZD,30100,18273,3026
2012-08-21,NZD,31984,19835,3463
2012-08-28,NZD,31374,18215,3986
2012-09-04,NZD,25393,14815,3414
2012-09-11,NZD,27152,13641,3609
2012-09-18,NZD,29331,20402,3797
2012-09-25,NZD,32787,23389,3424
2012-10-02,NZD,34171,25298,3917
2012-10-09,NZD,30497,21075,4365
2012-10-16,NZD,29486,20646,4362
2012-10-23,NZD,29136,20528,4179
2012-10-30,NZD,31020,20849,4104
2012-11-06,NZD,35323,24440,5052
2012-11-13,NZD,33252,23692,4498
2012-11-20,NZD,29757,21436,3578
2012-11-27,NZD,31901,21653,2943
2012-12-04,NZD,32167,23272,2184
2012-12-11,NZD,41381,29560,4960
2012-12-18,NZD,42446,31830,17600
2012-12-24,NZD,40135,27425,12686
2012-12-31,NZD,34531,25832,8750
2013-01-08,NZD,36531,26635,7415
2013-01-15,NZD,38654,29920,7658
2013-01-22,NZD,37179,28815,5283
2013-01-29,NZD,35480,26830,5014
2013-02-05,NZD,37058,26343,3643
2013-02-12,NZD,35107,24898,3560
2013-02-19,NZD,37555,28153,3460
2013-02-26,NZD,32864,23570,3273
2013-03-05,NZD,31547,23812,4768
2013-03-12,NZD,32813,24250,4900
2013-03-19,NZD,28933,23384,10907
2013-03-26,NZD,34922,27946,11030
2013-04-02,NZD,39229,31358,12971
2013-04-09,NZD,42549,35358,10208
2013-04-16,NZD,46640,39986,9178
2013-04-23,NZD,45127,38027,10322
2013-04-30,NZD,46571,38184,9134
2013-05-07,NZD,46005,37775,9239
2013-05-14,NZD,37320,30436,7220
2013-05-21,NZD,32833,23978,6196
2013-05-28,NZD,29377,19666,5655
2013-06-04,NZD,25530,11700,5687
2013-06-11,NZD,26293,8940,6287
2013-06-18,NZD,11742,8469,6343
2013-06-25,NZD,11632,5377,6088
2013-07-02,NZD,12384,5288,6462
2013-07-09,NZD,12512,5390,6398
2013-07-16,NZD,12904,4224,6968
2013-07-23,NZD,12613,4517,6363
2013-07-30,NZD,12153,5593,6113
2013-08-06,NZD,11572,4595,6134
2013-08-13,NZD,11976,6632,6435
2013-08-20,NZD,13500,9760,7370
2013-08-27,NZD,12193,7463,7211
2013-09-03,NZD,13105,6384,7181
2013-09-10,NZD,15097,8068,8669
2013-09-17,NZD,15842,12463,6806
2013-09-24,NZD,19621,15470,7415
2013-10-01,NZD,22577,17706,6815
2013-10-08,NZD,23230,18343,7577
2013-10-15,NZD,24608,19379,6711
2013-10-22,NZD,27336,21349,8235
2013-10-29,NZD,23564,17705,7080
2013-11-05,NZD,22367,16937,7229
2013-11-12,NZD,21996,16814,6448
2013-11-19,NZD,24450,18940,6464
2013-11-26,NZD,20919,16064,5815
2013-12-03,NZD,18318,13660,6021
2013-12-10,NZD,19953,13183,4630
2013-12-17,NZD,17939,12842,7169
2013-12-24,NZD,18668,13899,7443
2013-12-31,NZD,18748,14198,7491
2014-01-07,NZD,20039,14803,6937
2014-01-14,NZD,22870,17539,7925
2014-01-21,NZD,22817,17330,8774
2014-01-28,NZD,21796,16606,6921
2014-02-04,NZD,20098,14588,6556
2014-02-11,NZD,19085,13176,5535
2014-02-18,NZD,21516,15331,6425
2014-02-25,NZD,22142,16529,5547
2014-03-04,NZD,25616,19346,5914
2014-03-11,NZD,31905,21155,6706
2014-03-18,NZD,31463,24645,8894
2014-03-25,NZD,32748,26243,8030
2014-04-01,NZD,32313,25765,7285
2014-04-08,NZD,32898,26521,6755
2014-04-15,NZD,33100,26671,6824
2014-04-22,NZD,32579,26056,5881
2014-04-29,NZD,29858,22979,4499
2014-05-06,NZD,33025,25027,4334
2014-05-13,NZD,30932,23806,4466
2014-05-20,NZD,30556,22486,4892
2014-05-27,NZD,30649,22034,4090
2014-06-03,NZD,30066,22400,4869
2014-06-10,NZD,32946,20401,3546
2014-06-17,NZD,28467,21671,17938
2014-06-24,NZD,31415,24855,18703
2014-07-01,NZD,33455,26563,17578
2014-07-08,NZD,36123,26750,12334
2014-07-15,NZD,32879,26570,11117
2014-07-22,NZD,32728,26028,10896
2014-07-29,NZD,30531,23552,8263
2014-08-05,NZD,25603,18949,4449
2014-08-12,NZD,25214,17913,4484
2014-08-19,NZD,24048,16796,4764
2014-08-26,NZD,23619,16405,4564
2014-09-02,NZD,23319,15623,5451
2014-09-09,NZD,24920,14369,4847
2014-09-16,NZD,16050,9814,8694
2014-09-23,NZD,16146,9779,7938
2014-09-30,NZD,18209,10092,10028
2014-10-07,NZD,19214,10052,10152
2014-10-14,NZD,21317,9171,11555
2014-10-21,NZD,21311,8526,10858
2014-10-28,NZD,22023,8506,12404
2014-11-04,NZD,23716,9737,13846
2014-11-11,NZD,19809,9244,10233
2014-11-18,NZD,19907,9134,10381
2014-11-25,NZD,21096,9630,11924
2014-12-02,NZD,20448,9272,10952
2014-12-09,NZD,23550,9786,12081
2014-12-16,NZD,18447,9865,10504
2014-12-23,NZD,19295,9786,11194
2014-12-30,NZD,18071,8236,10082
2015-01-06,NZD,19437,9865,10772
2015-01-13,NZD,21064,8396,10172
2015-01-20,NZD,22818,10941,12758
2015-01-27,NZD,25594,11908,15567
2015-02-03,NZD,25687,10537,15034
2015-02-10,NZD,26593,9272,15472
2015-02-17,NZD,27700,10021,15774
2015-02-24,NZD,27328,11107,15437
2015-03-03,NZD,27610,14597,15964
2015-03-10,NZD,29726,13347,15827
2015-03-17,NZD,23317,13117,14258
2015-03-24,NZD,20958,12149,13015
2015-03-31,NZD,24049,16443,12412
2015-04-07,NZD,24920,16950,11172
2015-04-14,NZD,25176,17081,11078
2015-04-21,NZD,26617,18473,9985
2015-04-28,NZD,28071,18281,8101
2015-05-05,NZD,28379,19585,10521
2015-05-12,NZD,25525,14268,12498
2015-05-19,NZD,26331,11192,13423
2015-05-26,NZD,28514,10426,15513
2015-06-02,NZD,33005,9432,19971
2015-06-09,NZD,36911,11097,22892
2015-06-16,NZD,37169,19382,28550
2015-06-23,NZD,42911,19661,33224
2015-06-30,NZD,43256,16949,33015
2015-07-07,NZD,42873,14679,33027
2015-07-14,NZD,42311,13504,33158
2015-07-21,NZD,38544,13200,29154
2015-07-28,NZD,37487,13550,26315
2015-08-04,NZD,38530,14391,26290
2015-08-11,NZD,36861,13931,24503
2015-08-18,NZD,36523,14012,23969
2015-08-25,NZD,33400,15388,21451
2015-09-01,NZD,34339,13543,21822
2015-09-08,NZD,38325,11677,23497
2015-09-15,NZD,33352,22462,24556
2015-09-22,NZD,35920,22990,26519
2015-09-29,NZD,34105,20995,24057
2015-10-06,NZD,31930,18357,19328
2015-10-13,NZD,29038,18344,17652
2015-10-20,NZD,30142,19447,15688
2015-10-27,NZD,31743,20339,14750
2015-11-03,NZD,32539,21266,14648
2015-11-10,NZD,33719,21267,15703
2015-11-17,NZD,34899,22219,16971
2015-11-24,NZD,35099,22603,18593
2015-12-01,NZD,36623,22881,18124
2015-12-08,NZD,38425,24452,15571
2015-12-15,NZD,23626,16346,15227
2015-12-22,NZD,24057,14946,15167
2015-12-29,NZD,24587,14971,15117
2016-01-05,NZD,24928,16842,15263
2016-01-12,NZD,25434,17149,15608
2016-01-19,NZD,28114,14938,17892
2016-01-26,NZD,30437,15166,20566
2016-02-02,NZD,30979,13492,21928
2016-02-09,NZD,33544,13666,22805
2016-02-16,NZD,33596,14465,22782
2016-02-23,NZD,32618,15968,22583
2016-03-01,NZD,31473,16593,20750
2016-03-08,NZD,34957,20419,22419
2016-03-15,NZD,28451,20524,19234
2016-03-22,NZD,27163,19375,18358
2016-03-29,NZD,28248,20255,18381
2016-04-05,NZD,28309,20152,17249
2016-04-12,NZD,29575,21472,17180
2016-04-19,NZD,31313,22674,17323
2016-04-26,NZD,33789,24459,17075
2016-05-03,NZD,36578,25306,16106
2016-05-10,NZD,45419,33573,24221
2016-05-17,NZD,43986,32545,25857
2016-05-24,NZD,42189,30414,25838
2016-05-31,NZD,44604,31919,26415
2016-06-07,NZD,57750,38562,30026
2016-06-14,NZD,41919,29558,33376
2016-06-21,NZD,43562,30013,33058
2016-06-28,NZD,43462,29798,32624
2016-07-05,NZD,44234,30606,32009
2016-07-12,NZD,44750,31694,30683
2016-07-19,NZD,41199,29156,26983
2016-07-26,NZD,39825,26598,26383
2016-08-02,NZD,40392,27049,26832
2016-08-09,NZD,41475,28314,28927
2016-08-16,NZD,43268,28980,29675
2016-08-23,NZD,44393,29926,30804
2016-08-30,NZD,46496,31747,29854
2016-09-06,NZD,51939,37243,31115
2016-09-13,NZD,61941,34900,29771
2016-09-20,NZD,49526,34778,42694
2016-09-27,NZD,49416,34159,40952
2016-10-04,NZD,49242,32224,40054
2016-10-11,NZD,47124,30962,38698
2016-10-18,NZD,47413,29513,29666
2016-10-25,NZD,47257,29504,29924
2016-11-01,NZD,46788,28557,29522
2016-11-08,NZD,52113,36124,33619
2016-11-15,NZD,48563,33547,31504
2016-11-22,NZD,50007,31779,32312
2016-11-29,NZD,49885,30231,32103
2016-12-06,NZD,48740,27641,31593
2016-12-13,NZD,54226,29402,33104
2016-12-20,NZD,41806,28313,35266
2016-12-27,NZD,43266,25448,36449
2017-01-03,NZD,44227,25522,36935
2017-01-10,NZD,43936,22989,36949
2017-01-17,NZD,45994,25517,37805
2017-01-24,NZD,44940,25851,35734
2017-01-31,NZD,51587,32712,33734
2017-02-07,NZD,54073,34860,33015
2017-02-14,NZD,56314,36565,33689
2017-02-21,NZD,55082,35252,32094
2017-02-28,NZD,57102,37198,34261
2017-03-07,NZD,51405,27207,31632
2017-03-14,NZD,34986,19509,25114
2017-03-21,NZD,37898,16599,29209
2017-03-28,NZD,37949,16216,28845
2017-04-04,NZD,40904,17009,31733
2017-04-11,NZD,43375,19008,34161
2017-04-18,NZD,43061,18320,33326
2017-04-25,NZD,43947,18693,34097
2017-05-02,NZD,43368,19190,31160
2017-05-09,NZD,44057,12070,22856
2017-05-16,NZD,45187,11918,23872
2017-05-23,NZD,44165,14018,23235
2017-05-30,NZD,44203,16886,22425
2017-06-06,NZD,43814,19348,21133
2017-06-13,NZD,53576,27261,25666
2017-06-20,NZD,50095,38388,16933
2017-06-27,NZD,57424,45001,19768
2017-07-03,NZD,57560,44484,15351
2017-07-11,NZD,58499,45435,13530
2017-07-18,NZD,57496,44257,8276
2017-07-25,NZD,54603,41221,6416
2017-08-01,NZD,54968,41531,6593
2017-08-08,NZD,53151,40241,6756
2017-08-15,NZD,48413,33509,8670
2017-08-22,NZD,44090,29590,7708
2017-08-29,NZD,43732,29002,10198
2017-09-05,NZD,46094,26773,12050
2017-09-12,NZD,49256,25150,12800
2017-09-19,NZD,37073,23248,16578
2017-09-26,NZD,35914,22369,14316
2017-10-03,NZD,34175,20928,12810
2017-10-10,NZD,36460,21529,15800
2017-10-17,NZD,33757,20423,13446
2017-10-24,NZD,41185,20549,19938
2017-10-31,NZD,49610,21763,27470
2017-11-07,NZD,52072,18943,30130
2017-11-14,NZD,53690,18146,30037
2017-11-21,NZD,59737,22489,35883
2017-11-28,NZD,61260,23960,37982
2017-12-05,NZD,61386,24228,37121
2017-12-12,NZD,74192,23811,37239
2017-12-19,NZD,48385,19456,36075
2017-12-26,NZD,47219,18140,35726
2018-01-02,NZD,45141,15509,32494
2018-01-09,NZD,45519,17304,28321
2018-01-16,NZD,46780,17795,25786
2018-01-23,NZD,53374,24620,26086
2018-01-30,NZD,55783,29667,26197
2018-02-06,NZD,55563,29316,25984
2018-02-13,NZD,53739,28648,26428
2018-02-20,NZD,54483,29422,28478
2018-02-27,NZD,58443,32179,33170
2018-03-06,NZD,59354,33091,33061
2018-03-13,NZD,66872,34689,37505
2018-03-20,NZD,44482,31078,11452
2018-03-27,NZD,46728,32749,14510
2018-04-03,NZD,47079,32948,14571
2018-04-10,NZD,55938,41652,18825
2018-04-17,NZD,61437,47255,19652
2018-04-24,NZD,55385,39933,15499
2018-05-01,NZD,47605,29899,13326
2018-05-08,NZD,49725,29004,16458
2018-05-15,NZD,59874,28754,26801
2018-05-22,NZD,60456,27077,28440
2018-05-29,NZD,62523,30945,29544
2018-06-05,NZD,62065,33307,28924
2018-06-12,NZD,64699,34836,27830
2018-06-19,NZD,43308,14656,30596
2018-06-26,NZD,45026,14898,32460
2018-07-03,NZD,53676,14522,40926
2018-07-10,NZD,52787,13170,39744
2018-07-17,NZD,53254,15392,40459
2018-07-24,NZD,51898,14977,39347
2018-07-31,NZD,51816,14454,38134
2018-08-07,NZD,51319,14051,38578
2018-08-14,NZD,56128,15723,42416
2018-08-21,NZD,55473,15665,40808
2018-08-28,NZD,54564,16445,40372
2018-09-04,NZD,55781,16291,41185
2018-09-11,NZD,59669,19408,42055
2018-09-18,NZD,57429,11021,43010
2018-09-25,NZD,56994,10906,42741
2018-10-02,NZD,56448,10678,41274
2018-10-09,NZD,64710,15418,49238
2018-10-16,NZD,62490,11136,46548
2018-10-23,NZD,58683,9634,42682
2018-10-30,NZD,59718,8956,43987
2018-11-06,NZD,51288,10434,36160
2018-11-13,NZD,50015,11138,32006
2018-11-20,NZD,53661,15489,34836
2018-11-27,NZD,54184,16373,36913
2018-12-04,NZD,56348,17694,38991
2018-12-11,NZD,62587,19127,34368
2018-12-18,NZD,29675,18820,15409
2018-12-24,NZD,28524,17717,15777
2018-12-31,NZD,29640,18272,16310
2019-01-08,NZD,29804,14895,16433
2019-01-15,NZD,30350,14129,17069
2019-01-22,NZD,33089,15437,20026
2019-01-29,NZD,31684,14891,17707
2019-02-05,NZD,34054,19257,18710
2019-02-12,NZD,35744,17944,19067
2019-02-19,NZD,36758,18718,19458
2019-02-26,NZD,35407,18295,17381
2019-03-05,NZD,39314,20687,19266
2019-03-12,NZD,42326,20974,16377
2019-03-19,NZD,36146,17301,18425
2019-03-26,NZD,42640,22570,22772
2019-04-02,NZD,39164,20854,21259
2019-04-09,NZD,37599,18911,20394
2019-04-16,NZD,37770,17030,20251
2019-04-23,NZD,45134,21367,26817
2019-04-30,NZD,49266,19038,30498
2019-05-07,NZD,48392,16308,29050
2019-05-14,NZD,50262,19075,30513
2019-05-21,NZD,58548,26446,37310
2019-05-28,NZD,61961,24986,41134
2019-06-04,NZD,68760,23476,43872
2019-06-11,NZD,62497,23072,39194
2019-06-18,NZD,64240,19552,44020
2019-06-25,NZD,61828,17611,41664
2019-07-02,NZD,55017,11272,35304
2019-07-09,NZD,54222,10484,32689
2019-07-16,NZD,50025,10839,28158
2019-07-23,NZD,54066,16029,28254
2019-07-30,NZD,53172,15117,27436
2019-08-06,NZD,57131,17898,29462
2019-08-13,NZD,59895,20500,33947
2019-08-20,NZD,62760,21073,39333
2019-08-27,NZD,64672,21135,47182
2019-09-03,NZD,67827,21066,51742
2019-09-10,NZD,73148,22490,52280
2019-09-17,NZD,68408,15824,51867
2019-09-24,NZD,75074,19515,59113
2019-10-01,NZD,75163,16114,58588
2019-10-08,NZD,73793,14377,52594
2019-10-15,NZD,74796,14383,54399
2019-10-22,NZD,73499,12149,52291
2019-10-29,NZD,72478,11612,52015
2019-11-05,NZD,75326,14376,53341
2019-11-12,NZD,79394,16750,52985
2019-11-19,NZD,73073,12349,47448
2019-11-26,NZD,70840,10626,46452
2019-12-03,NZD,71895,16467,43459
2019-12-10,NZD,75194,14433,39773
2019-12-17,NZD,44340,16160,24377
2019-12-24,NZD,46630,18651,26447
2019-12-31,NZD,48744,23893,28951
2020-01-07,NZD,50802,27369,28857
2020-01-14,NZD,48651,24085,24446
2020-01-21,NZD,48300,24112,22279
2020-01-28,NZD,46500,22882,20822
2020-02-04,NZD,43692,18599,20791
2020-02-11,NZD,48946,19893,23969
2020-02-18,NZD,52585,17485,29672
2020-02-25,NZD,58240,18994,34305
2020-03-03,NZD,62847,20530,37487
2020-03-10,NZD,71034,20681,36057
2020-03-17,NZD,44688,9976,30251
2020-03-24,NZD,37622,6993,23009
2020-03-31,NZD,39144,8040,24146
2020-04-07,NZD,40306,9968,24621
2020-04-14,NZD,39812,8958,23536
2020-04-21,NZD,39153,8282,22541
2020-04-28,NZD,41267,9856,23635
2020-05-05,NZD,44372,12042,26995
2020-05-12,NZD,45368,11953,27831
2020-05-19,NZD,44143,10742,26609
2020-05-26,NZD,45668,12218,27261
2020-06-02,NZD,46537,14318,27241
2020-06-09,NZD,46711,15165,26406
2020-06-16,NZD,27321,14452,16384
2020-06-23,NZD,29351,16174,16189
2020-06-30,NZD,30845,16314,15958
2020-07-07,NZD,31229,15806,16123
2020-07-14,NZD,33202,16973,15856
2020-07-21,NZD,36105,19597,17122
2020-07-28,NZD,36142,17383,18228
2020-08-04,NZD,38499,18584,20032
2020-08-11,NZD,37528,17878,18057
2020-08-18,NZD,38561,20513,16751
2020-08-25,NZD,36678,19756,15568
2020-09-01,NZD,40244,21434,14468
2020-09-08,NZD,44047,20109,15209
2020-09-15,NZD,35834,18002,14760
2020-09-22,NZD,35216,16700,11840
2020-09-29,NZD,35923,17100,13771
2020-10-06,NZD,34612,16755,11665
2020-10-13,NZD,38209,20227,13737
2020-10-20,NZD,37295,19897,13295
2020-10-27,NZD,40388,22023,15028
2020-11-03,NZD,40400,21903,14852
2020-11-10,NZD,46065,25695,17978
2020-11-17,NZD,50687,29325,20457
2020-11-24,NZD,54640,32235,23923
2020-12-01,NZD,55345,32806,23748
2020-12-08,NZD,61261,34730,24180
2020-12-15,NZD,47402,28739,14546
2020-12-21,NZD,48309,28710,15056
2020-12-29,NZD,47915,27839,15305
2021-01-05,NZD,47194,26552,14556
2021-01-12,NZD,44757,26131,11424
2021-01-19,NZD,46244,27997,12014
2021-01-26,NZD,46804,28177,13419
2021-02-02,NZD,50685,30501,18854
2021-02-09,NZD,48655,29133,17589
2021-02-16,NZD,48103,30243,16532
2021-02-23,NZD,48209,30422,15773
2021-03-02,NZD,48587,31825,15417
2021-03-09,NZD,51380,32664,15538
2021-03-16,NZD,34565,20002,13973
2021-03-23,NZD,38253,20354,15630
2021-03-30,NZD,36805,18945,14899
2021-04-06,NZD,37377,19199,16061
2021-04-13,NZD,38435,19727,17207
2021-04-20,NZD,40632,21695,17373
2021-04-27,NZD,44102,25852,18873
2021-05-04,NZD,44453,26371,17783
2021-05-11,NZD,45414,26377,17033
2021-05-18,NZD,43155,23624,15174
2021-05-25,NZD,44245,24446,15861
2021-06-01,NZD,46253,24684,18757
2021-06-08,NZD,45803,21962,16456
2021-06-15,NZD,37913,18466,15201
2021-06-22,NZD,39285,19171,15885
2021-06-29,NZD,41352,19914,16790
2021-07-06,NZD,41756,19412,17651
2021-07-13,NZD,42463,20627,17397
2021-07-20,NZD,43583,20671,17625
2021-07-27,NZD,43953,19505,18084
2021-08-03,NZD,42743,16959,17284
2021-08-10,NZD,46690,17295,18327
2021-08-17,NZD,44222,16674,16909
2021-08-24,NZD,46444,17219,17581
2021-08-31,NZD,48296,17692,19833
2021-09-07,NZD,58075,20074,16211
2021-09-14,NZD,35667,17554,11348
2021-09-21,NZD,36691,19703,11601
2021-09-28,NZD,33673,18324,8078
2021-10-05,NZD,35861,17887,9831
2021-10-12,NZD,37340,20467,11719
2021-10-19,NZD,37730,21004,14564
2021-10-26,NZD,43061,24490,15584
2021-11-02,NZD,45436,27504,13643
2021-11-09,NZD,43461,25312,12430
2021-11-16,NZD,42945,26388,12423
2021-11-23,NZD,44524,27835,13896
2021-11-30,NZD,49483,30465,19835
2021-12-07,NZD,55975,31881,21173
2021-12-14,NZD,41223,13539,19400
2021-12-21,NZD,41354,11050,17186
2021-12-28,NZD,41862,11231,19652
2022-01-04,NZD,40302,9417,18262
2022-01-11,NZD,42066,10960,19564
2022-01-18,NZD,44727,11612,19943
2022-01-25,NZD,53316,15948,26721
2022-02-01,NZD,58467,19205,30903
2022-02-08,NZD,54877,17168,27534
2022-02-15,NZD,64105,24923,34256
2022-02-22,NZD,56636,17343,28894
2022-03-01,NZD,50389,10485,24657
2022-03-08,NZD,53250,15775,28154
2022-03-15,NZD,39200,21493,17840
2022-03-22,NZD,35256,17156,14636
2022-03-29,NZD,34881,15504,16371
2022-04-05,NZD,35788,15428,16997
2022-04-12,NZD,37585,16295,16584
2022-04-19,NZD,41098,19081,18716
2022-04-26,NZD,46510,22085,22019
2022-05-03,NZD,50844,17427,24037
2022-05-10,NZD,56235,15203,28199
2022-05-17,NZD,60804,14998,32765
2022-05-24,NZD,59279,10749,30070
2022-05-31,NZD,55134,9179,27903
2022-06-07,NZD,63540,12310,32081
2022-06-14,NZD,45410,14894,21732
2022-06-21,NZD,42889,14652,20075
2022-06-28,NZD,40337,11720,17031
2022-07-05,NZD,45403,13634,20690
2022-07-12,NZD,45837,14926,20209
2022-07-19,NZD,45467,15791,19462
2022-07-26,NZD,46471,17311,21497
2022-08-02,NZD,45274,16521,18094
2022-08-09,NZD,45350,18224,18500
2022-08-16,NZD,41729,18412,16643
2022-08-23,NZD,42311,16789,18263
2022-08-30,NZD,44376,16407,19531
2022-09-06,NZD,46796,17165,19911
2022-09-13,NZD,51079,17949,23250
2022-09-20,NZD,47884,11646,24235
2022-09-27,NZD,45240,12287,23758
2022-10-04,NZD,48487,14966,28944
2022-10-11,NZD,50557,11894,30936
2022-10-18,NZD,50448,10328,28773
2022-10-25,NZD,50620,15639,28523
2022-11-01,NZD,47219,21115,24962
2022-11-08,NZD,45808,18085,24452
2022-11-15,NZD,42589,15285,21913
2022-11-22,NZD,42589,15536,19820
2022-11-29,NZD,46180,18855,23909
2022-12-06,NZD,42954,16302,22800
2022-12-13,NZD,55294,19700,27206
2022-12-20,NZD,29044,13386,7052
2022-12-27,NZD,33552,15576,8669
2023-01-03,NZD,29773,13366,5886
2023-01-10,NZD,27566,12607,5257
2023-01-17,NZD,31579,11308,5250
2023-01-24,NZD,32710,10170,7996
2023-01-31,NZD,34587,15376,6990
2023-02-07,NZD,31410,16181,5337
2023-02-14,NZD,29900,14185,5182
2023-02-21,NZD,29888,15561,6773
2023-02-28,NZD,40006,21318,14208
2023-03-07,NZD,48777,22415,16788
2023-03-14,NZD,35374,12185,16926
2023-03-21,NZD,32179,6765,15548
2023-03-28,NZD,31981,9720,16330
2023-04-04,NZD,36080,14280,18311
2023-04-11,NZD,35806,13097,17578
2023-04-18,NZD,33377,10876,14780
2023-04-25,NZD,36603,13070,16322
2023-05-02,NZD,38910,16027,17944
2023-05-09,NZD,41583,17461,22042
2023-05-16,NZD,36187,14610,16685
2023-05-23,NZD,39011,16648,17011
2023-05-30,NZD,39507,16081,16211
2023-06-06,NZD,41665,16109,16812
2023-06-13,NZD,46496,15943,16774
2023-06-20,NZD,32401,10867,13526
2023-06-27,NZD,34362,13207,14038
2023-07-03,NZD,34057,13170,12340
2023-07-11,NZD,34947,13297,14548
2023-07-18,NZD,39402,13193,16819
2023-07-25,NZD,36820,12933,13882
2023-08-01,NZD,36091,15551,13965
2023-08-08,NZD,40986,18758,19126
2023-08-15,NZD,46781,21910,24346
2023-08-22,NZD,51035,21478,27991
2023-08-29,NZD,56617,20554,30930
2023-09-05,NZD,56462,16847,30847
2023-09-12,NZD,67487,14797,29417
2023-09-19,NZD,52588,7618,28890
2023-09-26,NZD,50757,10632,25813
2023-10-03,NZD,52291,15895,23545
2023-10-10,NZD,54694,18672,22761
2023-10-17,NZD,54135,16008,21907
2023-10-24,NZD,57243,13448,26299
2023-10-31,NZD,57676,14332,27149
2023-11-07,NZD,51001,9399,24339
2023-11-14,NZD,49906,8818,25852
2023-11-21,NZD,48137,7958,24812
2023-11-28,NZD,51460,10104,29713
2023-12-05,NZD,54732,11796,28246
2023-12-12,NZD,58308,13273,26761
2023-12-19,NZD,33652,14562,17954
2023-12-26,NZD,34911,14582,18249
2024-01-02,NZD,39215,18043,18589
2024-01-09,NZD,38539,16221,17988
2024-01-16,NZD,38466,14592,17474
2024-01-23,NZD,36633,13783,15526
2024-01-30,NZD,36979,14114,15154
2024-02-06,NZD,39305,16128,15298
2024-02-13,NZD,41827,19632,16225
2024-02-20,NZD,40950,19758,13132
2024-02-27,NZD,48463,23942,13885
2024-03-05,NZD,50123,21899,14671
2024-03-12,NZD,52711,16391,13926
2024-03-19,NZD,50301,19064,19253
2024-03-26,NZD,53416,14680,20704
2024-04-02,NZD,61732,19725,27253
2024-04-09,NZD,56260,13726,27273
2024-04-16,NZD,62857,18019,29745
2024-04-23,NZD,58570,18254,30301
2024-04-30,NZD,58811,21514,30065
2024-05-07,NZD,55822,19060,30251
2024-05-14,NZD,55640,19284,30484
2024-05-21,NZD,49105,22599,23969
2024-05-28,NZD,57525,26916,24870
2024-06-04,NZD,54758,29791,22586
2024-06-11,NZD,65785,33376,22398
2024-06-18,NZD,58436,39430,19101
2024-06-25,NZD,60495,43711,17069
2024-07-02,NZD,62491,45185,14442
2024-07-09,NZD,59513,41683,15771
2024-07-16,NZD,60953,34473,21912
2024-07-23,NZD,63589,30207,25693
2024-07-30,NZD,76323,27299,38707
2024-08-06,NZD,74141,19843,36594
2024-08-13,NZD,66596,17050,32674
2024-08-20,NZD,66846,18887,32656
2024-08-27,NZD,65108,20648,28964
2024-09-03,NZD,63566,25235,25473
2024-09-10,NZD,63720,21394,24709
2024-09-17,NZD,49301,20758,22648
2024-09-24,NZD,55135,26475,27933
2024-10-01,NZD,61226,29168,27198
2024-10-08,NZD,57037,26287,25006
2024-10-15,NZD,54894,25079,25371
2024-10-22,NZD,55605,25821,26144
2024-10-29,NZD,58020,26077,28244
2024-11-05,NZD,59800,21855,30054
2024-11-12,NZD,64216,22871,34531
2024-11-19,NZD,72846,21762,40200
2024-11-26,NZD,79001,21408,45789
2024-12-03,NZD,80220,21213,44521
2024-12-10,NZD,98096,19605,47812
2024-12-17,NZD,80998,9370,51877
2024-12-24,NZD,84775,10244,56261
2024-12-31,NZD,88125,12766,61081
2025-01-07,NZD,92127,10439,65063
2025-01-14,NZD,92053,10921,63010
2025-01-21,NZD,90600,8938,60161
2025-01-28,NZD,83969,7898,54929
2025-02-04,NZD,83998,8327,57417
2025-02-11,NZD,87118,11218,60554
2025-02-18,NZD,89366,13048,65211
2025-02-25,NZD,90322,13628,67337
2025-03-04,NZD,99433,17843,73608
2025-03-11,NZD,117627,16282,69213
2025-03-18,NZD,84543,15954,56398
2025-03-25,NZD,82270,13435,55002
2025-04-01,NZD,81797,11164,56212
2025-04-08,NZD,72109,7935,47087
2025-04-15,NZD,66702,8761,41839
2025-04-22,NZD,62689,9897,36792
2025-04-29,NZD,63075,12170,33693
2025-05-06,NZD,60509,10188,33323
2025-05-13,NZD,60757,10207,32819
2025-05-20,NZD,61056,9981,33633
2025-05-27,NZD,59262,9093,33479
2025-06-03,NZD,67925,9531,33205
2025-06-10,NZD,78867,9312,30547
2025-06-17,NZD,47833,14571,15844
2025-06-24,NZD,44217,18619,15849
2025-07-01,NZD,42303,18315,14165
2025-07-08,NZD,43037,18984,14063
2025-07-15,NZD,41959,16623,12988
2025-07-22,NZD,44100,11955,15117
2025-07-29,NZD,46587,13080,15171
2025-08-05,NZD,48090,11085,15918
2025-08-12,NZD,48240,11160,15847
2025-08-19,NZD,47495,12986,17056
2025-08-26,NZD,53094,17143,23248
2025-09-02,NZD,55035,17462,23936
2025-09-09,NZD,71602,15479,24222
2025-09-16,NZD,49146,9251,27255
2025-09-23,NZD,56346,12295,33415
2025-09-30,NZD,68651,23582,44207
2025-10-07,NZD,72345,22866,47289
2025-10-14,NZD,82509,25599,55340
2025-10-21,NZD,89666,25478,61753
2025-10-28,NZD,88049,24330,59296
2025-11-04,NZD,91568,25314,62726
2025-11-10,NZD,102883,28677,72746
2025-11-18,NZD,103502,24211,73468
2025-11-25,NZD,107180,23477,75548
2025-12-02,NZD,104251,18394,71510
2025-12-09,NZD,114432,14333,71114
2025-12-16,NZD,103974,8129,56172
2025-12-23,NZD,82159,9596,53630
2025-12-30,NZD,79352,8706,51960
2026-01-06,NZD,84556,12971,56334
2026-01-13,NZD,85211,9613,58464
2026-01-20,NZD,92661,13670,63280
2026-01-27,NZD,85552,12074,59819
2026-02-03,NZD,71304,11883,46177
2026-02-10,NZD,71848,11801,46720
2026-02-17,NZD,73004,11183,46196
2026-02-24,NZD,71503,13839,43406
2026-03-03,NZD,79462,13176,47510
2026-03-10,NZD,84215,10944,48055
2026-03-17,NZD,64084,10998,34055
2026-03-24,NZD,65011,10847,37853
2026-03-31,NZD,70805,10663,39251
2026-04-07,NZD,76952,12636,48711
2026-04-14,NZD,80727,10112,52388
2026-04-21,NZD,82508,7917,56371
2026-04-28,NZD,83529,9044,55366
2026-05-05,NZD,85340,9063,57314
2026-05-12,NZD,86227,11846,50996
2026-05-19,NZD,92545,12319,52932
2026-05-26,NZD,91414,11721,45900
2026-06-02,NZD,136648,8460,36706
2026-06-09,NZD,149185,11764,43335
2026-06-16,NZD,135171,9266,54427
2026-06-23,NZD,103297,12114,66958
2026-06-30,NZD,110331,11581,74861
2026-07-07,NZD,113535,10919,76108
2026-07-14,NZD,118190,8936,71702
2026-07-21,NZD,108800,8489,58458
2026-07-28,NZD,105128,6841,54509
2026-08-04,NZD,101908,5577,46780
2026-08-11,NZD,96840,4949,44535
2026-08-18,NZD,89153,6344,38964
2026-08-25,NZD,88964,9545,23784
2026-09-01,NZD,107274,11300,19321
2026-09-08,NZD,125978,26110,19878
2026-09-15,NZD,135122,32859,22341
2026-09-22,NZD,101377,21571,32951
2000-01-04,ZAR,1866,928,0
2000-01-11,ZAR,3099,1159,0
2000-01-18,ZAR,4573,2832,609
2000-01-25,ZAR,4356,2459,0
2000-02-01,ZAR,3677,300,0
2000-02-08,ZAR,3625,0,0
2000-02-15,ZAR,3623,0,0
2000-02-22,ZAR,3631,0,0
2000-02-29,ZAR,3668,0,0
2000-03-07,ZAR,4446,0,239
2000-03-14,ZAR,2833,0,541
2000-03-21,ZAR,2794,0,541
2000-03-28,ZAR,2666,0,541
2000-04-04,ZAR,3068,0,510
2000-04-11,ZAR,3015,0,510
2000-04-25,ZAR,2140,0,510
2000-05-02,ZAR,2166,0,568
2010-03-09,ZAR,10039,1001,4988
2014-04-29,ZAR,5839,1442,2685
2014-05-06,ZAR,5906,1349,2771
2014-06-03,ZAR,5754,1615,2578
2014-06-10,ZAR,5936,1300,2208
2015-05-26,ZAR,6630,2056,4524
2015-06-09,ZAR,9805,2737,5186
2015-07-28,ZAR,8362,2605,6069
2015-08-04,ZAR,8919,2826,6462
2015-08-11,ZAR,9128,2790,6706
2015-08-18,ZAR,9441,3004,6835
2015-08-25,ZAR,9627,3230,7061
2015-09-01,ZAR,9063,2703,6812
2015-09-15,ZAR,7274,4376,5401
2015-09-29,ZAR,7149,2835,5142
2015-10-13,ZAR,7241,2583,5399
2015-11-03,ZAR,7353,2319,5474
2015-11-10,ZAR,7754,2499,5687
2015-11-17,ZAR,7782,2463,5398
2015-11-24,ZAR,7882,2218,5183
2015-12-01,ZAR,8965,2724,6356
2015-12-08,ZAR,8473,2220,5530
2016-01-26,ZAR,5370,3147,3575
2016-05-17,ZAR,4480,1917,3027
2016-08-02,ZAR,5103,1962,3477
2016-08-09,ZAR,5152,1970,3151
2016-09-13,ZAR,5305,1493,2792
2016-12-06,ZAR,5739,1556,3154
2016-12-13,ZAR,8270,1724,3269
2016-12-20,ZAR,7738,4003,3673
2016-12-27,ZAR,7900,4105,3713
2017-01-03,ZAR,8757,4450,3713
2017-01-10,ZAR,10523,5387,3700
2017-01-17,ZAR,13542,5836,3779
2017-01-24,ZAR,16517,6292,3507
2017-01-31,ZAR,19956,7461,1543
2017-02-07,ZAR,31690,7278,1566
2017-02-14,ZAR,31502,7750,1912
2017-02-21,ZAR,30041,7415,1262
2017-02-28,ZAR,27639,7627,1262
2017-03-07,ZAR,28816,8454,1262
2017-03-14,ZAR,26628,5656,1487
2017-03-21,ZAR,27017,5838,1726
2017-03-28,ZAR,27047,5832,2116
2017-04-04,ZAR,23815,5153,1319
2017-04-11,ZAR,23769,5055,1599
2017-04-18,ZAR,20842,6864,5546
2017-04-25,ZAR,18507,5072,3194
2017-05-02,ZAR,18246,4979,2946
2017-05-09,ZAR,18375,4243,3045
2017-05-16,ZAR,17685,4484,2858
2017-05-23,ZAR,17808,4417,2918
2017-05-30,ZAR,17642,4040,1968
2017-06-06,ZAR,21782,12262,2149
2017-06-13,ZAR,31016,21022,3822
2017-06-20,ZAR,29766,24022,4693
2017-06-27,ZAR,29535,23600,3587
2017-07-03,ZAR,26755,20765,1641
2017-07-11,ZAR,20164,11777,1632
2017-07-18,ZAR,19639,10171,1839
2017-07-25,ZAR,20271,11263,2615
2017-08-01,ZAR,21408,11825,3281
2017-08-08,ZAR,21587,11334,3428
2017-08-15,ZAR,19819,11346,1874
2017-08-22,ZAR,23334,15054,3851
2017-08-29,ZAR,25925,16727,5103
2017-09-05,ZAR,28327,18413,6855
2017-09-12,ZAR,39391,22562,10216
2017-09-19,ZAR,19843,17509,4640
2017-09-26,ZAR,19661,16013,4657
2017-10-03,ZAR,19529,13674,4465
2017-10-10,ZAR,19451,13024,4499
2017-10-17,ZAR,19234,12998,3946
2017-10-24,ZAR,21233,13034,4436
2017-10-31,ZAR,21229,12790,4414
2017-11-07,ZAR,21757,13430,4140
2017-11-14,ZAR,22319,14183,4267
2017-11-21,ZAR,22857,14156,3944
2017-11-28,ZAR,21890,13568,3932
2017-12-05,ZAR,22624,13647,3720
2017-12-12,ZAR,24372,13584,3783
2017-12-19,ZAR,13093,11779,4317
2017-12-26,ZAR,12599,11147,2280
2018-01-02,ZAR,13328,11699,2945
2018-01-09,ZAR,12529,11062,2167
2018-01-16,ZAR,13117,11662,2909
2018-01-23,ZAR,13292,11254,2660
2018-01-30,ZAR,14392,11348,2602
2018-02-06,ZAR,14973,11322,2883
2018-02-13,ZAR,14352,10385,2272
2018-02-20,ZAR,14661,10022,1978
2018-02-27,ZAR,14644,9814,1894
2018-03-06,ZAR,14040,9545,1749
2018-03-13,ZAR,11672,9439,1825
2018-03-20,ZAR,11272,9331,1983
2018-03-27,ZAR,11206,9043,1203
2018-04-03,ZAR,11396,9003,1092
2018-04-10,ZAR,11233,8839,1185
2018-04-17,ZAR,10749,8536,1002
2018-04-24,ZAR,10763,8056,1393
2018-05-01,ZAR,11002,8014,1569
2018-05-08,ZAR,10480,7599,1168
2018-05-15,ZAR,12193,9384,2874
2018-05-22,ZAR,13294,10291,4010
2018-05-29,ZAR,12081,9468,3149
2018-06-05,ZAR,12143,9729,2688
2018-06-12,ZAR,12282,10442,2657
2018-07-17,ZAR,7990,4761,4823
2018-07-24,ZAR,9149,6230,5433
2018-07-31,ZAR,10749,7964,5565
2018-08-07,ZAR,10900,7942,5620
2018-08-14,ZAR,10889,8356,4803
2018-08-21,ZAR,8060,5507,4156
2018-08-28,ZAR,7969,4755,3628
2018-09-04,ZAR,9589,6502,5128
2018-09-11,ZAR,13411,7274,6070
2018-09-18,ZAR,9256,3639,6032
2018-09-25,ZAR,8541,963,5454
2018-10-16,ZAR,8365,1595,4890
2018-10-30,ZAR,12140,5394,7339
2018-12-11,ZAR,28982,13900,13345
2018-12-31,ZAR,14960,11953,13131
2019-01-08,ZAR,14145,10535,12532
2019-01-15,ZAR,18015,11580,13242
2019-01-22,ZAR,21668,12182,13263
2019-01-29,ZAR,23430,13262,14669
2019-02-05,ZAR,26213,15936,16191
2019-02-12,ZAR,29241,19330,18886
2019-02-19,ZAR,28887,16639,15794
2019-03-05,ZAR,27314,13094,13232
2019-03-12,ZAR,30441,13148,13524
2019-03-19,ZAR,13355,2668,2852
2019-05-14,ZAR,13562,3043,2926
2019-05-28,ZAR,14818,6218,3743
2019-06-04,ZAR,15250,6304,3488
2019-06-11,ZAR,12272,5277,2758
2019-06-18,ZAR,11008,2770,2842
2019-06-25,ZAR,12293,3889,3438
2019-07-02,ZAR,17760,9548,8119
2019-07-09,ZAR,20474,13033,9938
2019-07-16,ZAR,20357,13624,9946
2019-07-23,ZAR,20792,14382,10245
2019-07-30,ZAR,27014,21083,14958
2019-08-06,ZAR,25802,22766,13798
2019-08-13,ZAR,16002,12860,4693
2019-08-20,ZAR,16895,12230,4807
2019-08-27,ZAR,15108,10834,3495
2019-09-03,ZAR,14861,10833,3468
2019-09-10,ZAR,14378,10032,3548
2019-09-17,ZAR,14469,12042,6092
2019-09-24,ZAR,16744,14570,7739
2019-10-01,ZAR,13390,11818,4377
2019-10-08,ZAR,10871,8905,3226
2019-10-15,ZAR,10388,7768,3133
2019-10-22,ZAR,9309,6449,2311
2019-10-29,ZAR,10483,8563,2809
2019-11-05,ZAR,13322,11443,4488
2019-11-12,ZAR,13741,11848,4777
2019-11-19,ZAR,15292,13400,6699
2019-11-26,ZAR,15336,13372,6544
2019-12-03,ZAR,14456,12633,6365
2019-12-10,ZAR,22569,11039,5072
2019-12-17,ZAR,17805,15272,3986
2019-12-24,ZAR,18206,14928,4367
2019-12-31,ZAR,18513,15230,3855
2020-01-07,ZAR,18327,15011,3637
2020-01-14,ZAR,18681,15713,3698
2020-01-21,ZAR,18049,15438,3282
2020-01-28,ZAR,18019,15623,2737
2020-02-04,ZAR,16207,12870,1869
2020-02-11,ZAR,17625,13475,2289
2020-02-18,ZAR,18766,14141,2636
2020-02-25,ZAR,20462,15474,2603
2020-03-03,ZAR,19860,14288,2967
2020-03-10,ZAR,18981,14160,3204
2020-03-17,ZAR,10501,4562,3409
2020-03-24,ZAR,10972,2088,3624
2020-03-31,ZAR,12951,2740,4708
2020-04-07,ZAR,15827,4671,5200
2020-04-14,ZAR,15867,4806,5025
2020-04-21,ZAR,16171,5528,5382
2020-04-28,ZAR,15421,5210,4929
2020-05-05,ZAR,16774,6719,5589
2020-05-12,ZAR,17607,7693,5695
2020-05-19,ZAR,17185,7290,5941
2020-05-26,ZAR,15994,6864,5627
2020-06-02,ZAR,12878,6039,2746
2020-06-09,ZAR,16869,7289,3601
2020-06-16,ZAR,10463,8178,2206
2020-06-23,ZAR,10695,8334,2346
2020-06-30,ZAR,11657,9258,2571
2020-07-07,ZAR,10947,8211,2594
2020-07-14,ZAR,13485,10060,3990
2020-07-21,ZAR,13489,9291,4118
2020-07-28,ZAR,12241,8150,4079
2020-08-04,ZAR,11963,7873,4344
2020-08-11,ZAR,13403,8236,5590
2020-08-18,ZAR,13752,8330,5676
2020-08-25,ZAR,12544,6808,5015
2020-09-01,ZAR,12561,7205,4219
2020-09-08,ZAR,14052,6339,2485
2020-09-15,ZAR,12242,7044,3585
2020-09-22,ZAR,11536,7026,2191
2020-09-29,ZAR,12923,8747,3417
2020-10-06,ZAR,11808,7455,2234
2020-10-13,ZAR,12482,8079,2852
2020-10-20,ZAR,13594,9064,4048
2020-10-27,ZAR,14418,9044,4392
2020-11-03,ZAR,14132,9810,3720
2020-11-10,ZAR,14303,9464,2516
2020-11-17,ZAR,14899,10102,2435
2020-11-24,ZAR,15317,10295,2562
2020-12-01,ZAR,15364,10786,2674
2020-12-08,ZAR,15020,9082,1779
2020-12-15,ZAR,11999,9460,1503
2020-12-21,ZAR,11421,9565,2088
2020-12-29,ZAR,11695,9765,2388
2021-01-05,ZAR,12269,10273,2653
2021-01-12,ZAR,11203,8742,2289
2021-01-19,ZAR,10526,7516,2233
2021-01-26,ZAR,11229,8021,2971
2021-02-02,ZAR,13089,8000,3741
2021-02-09,ZAR,13877,7787,3942
2021-02-16,ZAR,14002,8534,3955
2021-02-23,ZAR,13505,9603,3823
2021-03-02,ZAR,15981,9634,3273
2021-03-09,ZAR,14567,9169,3563
2021-03-16,ZAR,12214,5681,3496
2021-03-23,ZAR,12582,5810,3760
2021-03-30,ZAR,12684,5981,3865
2021-04-06,ZAR,12932,5744,3844
2021-04-13,ZAR,13230,6135,3612
2021-04-20,ZAR,15885,9126,5298
2021-04-27,ZAR,16274,10866,5423
2021-05-04,ZAR,15911,10965,6430
2021-05-11,ZAR,14848,9952,4330
2021-05-18,ZAR,14862,10013,4234
2021-05-25,ZAR,13952,8987,4104
2021-06-01,ZAR,14923,9785,4748
2021-06-08,ZAR,21363,9485,4231
2021-06-15,ZAR,17502,9698,2668
2021-06-22,ZAR,18239,10847,3546
2021-06-29,ZAR,17995,10445,4005
2021-07-06,ZAR,17131,9686,3640
2021-07-13,ZAR,17476,9959,3333
2021-07-20,ZAR,17267,9016,3373
2021-07-27,ZAR,18324,9122,4117
2021-08-03,ZAR,17158,7540,3591
2021-08-10,ZAR,17166,8045,3536
2021-08-17,ZAR,17777,8548,3431
2021-08-24,ZAR,17958,8973,3490
2021-08-31,ZAR,18158,9067,3667
2021-09-07,ZAR,23028,9040,3633
2021-09-14,ZAR,15430,8508,4134
2021-09-21,ZAR,14720,8515,4210
2021-09-28,ZAR,14727,6984,4465
2021-10-05,ZAR,14278,7191,4655
2021-10-12,ZAR,14994,7610,5454
2021-10-19,ZAR,13805,7667,3954
2021-10-26,ZAR,14278,8246,4295
2021-11-02,ZAR,14171,7504,5077
2021-11-09,ZAR,13289,6070,4432
2021-11-16,ZAR,12423,5836,2559
2021-11-23,ZAR,13173,6618,3388
2021-11-30,ZAR,14109,7762,3523
2021-12-07,ZAR,12669,6670,2852
2021-12-14,ZAR,10179,2670,2857
2021-12-21,ZAR,10603,3143,3583
2021-12-28,ZAR,10553,3810,3802
2022-01-04,ZAR,9958,3289,3096
2022-01-11,ZAR,11284,4606,2845
2022-01-18,ZAR,12567,6150,4297
2022-01-25,ZAR,16632,9817,7634
2022-02-01,ZAR,17468,10723,7903
2022-02-08,ZAR,22035,15444,12145
2022-02-15,ZAR,19795,12580,9782
2022-02-22,ZAR,21659,13918,12176
2022-03-01,ZAR,21726,14880,12504
2022-03-08,ZAR,22285,14678,14917
2022-03-15,ZAR,19217,15724,2322
2022-03-22,ZAR,21613,17467,4354
2022-03-29,ZAR,23498,19540,5858
2022-04-05,ZAR,25442,21191,7454
2022-04-12,ZAR,26449,22198,7854
2022-04-19,ZAR,27886,24328,8802
2022-04-26,ZAR,25320,21623,6130
2022-05-03,ZAR,21663,17640,2302
2022-05-10,ZAR,22801,18489,4947
2022-05-17,ZAR,23592,19210,5837
2022-05-24,ZAR,22075,18028,4316
2022-05-31,ZAR,22605,18553,4888
2022-06-07,ZAR,41527,22148,7941
2022-06-14,ZAR,34666,28156,6361
2022-06-21,ZAR,33935,28295,5912
2022-06-28,ZAR,31842,26108,3529
2022-07-05,ZAR,30529,25973,3260
2022-07-12,ZAR,32166,19444,5915
2022-07-19,ZAR,29478,14064,4525
2022-07-26,ZAR,31870,13560,6911
2022-08-02,ZAR,30975,13013,6625
2022-08-09,ZAR,30747,12359,6421
2022-08-16,ZAR,27403,8732,2807
2022-08-23,ZAR,28409,9794,2909
2022-08-30,ZAR,29700,9989,3148
2022-09-06,ZAR,29694,10334,3219
2022-09-13,ZAR,35526,9843,3209
2022-09-20,ZAR,12396,7675,2455
2022-09-27,ZAR,13038,7639,3543
2022-10-04,ZAR,12147,6661,2375
2022-10-11,ZAR,11593,6210,1844
2022-10-18,ZAR,11861,6698,2488
2022-10-25,ZAR,17201,10120,7443
2022-11-01,ZAR,23214,13432,13557
2022-11-08,ZAR,24082,13785,14813
2022-11-15,ZAR,23155,12773,13711
2022-11-22,ZAR,21398,10641,11763
2022-11-29,ZAR,19820,8636,9651
2022-12-06,ZAR,14489,4295,4775
2022-12-13,ZAR,15326,4208,3103
2022-12-20,ZAR,9346,4878,3444
2022-12-27,ZAR,8196,3352,2291
2023-01-03,ZAR,7949,3406,2644
2023-01-10,ZAR,10751,7467,5276
2023-01-17,ZAR,12821,7561,6811
2023-01-24,ZAR,10348,5333,4129
2023-01-31,ZAR,7858,2694,1067
2023-02-07,ZAR,8346,3428,1704
2023-02-14,ZAR,10856,5084,4203
2023-02-21,ZAR,14953,8385,7450
2023-02-28,ZAR,24496,15565,17138
2023-03-07,ZAR,28140,18052,20041
2023-03-14,ZAR,28545,10385,23530
2023-03-21,ZAR,27835,9181,22157
2023-03-28,ZAR,30632,11215,24617
2023-04-04,ZAR,29735,9922,23930
2023-04-11,ZAR,30073,10331,23673
2023-04-18,ZAR,31929,11866,26138
2023-04-25,ZAR,32023,11590,26251
2023-05-02,ZAR,32945,12250,26818
2023-05-09,ZAR,34673,12971,27527
2023-05-16,ZAR,36901,14867,29314
2023-05-23,ZAR,41747,18554,34203
2023-05-30,ZAR,43946,19594,36136
2023-06-06,ZAR,44039,18714,37118
2023-06-13,ZAR,44266,12879,29875
2023-06-20,ZAR,30125,6782,24333
2023-06-27,ZAR,28910,5701,24096
2023-07-03,ZAR,28372,5174,23171
2023-07-11,ZAR,28461,5487,22066
2023-07-18,ZAR,27040,4236,20380
2023-07-25,ZAR,27254,3924,19263
2023-08-01,ZAR,37743,13990,25130
2023-08-08,ZAR,35488,12793,22685
2023-08-15,ZAR,33619,4822,13542
2023-08-22,ZAR,34085,2243,10412
2023-08-29,ZAR,24587,1666,10841
2023-09-05,ZAR,25151,2343,10440
2023-09-12,ZAR,25710,2224,10423
2023-09-19,ZAR,7085,3831,1732
2023-09-26,ZAR,9949,7656,4924
2023-10-03,ZAR,12631,10481,7669
2023-10-10,ZAR,12337,9713,7445
2023-10-17,ZAR,13335,10665,8529
2023-10-24,ZAR,13610,11388,8353
2023-10-31,ZAR,13650,11014,9033
2023-11-07,ZAR,18035,14590,13400
2023-11-14,ZAR,19089,15549,13869
2023-11-21,ZAR,20260,16148,14133
2023-11-28,ZAR,13220,9030,7342
2023-12-05,ZAR,12048,7561,6374
2023-12-12,ZAR,12138,7613,5251
2023-12-19,ZAR,5917,2842,1037
2023-12-26,ZAR,5862,2435,570
2024-01-02,ZAR,5467,2205,1072
2024-01-09,ZAR,6149,3218,694
2024-01-16,ZAR,7561,4944,1795
2024-01-23,ZAR,9903,7567,2589
2024-01-30,ZAR,12249,5466,5040
2024-02-06,ZAR,11007,4327,4539
2024-02-13,ZAR,10123,3920,3332
2024-02-20,ZAR,9091,4038,2935
2024-02-27,ZAR,14587,9770,7155
2024-03-05,ZAR,14517,10661,7874
2024-03-12,ZAR,17079,6506,4293
2024-03-19,ZAR,21525,12829,15804
2024-03-26,ZAR,21825,12891,15780
2024-04-02,ZAR,21519,13308,15534
2024-04-09,ZAR,26779,17001,19908
2024-04-16,ZAR,31713,24054,23945
2024-04-23,ZAR,31268,23613,22569
2024-04-30,ZAR,34692,26874,26159
2024-05-07,ZAR,39537,31720,30217
2024-05-14,ZAR,43478,35502,32763
2024-05-21,ZAR,49448,38032,36307
2024-05-28,ZAR,49862,39233,35934
2024-06-04,ZAR,48358,38567,33751
2024-06-11,ZAR,36889,23580,21577
2024-06-18,ZAR,33905,26864,25519
2024-06-25,ZAR,48393,39567,34038
2024-07-02,ZAR,46873,39577,30562
2024-07-09,ZAR,47151,39900,31063
2024-07-16,ZAR,50072,41813,32583
2024-07-23,ZAR,49111,41153,30316
2024-07-30,ZAR,44882,37385,25152
2024-08-06,ZAR,43080,36624,22850
2024-08-13,ZAR,42673,34393,22311
2024-08-20,ZAR,46245,36756,25516
2024-08-27,ZAR,44931,36494,24500
2024-09-03,ZAR,55565,37526,24196
2024-09-10,ZAR,70196,37121,22421
2024-09-17,ZAR,41116,35654,2601
2024-09-24,ZAR,41841,35644,3010
2024-10-01,ZAR,41107,35100,2161
2024-10-08,ZAR,41393,34457,2481
2024-10-15,ZAR,40317,30175,2476
2024-10-22,ZAR,40077,30422,2277
2024-10-29,ZAR,39946,31376,2398
2024-11-05,ZAR,38999,30987,1757
2024-11-12,ZAR,38316,31007,1190
2024-11-19,ZAR,38078,32045,1252
2024-11-26,ZAR,38265,31214,1532
2024-12-03,ZAR,38404,31017,1581
2024-12-10,ZAR,56089,28984,1058
2024-12-17,ZAR,30606,23922,22500
2024-12-24,ZAR,28484,22850,19789
2024-12-31,ZAR,25041,18988,16836
2025-01-07,ZAR,22393,13863,16002
2025-01-14,ZAR,22537,13154,15599
2025-01-21,ZAR,23232,10447,14259
2025-01-28,ZAR,23769,11124,14223
2025-02-04,ZAR,23167,10964,14649
2025-02-11,ZAR,28525,19911,18914
2025-02-18,ZAR,31538,23127,19178
2025-02-25,ZAR,29062,24183,22550
2025-03-04,ZAR,26108,20998,17578
2025-03-11,ZAR,40298,19726,17616
2025-03-18,ZAR,20839,15703,2810
2025-03-25,ZAR,23214,18089,2294
2025-04-01,ZAR,23643,18764,2689
2025-04-08,ZAR,23596,15068,3239
2025-04-15,ZAR,23543,13625,6853
2025-04-22,ZAR,23646,13497,7389
2025-04-29,ZAR,22858,12076,6193
2025-05-06,ZAR,22798,13705,6521
2025-05-13,ZAR,26605,19735,7936
2025-05-20,ZAR,24945,18376,7233
2025-05-27,ZAR,25451,18675,6014
2025-06-03,ZAR,24545,17689,5591
2025-06-10,ZAR,26148,16260,4952
2025-06-17,ZAR,21093,16482,2114
2025-06-24,ZAR,19578,14295,2026
2025-07-01,ZAR,20049,14747,2105
2025-07-08,ZAR,22069,16631,2532
2025-07-15,ZAR,22331,16767,2576
2025-07-22,ZAR,22677,15704,3100
2025-07-29,ZAR,24237,16897,3871
2025-08-05,ZAR,25510,17511,3322
2025-08-12,ZAR,24709,15636,3826
2025-08-19,ZAR,23606,14774,3079
2025-08-26,ZAR,23991,15516,4285
2025-09-02,ZAR,24806,15892,4582
2025-09-09,ZAR,27865,16110,4909
2025-09-16,ZAR,24174,14254,4797
2025-09-23,ZAR,23282,13276,4098
2025-09-30,ZAR,23488,13972,8062
2025-10-07,ZAR,25740,15887,9138
2025-10-14,ZAR,24177,15080,7024
2025-10-21,ZAR,24507,15475,6500
2025-10-28,ZAR,25149,15488,6839
2025-11-04,ZAR,22966,14314,5821
2025-11-10,ZAR,22366,13573,6053
2025-11-18,ZAR,24091,14185,6664
2025-11-25,ZAR,21997,12834,5395
2025-12-02,ZAR,23864,12935,6198
2025-12-09,ZAR,26518,12772,7034
2025-12-16,ZAR,26107,13163,10326
2025-12-23,ZAR,25123,14908,10060
2025-12-30,ZAR,25932,15516,10395
2026-01-06,ZAR,27457,16197,10291
2026-01-13,ZAR,27591,16425,9315
2026-01-20,ZAR,28050,16757,8301
2026-01-27,ZAR,29051,17299,8217
2026-02-03,ZAR,30584,15993,6313
2026-02-10,ZAR,30293,15250,5725
2026-02-17,ZAR,30024,15974,6018
2026-02-24,ZAR,29998,15105,6454
2026-03-03,ZAR,35556,13248,6474
2026-03-10,ZAR,35726,13953,6844
2026-03-17,ZAR,21382,12631,2401
2026-03-24,ZAR,22134,12506,2943
2026-03-31,ZAR,21619,11852,2865
2026-04-07,ZAR,22654,10304,3121
2026-04-14,ZAR,22450,9235,2856
2026-04-21,ZAR,22666,8903,2473
2026-04-28,ZAR,22400,8986,2093
2026-05-05,ZAR,23215,8606,2732
2026-05-12,ZAR,23330,9452,2337
2026-05-19,ZAR,23921,9163,2380
2026-05-26,ZAR,25499,10299,3279
2026-06-02,ZAR,31456,12790,6735
2026-06-09,ZAR,32054,12922,6451
2026-06-16,ZAR,32486,13495,5362
2026-06-23,ZAR,25725,12955,3175
2026-06-30,ZAR,25927,12215,4277
2026-07-07,ZAR,27185,12667,4449
2026-07-14,ZAR,27642,12807,4891
2026-07-21,ZAR,27605,12080,4619
2026-07-28,ZAR,28361,11768,4833
2026-08-04,ZAR,29188,10935,5930
2026-08-11,ZAR,32605,13498,7266
2026-08-18,ZAR,32248,14672,6173
2026-08-25,ZAR,35719,17341,5444
2026-09-01,ZAR,36349,17497,5590
2026-09-08,ZAR,46838,19484,7031
2026-09-15,ZAR,44699,20562,5387
2026-09-22,ZAR,37849,21035,5337
