iso3,year,indicator,value
AUS,2025,current_account_pct_gdp,-2.68119524894682
AUS,2024,current_account_pct_gdp,-2.3075014713626
AUS,2023,current_account_pct_gdp,-0.433071259302467
AUS,2022,current_account_pct_gdp,0.254202501603949
AUS,2021,current_account_pct_gdp,2.44729769999574
AUS,2020,current_account_pct_gdp,1.64272242623869
AUS,2019,current_account_pct_gdp,-0.0757460083721145
AUS,2018,current_account_pct_gdp,-2.58947975974169
AUS,2017,current_account_pct_gdp,-3.00525814878872
AUS,2016,current_account_pct_gdp,-3.60213104879027
AUS,2015,current_account_pct_gdp,-4.2950643949091
AUS,2014,current_account_pct_gdp,-3.07921525285017
AUS,2013,current_account_pct_gdp,-3.24439256531685
AUS,2012,current_account_pct_gdp,-4.42917293903347
AUS,2011,current_account_pct_gdp,-3.25393708127954
AUS,2010,current_account_pct_gdp,-3.99211276270473
AUS,2009,current_account_pct_gdp,-5.21460357172589
AUS,2008,current_account_pct_gdp,-4.87128797048566
AUS,2007,current_account_pct_gdp,-7.5509404049246
AUS,2006,current_account_pct_gdp,-6.17432428646521
AUS,2005,current_account_pct_gdp,-6.22018206583351
AUS,2004,current_account_pct_gdp,-6.70631316237641
AUS,2003,current_account_pct_gdp,-6.25542304141099
AUS,2002,current_account_pct_gdp,-4.03651427027564
AUS,2001,current_account_pct_gdp,-2.09983536268172
AUS,2000,current_account_pct_gdp,-3.7148479251727
AUS,1999,current_account_pct_gdp,-5.58366414929507
AUS,1998,current_account_pct_gdp,-4.44111787888726
AUS,1997,current_account_pct_gdp,-2.72974894003096
AUS,1996,current_account_pct_gdp,-3.58360337747536
AUS,1995,current_account_pct_gdp,-5.06318585541186
AUS,1994,current_account_pct_gdp,-4.90706698315176
AUS,1993,current_account_pct_gdp,-2.97199182738191
AUS,1992,current_account_pct_gdp,-3.1637556587871
AUS,1991,current_account_pct_gdp,-3.24314665991037
AUS,1990,current_account_pct_gdp,-4.98086922325911
BRA,2025,current_account_pct_gdp,-2.92630139201733
BRA,2024,current_account_pct_gdp,-2.9880142706208
BRA,2023,current_account_pct_gdp,-1.23139445763703
BRA,2022,current_account_pct_gdp,-2.14967698505073
BRA,2021,current_account_pct_gdp,-2.35822097223117
BRA,2020,current_account_pct_gdp,-1.64103541830151
BRA,2019,current_account_pct_gdp,-3.41429103072781
BRA,2018,current_account_pct_gdp,-2.80752008594698
BRA,2017,current_account_pct_gdp,-1.22429925769002
BRA,2016,current_account_pct_gdp,-1.700113396765
BRA,2015,current_account_pct_gdp,-3.51839166799859
BRA,2014,current_account_pct_gdp,-4.4988303801852
BRA,2013,current_account_pct_gdp,-3.57422079622864
BRA,2012,current_account_pct_gdp,-3.75941611687375
BRA,2011,current_account_pct_gdp,-3.19461831905473
BRA,2010,current_account_pct_gdp,-3.92594604454763
BRA,2009,current_account_pct_gdp,-1.7593578735281
BRA,2008,current_account_pct_gdp,-2.09933784786717
BRA,2007,current_account_pct_gdp,-0.19709696108555
BRA,2006,current_account_pct_gdp,0.9727105230346
BRA,2005,current_account_pct_gdp,1.30988466560485
BRA,2004,current_account_pct_gdp,1.33863064799445
BRA,2003,current_account_pct_gdp,0.392877183707379
BRA,2002,current_account_pct_gdp,-1.84525901678299
BRA,2001,current_account_pct_gdp,-4.44478653179819
BRA,2000,current_account_pct_gdp,-4.0477413019387
BRA,1999,current_account_pct_gdp,-4.46660530392099
BRA,1998,current_account_pct_gdp,-4.05145818781602
BRA,1997,current_account_pct_gdp,-3.63826290528202
BRA,1996,current_account_pct_gdp,-2.73368737119507
BRA,1995,current_account_pct_gdp,-2.35736654973227
BRA,1994,current_account_pct_gdp,-0.219464600014709
BRA,1993,current_account_pct_gdp,0.00543047313896343
BRA,1992,current_account_pct_gdp,1.8553169096048
BRA,1991,current_account_pct_gdp,-0.423315529310288
BRA,1990,current_account_pct_gdp,-0.993090660229478
CAN,2025,current_account_pct_gdp,-0.948637766653122
CAN,2024,current_account_pct_gdp,-0.487852623579789
CAN,2023,current_account_pct_gdp,-0.693744929649431
CAN,2022,current_account_pct_gdp,-0.442142105058685
CAN,2021,current_account_pct_gdp,-0.0219632369341121
CAN,2020,current_account_pct_gdp,-2.01049081035402
CAN,2019,current_account_pct_gdp,-1.95169853023597
CAN,2018,current_account_pct_gdp,-2.38506947723022
CAN,2017,current_account_pct_gdp,-2.80342092867237
CAN,2016,current_account_pct_gdp,-3.09310839278901
CAN,2015,current_account_pct_gdp,-3.51398363580264
CAN,2014,current_account_pct_gdp,-2.31891905245784
CAN,2013,current_account_pct_gdp,-3.14689861117208
CAN,2012,current_account_pct_gdp,-3.53226120893674
CAN,2011,current_account_pct_gdp,-2.77399195325843
CAN,2010,current_account_pct_gdp,-3.59617272045212
CAN,2009,current_account_pct_gdp,-2.96627675991292
CAN,2008,current_account_pct_gdp,0.2046335073484
CAN,2007,current_account_pct_gdp,0.752359497275173
CAN,2006,current_account_pct_gdp,1.36362891052774
CAN,2005,current_account_pct_gdp,1.86964040462905
CAN,2004,current_account_pct_gdp,2.26314907015468
CAN,2003,current_account_pct_gdp,1.16498628134968
CAN,2002,current_account_pct_gdp,1.64502756776047
CAN,2001,current_account_pct_gdp,2.13236979231819
CAN,2000,current_account_pct_gdp,2.48322832733607
CAN,1999,current_account_pct_gdp,0.124606928737743
CAN,1998,current_account_pct_gdp,-1.41951458841967
CAN,1997,current_account_pct_gdp,-1.37185519267148
CAN,1996,current_account_pct_gdp,0.385035905172817
CAN,1995,current_account_pct_gdp,-0.835225571288648
CAN,1994,current_account_pct_gdp,-2.39799048706512
CAN,1993,current_account_pct_gdp,-3.86026630874173
CAN,1992,current_account_pct_gdp,-3.65401317228271
CAN,1991,current_account_pct_gdp,-3.73448630876752
CAN,1990,current_account_pct_gdp,-3.39880313128256
CHE,2025,current_account_pct_gdp,6.98382706222827
CHE,2024,current_account_pct_gdp,8.88762829753527
CHE,2023,current_account_pct_gdp,5.86347462172406
CHE,2022,current_account_pct_gdp,8.95592029075919
CHE,2021,current_account_pct_gdp,7.43974843118479
CHE,2020,current_account_pct_gdp,0.439023949410653
CHE,2019,current_account_pct_gdp,4.02412129092586
CHE,2018,current_account_pct_gdp,5.9935622611881
CHE,2017,current_account_pct_gdp,5.23116441578826
CHE,2016,current_account_pct_gdp,7.11825025698579
CHE,2015,current_account_pct_gdp,9.03526946600204
CHE,2014,current_account_pct_gdp,7.31047606764298
CHE,2013,current_account_pct_gdp,10.0987695815989
CHE,2012,current_account_pct_gdp,9.26545401355282
CHE,2011,current_account_pct_gdp,6.78869248151288
CHE,2010,current_account_pct_gdp,13.5122041081735
CHE,2009,current_account_pct_gdp,6.20993663529341
CHE,2008,current_account_pct_gdp,1.71685956202742
CHE,2007,current_account_pct_gdp,8.62602411965998
CHE,2006,current_account_pct_gdp,12.5827051327396
CHE,2005,current_account_pct_gdp,11.2370098937934
CHE,2004,current_account_pct_gdp,12.370559423016
CHE,2003,current_account_pct_gdp,11.145732111859
CHE,2002,current_account_pct_gdp,7.33454803627006
CHE,2001,current_account_pct_gdp,7.10867997766228
CHE,2000,current_account_pct_gdp,11.1830809846991
CHE,1999,current_account_pct_gdp,9.36807372652254
CHE,1998,current_account_pct_gdp,8.20907228694801
CHE,1997,current_account_pct_gdp,8.47084633785544
CHE,1996,current_account_pct_gdp,5.76649068336731
CHE,1995,current_account_pct_gdp,5.78036617537037
CHE,1994,current_account_pct_gdp,5.46855373796557
CHE,1993,current_account_pct_gdp,6.10678947948753
CHE,1992,current_account_pct_gdp,4.70565182734784
CHE,1991,current_account_pct_gdp,3.49306005397493
CHE,1990,current_account_pct_gdp,2.26996181886497
CHN,2025,current_account_pct_gdp,3.76972243689338
CHN,2024,current_account_pct_gdp,2.46818591485776
CHN,2023,current_account_pct_gdp,1.40681103517507
CHN,2022,current_account_pct_gdp,2.20640460953834
CHN,2021,current_account_pct_gdp,1.6339546037037
CHN,2020,current_account_pct_gdp,1.49179592498582
CHN,2019,current_account_pct_gdp,0.619961080716059
CHN,2018,current_account_pct_gdp,0.170563391928727
CHN,2017,current_account_pct_gdp,1.50488723669316
CHN,2016,current_account_pct_gdp,1.67018709565352
CHN,2015,current_account_pct_gdp,2.59752794949746
CHN,2014,current_account_pct_gdp,2.21130586371267
CHN,2013,current_account_pct_gdp,1.52111320885029
CHN,2012,current_account_pct_gdp,2.48328422404794
CHN,2011,current_account_pct_gdp,1.77399724587567
CHN,2010,current_account_pct_gdp,3.8402567341525
CHN,2009,current_account_pct_gdp,4.68740638141982
CHN,2008,current_account_pct_gdp,9.01086996317632
CHN,2007,current_account_pct_gdp,9.79958953536148
CHN,2006,current_account_pct_gdp,8.30532573537484
CHN,2005,current_account_pct_gdp,5.71199843031159
CHN,2004,current_account_pct_gdp,3.47450259619584
CHN,2003,current_account_pct_gdp,2.55665409110255
CHN,2002,current_account_pct_gdp,2.37759984341841
CHN,2001,current_account_pct_gdp,1.28417196444636
CHN,2000,current_account_pct_gdp,1.67667411710879
CHN,1999,current_account_pct_gdp,1.91286225540032
CHN,1998,current_account_pct_gdp,3.0345158579566
CHN,1997,current_account_pct_gdp,3.81946407941415
CHN,1996,current_account_pct_gdp,0.833943624966418
CHN,1995,current_account_pct_gdp,0.219237328483813
CHN,1994,current_account_pct_gdp,1.21849357261851
CHN,1993,current_account_pct_gdp,-2.59966643215884
CHN,1992,current_account_pct_gdp,1.49380742683803
CHN,1991,current_account_pct_gdp,3.45166169027996
CHN,1990,current_account_pct_gdp,3.31811936794009
DNK,2024,current_account_pct_gdp,12.1952284849278
DNK,2023,current_account_pct_gdp,11.0099443611464
DNK,2022,current_account_pct_gdp,11.1530363234679
DNK,2021,current_account_pct_gdp,8.60686861056623
DNK,2020,current_account_pct_gdp,7.31174171634936
DNK,2019,current_account_pct_gdp,7.51157692205497
DNK,2018,current_account_pct_gdp,6.32147869586373
DNK,2017,current_account_pct_gdp,7.43235705188883
DNK,2016,current_account_pct_gdp,7.15352413797132
DNK,2015,current_account_pct_gdp,8.03310119340131
DNK,2014,current_account_pct_gdp,8.33724641683406
DNK,2013,current_account_pct_gdp,7.38438213074312
DNK,2012,current_account_pct_gdp,6.04077392997688
DNK,2011,current_account_pct_gdp,6.33895025513779
DNK,2010,current_account_pct_gdp,6.39689740721914
DNK,2009,current_account_pct_gdp,3.67030898793201
DNK,2008,current_account_pct_gdp,2.93344197648405
DNK,2007,current_account_pct_gdp,1.51196754347491
DNK,2006,current_account_pct_gdp,3.33878587946735
DNK,2005,current_account_pct_gdp,4.1513787487385
DNK,2004,current_account_pct_gdp,2.35760495195269
DNK,2003,current_account_pct_gdp,3.18790770063056
DNK,2002,current_account_pct_gdp,1.93547973055908
DNK,2001,current_account_pct_gdp,2.94033572239732
DNK,2000,current_account_pct_gdp,1.37879989622757
DNK,1999,current_account_pct_gdp,1.71298625187983
DNK,1998,current_account_pct_gdp,-1.13530538852639
DNK,1997,current_account_pct_gdp,0.531779842222929
DNK,1996,current_account_pct_gdp,1.64799093505224
DNK,1995,current_account_pct_gdp,1.00340778021557
DNK,1994,current_account_pct_gdp,2.04424373399313
DNK,1993,current_account_pct_gdp,3.37618768805071
DNK,1992,current_account_pct_gdp,2.74488364106854
DNK,1991,current_account_pct_gdp,1.42496597503467
DNK,1990,current_account_pct_gdp,0.992308259412132
GBR,2025,current_account_pct_gdp,-2.42693271936225
GBR,2024,current_account_pct_gdp,-2.95960422411904
GBR,2023,current_account_pct_gdp,-3.57676183842871
GBR,2022,current_account_pct_gdp,-2.06737101121871
GBR,2021,current_account_pct_gdp,-0.752836357784013
GBR,2020,current_account_pct_gdp,-2.92883387550299
GBR,2019,current_account_pct_gdp,-2.66245642145608
GBR,2018,current_account_pct_gdp,-3.88728858372976
GBR,2017,current_account_pct_gdp,-3.47326460218152
GBR,2016,current_account_pct_gdp,-5.46283821927875
GBR,2015,current_account_pct_gdp,-4.91700489264857
GBR,2014,current_account_pct_gdp,-4.97786981840052
GBR,2013,current_account_pct_gdp,-4.63114682704939
GBR,2012,current_account_pct_gdp,-3.13257837481106
GBR,2011,current_account_pct_gdp,-1.6237867474026
GBR,2010,current_account_pct_gdp,-2.75934253189814
GBR,2009,current_account_pct_gdp,-3.01852853421921
GBR,2008,current_account_pct_gdp,-3.86567706212856
GBR,2007,current_account_pct_gdp,-3.71636602944723
GBR,2006,current_account_pct_gdp,-3.10941980167091
GBR,2005,current_account_pct_gdp,-1.97517731781616
GBR,2004,current_account_pct_gdp,-2.28435751976608
GBR,2003,current_account_pct_gdp,-1.82204886055783
GBR,2002,current_account_pct_gdp,-1.96774674220137
GBR,2001,current_account_pct_gdp,-1.75946787442188
GBR,2000,current_account_pct_gdp,-1.80322397590519
GBR,1999,current_account_pct_gdp,-2.10815347133567
GBR,1998,current_account_pct_gdp,-0.317493408980745
GBR,1997,current_account_pct_gdp,-0.0893797602849274
GBR,1996,current_account_pct_gdp,-0.724668922297666
GBR,1995,current_account_pct_gdp,-0.995954431591392
GBR,1994,current_account_pct_gdp,-0.879081535567202
GBR,1993,current_account_pct_gdp,-1.66961487109581
GBR,1992,current_account_pct_gdp,-1.96702595518054
GBR,1991,current_account_pct_gdp,-1.66449946529553
GBR,1990,current_account_pct_gdp,-3.55031184555805
IDN,2025,current_account_pct_gdp,-0.105263812011573
IDN,2024,current_account_pct_gdp,-0.614730078804115
IDN,2023,current_account_pct_gdp,-0.148899596516736
IDN,2022,current_account_pct_gdp,1.00182875104005
IDN,2021,current_account_pct_gdp,0.295885914526078
IDN,2020,current_account_pct_gdp,-0.418606247736126
IDN,2019,current_account_pct_gdp,-2.7056619813955
IDN,2018,current_account_pct_gdp,-2.93907291477017
IDN,2017,current_account_pct_gdp,-1.59465689989364
IDN,2016,current_account_pct_gdp,-1.81915089251384
IDN,2015,current_account_pct_gdp,-2.03504192745969
IDN,2014,current_account_pct_gdp,-3.08816907525921
IDN,2013,current_account_pct_gdp,-3.18996482895809
IDN,2012,current_account_pct_gdp,-2.66027359471414
IDN,2011,current_account_pct_gdp,0.188703954012605
IDN,2010,current_account_pct_gdp,0.681277286848337
IDN,2009,current_account_pct_gdp,1.9697705622352
IDN,2008,current_account_pct_gdp,0.0246933252771075
IDN,2007,current_account_pct_gdp,2.42726412696792
IDN,2006,current_account_pct_gdp,2.97870868013903
IDN,2005,current_account_pct_gdp,0.0970882462390686
IDN,2004,current_account_pct_gdp,0.608561329917371
IDN,2003,current_account_pct_gdp,3.45304287667862
IDN,2002,current_account_pct_gdp,3.99852690784087
IDN,2001,current_account_pct_gdp,4.30104853135351
IDN,2000,current_account_pct_gdp,4.84306452849134
IDN,1999,current_account_pct_gdp,4.13060184583257
IDN,1998,current_account_pct_gdp,4.29246398762731
IDN,1997,current_account_pct_gdp,-2.2660591852136
IDN,1996,current_account_pct_gdp,-3.37028227381292
IDN,1995,current_account_pct_gdp,-3.1815838591366
IDN,1994,current_account_pct_gdp,-1.57836291535994
IDN,1993,current_account_pct_gdp,-1.33285487006627
IDN,1992,current_account_pct_gdp,-2.17141753355818
IDN,1991,current_account_pct_gdp,-3.6528272008554
IDN,1990,current_account_pct_gdp,-2.81513051122
IND,2025,current_account_pct_gdp,-0.416854153498652
IND,2024,current_account_pct_gdp,-0.851289719084462
IND,2023,current_account_pct_gdp,-0.912777939495827
IND,2022,current_account_pct_gdp,-2.43238270956779
IND,2021,current_account_pct_gdp,-1.05524166809383
IND,2020,current_account_pct_gdp,1.22362111042791
IND,2019,current_account_pct_gdp,-1.04961203910072
IND,2018,current_account_pct_gdp,-2.42697545810527
IND,2017,current_account_pct_gdp,-1.43948820320989
IND,2016,current_account_pct_gdp,-0.52788060603752
IND,2015,current_account_pct_gdp,-1.06754907167965
IND,2014,current_account_pct_gdp,-1.33950896483453
IND,2013,current_account_pct_gdp,-2.64566711733892
IND,2012,current_account_pct_gdp,-5.00488971805303
IND,2011,current_account_pct_gdp,-3.42928468606061
IND,2010,current_account_pct_gdp,-3.25348368945179
IND,2009,current_account_pct_gdp,-1.95146209111802
IND,2008,current_account_pct_gdp,-2.58337749259838
IND,2007,current_account_pct_gdp,-0.663717648772609
IND,2006,current_account_pct_gdp,-0.988988302952292
IND,2005,current_account_pct_gdp,-1.25350400207393
IND,2004,current_account_pct_gdp,0.110018010197154
IND,2003,current_account_pct_gdp,1.44355773291234
IND,2002,current_account_pct_gdp,1.37093793900847
IND,2001,current_account_pct_gdp,0.290495460210208
IND,2000,current_account_pct_gdp,-0.982342580017138
IND,1999,current_account_pct_gdp,-0.703547232193242
IND,1998,current_account_pct_gdp,-1.63832533358649
IND,1997,current_account_pct_gdp,-0.713014326393888
IND,1996,current_account_pct_gdp,-1.51595497295368
IND,1995,current_account_pct_gdp,-1.54413181166043
IND,1994,current_account_pct_gdp,-0.512193818555588
IND,1993,current_account_pct_gdp,-0.671618869530872
IND,1992,current_account_pct_gdp,-1.55624498023457
IND,1991,current_account_pct_gdp,-1.58891131223691
IND,1990,current_account_pct_gdp,-2.19193586906134
JPN,2025,current_account_pct_gdp,4.86496093471918
JPN,2024,current_account_pct_gdp,4.62202410018024
JPN,2023,current_account_pct_gdp,3.61127531871255
JPN,2022,current_account_pct_gdp,2.0281112293848
JPN,2021,current_account_pct_gdp,3.76057343034324
JPN,2020,current_account_pct_gdp,2.8911777788158
JPN,2019,current_account_pct_gdp,3.36672218972423
JPN,2018,current_account_pct_gdp,3.43924007536728
JPN,2017,current_account_pct_gdp,4.03254042163651
JPN,2016,current_account_pct_gdp,3.85588282294837
JPN,2015,current_account_pct_gdp,3.00967361767901
JPN,2014,current_account_pct_gdp,0.72910539728354
JPN,2013,current_account_pct_gdp,0.879664701194644
JPN,2012,current_account_pct_gdp,0.949145258884222
JPN,2011,current_account_pct_gdp,2.06383124200042
JPN,2010,current_account_pct_gdp,3.80082624691884
JPN,2009,current_account_pct_gdp,2.72970030740046
JPN,2008,current_account_pct_gdp,2.75407955979761
JPN,2007,current_account_pct_gdp,4.57839452711194
JPN,2006,current_account_pct_gdp,3.7579723483952
JPN,2005,current_account_pct_gdp,3.48923328988267
JPN,2004,current_account_pct_gdp,3.68297677752484
JPN,2003,current_account_pct_gdp,3.047625783072
JPN,2002,current_account_pct_gdp,2.56388731159672
JPN,2001,current_account_pct_gdp,1.94241825757612
JPN,2000,current_account_pct_gdp,2.59184009101983
JPN,1999,current_account_pct_gdp,2.43392694084621
JPN,1998,current_account_pct_gdp,2.76325572295153
JPN,1997,current_account_pct_gdp,2.08428927046609
JPN,1996,current_account_pct_gdp,1.37399041718279
KOR,2025,current_account_pct_gdp,6.57207036660681
KOR,2024,current_account_pct_gdp,5.33081628105267
KOR,2023,current_account_pct_gdp,1.76334472698699
KOR,2022,current_account_pct_gdp,1.29147917850335
KOR,2021,current_account_pct_gdp,4.31851487245382
KOR,2020,current_account_pct_gdp,4.38648608581777
KOR,2019,current_account_pct_gdp,3.40802631398853
KOR,2018,current_account_pct_gdp,4.24648147146115
KOR,2017,current_account_pct_gdp,4.39896168114518
KOR,2016,current_account_pct_gdp,6.20103649558332
KOR,2015,current_account_pct_gdp,6.82937629347486
KOR,2014,current_account_pct_gdp,5.33522703805369
KOR,2013,current_account_pct_gdp,5.38513504027402
KOR,2012,current_account_pct_gdp,3.65378622367594
KOR,2011,current_account_pct_gdp,1.27290610804572
KOR,2010,current_account_pct_gdp,2.34320897623578
KOR,2009,current_account_pct_gdp,3.36575830090763
KOR,2008,current_account_pct_gdp,0.160592800145373
KOR,2007,current_account_pct_gdp,0.857760495298849
KOR,2006,current_account_pct_gdp,0.191275272898578
KOR,2005,current_account_pct_gdp,1.25636444462509
KOR,2004,current_account_pct_gdp,3.55783305096389
KOR,2003,current_account_pct_gdp,1.55223664563709
KOR,2002,current_account_pct_gdp,0.625539996245813
KOR,2001,current_account_pct_gdp,0.381489475071825
KOR,2000,current_account_pct_gdp,1.7039361599544
KOR,1999,current_account_pct_gdp,4.22430160551507
KOR,1998,current_account_pct_gdp,10.0964211010999
KOR,1997,current_account_pct_gdp,-1.83493782106041
KOR,1996,current_account_pct_gdp,-3.87535195507046
KOR,1995,current_account_pct_gdp,-1.74482962406712
KOR,1994,current_account_pct_gdp,-1.00035102707401
KOR,1993,current_account_pct_gdp,0.416090198515083
KOR,1992,current_account_pct_gdp,-0.79068728488668
KOR,1991,current_account_pct_gdp,-2.35688840135155
KOR,1990,current_account_pct_gdp,-0.960131298063108
MEX,2025,current_account_pct_gdp,-0.447421048798837
MEX,2024,current_account_pct_gdp,-0.912091864173097
MEX,2023,current_account_pct_gdp,-0.699077082003633
MEX,2022,current_account_pct_gdp,-1.27426718190487
MEX,2021,current_account_pct_gdp,-0.340708629738092
MEX,2020,current_account_pct_gdp,2.39710320563074
MEX,2019,current_account_pct_gdp,-0.296844402020911
MEX,2018,current_account_pct_gdp,-2.06414074440499
MEX,2017,current_account_pct_gdp,-1.79746290782777
MEX,2016,current_account_pct_gdp,-2.27311198277187
MEX,2015,current_account_pct_gdp,-2.59917628224106
MEX,2014,current_account_pct_gdp,-1.82131927652883
MEX,2013,current_account_pct_gdp,-2.39396960169622
MEX,2012,current_account_pct_gdp,-1.40984864759126
MEX,2011,current_account_pct_gdp,-0.857892612318961
MEX,2010,current_account_pct_gdp,-0.339592498675246
MEX,2009,current_account_pct_gdp,-0.750921220817888
MEX,2008,current_account_pct_gdp,-1.40680860932702
MEX,2007,current_account_pct_gdp,-0.844640815368309
MEX,2006,current_account_pct_gdp,-0.316555541136009
MEX,2005,current_account_pct_gdp,-0.62353440164571
MEX,2004,current_account_pct_gdp,-0.464775659455355
MEX,2003,current_account_pct_gdp,-0.526761129534337
MEX,2002,current_account_pct_gdp,-1.52936520808688
MEX,2001,current_account_pct_gdp,-2.23003398954777
MEX,2000,current_account_pct_gdp,-2.52707170138346
MEX,1999,current_account_pct_gdp,-2.21778204046026
MEX,1998,current_account_pct_gdp,-2.8688383681894
MEX,1997,current_account_pct_gdp,-1.46431251799993
MEX,1996,current_account_pct_gdp,-0.580284830782933
MEX,1995,current_account_pct_gdp,-0.414680790187327
MEX,1994,current_account_pct_gdp,-5.35786349392844
MEX,1993,current_account_pct_gdp,-4.41375552546445
MEX,1992,current_account_pct_gdp,-6.73040694268406
MEX,1991,current_account_pct_gdp,-4.75442816258017
MEX,1990,current_account_pct_gdp,-2.85201728941809
NOR,2025,current_account_pct_gdp,13.9673665378253
NOR,2024,current_account_pct_gdp,15.0417961615846
NOR,2023,current_account_pct_gdp,17.1705757999469
NOR,2022,current_account_pct_gdp,27.8649748049066
NOR,2021,current_account_pct_gdp,14.2830281134545
NOR,2020,current_account_pct_gdp,1.10176093732255
NOR,2019,current_account_pct_gdp,2.80945670092243
NOR,2018,current_account_pct_gdp,7.69077594619518
NOR,2017,current_account_pct_gdp,5.20839830097389
NOR,2016,current_account_pct_gdp,3.85247124141966
NOR,2015,current_account_pct_gdp,7.76340686563235
NOR,2014,current_account_pct_gdp,10.6555857645762
NOR,2013,current_account_pct_gdp,9.89568626406436
NOR,2012,current_account_pct_gdp,12.0935398520706
NOR,2011,current_account_pct_gdp,12.9572292725078
NOR,2010,current_account_pct_gdp,11.4188723949275
NOR,2009,current_account_pct_gdp,11.415985949347
NOR,2008,current_account_pct_gdp,15.4461334508798
NOR,2007,current_account_pct_gdp,12.1948719512316
NOR,2006,current_account_pct_gdp,15.9855181283499
NOR,2005,current_account_pct_gdp,16.0451865986675
NOR,2004,current_account_pct_gdp,12.4217515088215
NOR,2003,current_account_pct_gdp,12.0849035834544
NOR,2002,current_account_pct_gdp,12.4227278954932
NOR,2001,current_account_pct_gdp,15.8681791390773
NOR,2000,current_account_pct_gdp,14.6986242485617
NOR,1999,current_account_pct_gdp,5.49186336382396
NOR,1998,current_account_pct_gdp,0.00399360306610798
NOR,1997,current_account_pct_gdp,6.27193624684654
NOR,1996,current_account_pct_gdp,6.75311594441525
NOR,1995,current_account_pct_gdp,3.46333244641902
NOR,1994,current_account_pct_gdp,2.976630670136
NOR,1993,current_account_pct_gdp,2.93905062039749
NOR,1992,current_account_pct_gdp,3.4392564563178
NOR,1991,current_account_pct_gdp,4.14923524067272
NOR,1990,current_account_pct_gdp,3.33929333961475
NZL,2025,current_account_pct_gdp,-3.61936128781643
NZL,2024,current_account_pct_gdp,-4.62952800849341
NZL,2023,current_account_pct_gdp,-6.14986296247429
NZL,2022,current_account_pct_gdp,-8.7516189444306
NZL,2021,current_account_pct_gdp,-5.64905496688557
NZL,2020,current_account_pct_gdp,-1.08263837857087
NZL,2019,current_account_pct_gdp,-2.82057766065118
NZL,2018,current_account_pct_gdp,-4.16442592967999
NZL,2017,current_account_pct_gdp,-2.9209984129863
NZL,2016,current_account_pct_gdp,-2.15490580463573
NZL,2015,current_account_pct_gdp,-2.61733984538523
NZL,2014,current_account_pct_gdp,-3.08979706201678
NZL,2013,current_account_pct_gdp,-3.05687316237006
NZL,2012,current_account_pct_gdp,-3.90197677437136
NZL,2011,current_account_pct_gdp,-2.86292030978892
NZL,2010,current_account_pct_gdp,-2.33469330577729
NZL,2009,current_account_pct_gdp,-2.47419947301186
NZL,2008,current_account_pct_gdp,-7.69181610885177
NZL,2007,current_account_pct_gdp,-6.79701754359097
NZL,2006,current_account_pct_gdp,-7.06517341361543
NZL,2005,current_account_pct_gdp,-6.9953679486939
NZL,2004,current_account_pct_gdp,-4.50791009901216
NZL,2003,current_account_pct_gdp,-2.40599179153862
NZL,2002,current_account_pct_gdp,-2.09521936295548
NZL,2001,current_account_pct_gdp,-0.776440240634347
NZL,2000,current_account_pct_gdp,-3.30284871216652
SGP,2025,current_account_pct_gdp,16.7132387250529
SGP,2024,current_account_pct_gdp,17.2010838902762
SGP,2023,current_account_pct_gdp,16.3916456531586
SGP,2022,current_account_pct_gdp,18.9227008880076
SGP,2021,current_account_pct_gdp,19.2527773366463
SGP,2020,current_account_pct_gdp,17.6975168735289
SGP,2019,current_account_pct_gdp,15.4536632743623
SGP,2018,current_account_pct_gdp,15.6764327413725
SGP,2017,current_account_pct_gdp,18.4885963302097
SGP,2016,current_account_pct_gdp,18.0266123608265
SGP,2015,current_account_pct_gdp,18.6930222903094
SGP,2014,current_account_pct_gdp,17.9502135491878
SGP,2013,current_account_pct_gdp,15.707187590209
SGP,2012,current_account_pct_gdp,17.6432739045995
SGP,2011,current_account_pct_gdp,22.2184518342372
SGP,2010,current_account_pct_gdp,22.9333472183784
SGP,2009,current_account_pct_gdp,16.3930632928179
SGP,2008,current_account_pct_gdp,15.08343561816
SGP,2007,current_account_pct_gdp,27.143332530687
SGP,2006,current_account_pct_gdp,26.8933813503311
SGP,2005,current_account_pct_gdp,23.2604773041195
SGP,2004,current_account_pct_gdp,19.3111213606955
SGP,2003,current_account_pct_gdp,24.3020823146557
SGP,2002,current_account_pct_gdp,14.8770537568056
SGP,2001,current_account_pct_gdp,14.4329302808565
SGP,2000,current_account_pct_gdp,11.0715031927897
SGP,1999,current_account_pct_gdp,17.2038802401523
SGP,1998,current_account_pct_gdp,21.7915511543613
SGP,1997,current_account_pct_gdp,15.5698355478412
SGP,1996,current_account_pct_gdp,14.627347115363
SGP,1995,current_account_pct_gdp,16.4967504477223
SGP,1994,current_account_pct_gdp,15.4701578956138
SGP,1993,current_account_pct_gdp,6.94851439736297
SGP,1992,current_account_pct_gdp,11.3460660380192
SGP,1991,current_account_pct_gdp,10.7339641366336
SGP,1990,current_account_pct_gdp,8.63724140435268
SWE,2025,current_account_pct_gdp,6.05502404848928
SWE,2024,current_account_pct_gdp,6.85769099152574
SWE,2023,current_account_pct_gdp,6.22102368947912
SWE,2022,current_account_pct_gdp,4.02280803536862
SWE,2021,current_account_pct_gdp,6.24035538176738
SWE,2020,current_account_pct_gdp,5.66402536162382
SWE,2019,current_account_pct_gdp,5.21540072405936
SWE,2018,current_account_pct_gdp,2.08249358421543
SWE,2017,current_account_pct_gdp,2.1897617916186
SWE,2016,current_account_pct_gdp,2.0109441785256
SWE,2015,current_account_pct_gdp,2.71694586220695
SWE,2014,current_account_pct_gdp,3.44736840993782
SWE,2013,current_account_pct_gdp,4.70549381033489
SWE,2012,current_account_pct_gdp,5.53304332576063
SWE,2011,current_account_pct_gdp,5.51028500175063
SWE,2010,current_account_pct_gdp,5.92506783771235
SWE,2009,current_account_pct_gdp,5.96764869542423
SWE,2008,current_account_pct_gdp,7.9288414126661
SWE,2007,current_account_pct_gdp,8.14767813080377
SWE,2006,current_account_pct_gdp,8.15775334805556
SWE,2005,current_account_pct_gdp,6.02094308319674
SWE,2004,current_account_pct_gdp,5.9556796683309
SWE,2003,current_account_pct_gdp,5.85859579947662
SWE,2002,current_account_pct_gdp,4.65738421384446
SWE,2001,current_account_pct_gdp,6.17157591368191
SWE,2000,current_account_pct_gdp,4.44605675274445
SWE,1999,current_account_pct_gdp,3.92895025312135
SWE,1998,current_account_pct_gdp,3.52452706086273
SWE,1997,current_account_pct_gdp,2.76074697809112
SWE,1996,current_account_pct_gdp,2.01824534931767
SWE,1995,current_account_pct_gdp,1.84997529476704
SWE,1994,current_account_pct_gdp,0.324716704352822
SWE,1993,current_account_pct_gdp,-1.95597245054897
SWE,1992,current_account_pct_gdp,-3.10926994292047
SWE,1991,current_account_pct_gdp,-1.69925055089858
SWE,1990,current_account_pct_gdp,-2.42434625577459
THA,2025,current_account_pct_gdp,2.76290010089629
THA,2024,current_account_pct_gdp,2.19482817825998
THA,2023,current_account_pct_gdp,1.64003832144024
THA,2022,current_account_pct_gdp,-3.42866250197224
THA,2021,current_account_pct_gdp,-2.14183455857728
THA,2020,current_account_pct_gdp,4.1441730948501
THA,2019,current_account_pct_gdp,7.04854832033554
THA,2018,current_account_pct_gdp,5.61986314598972
THA,2017,current_account_pct_gdp,9.63103019182141
THA,2016,current_account_pct_gdp,10.5083543932086
THA,2015,current_account_pct_gdp,6.91581517168623
THA,2014,current_account_pct_gdp,2.85828409870041
THA,2013,current_account_pct_gdp,-2.10153458942232
THA,2012,current_account_pct_gdp,-1.23233637957653
THA,2011,current_account_pct_gdp,2.54217096328341
THA,2010,current_account_pct_gdp,3.36732467219252
THA,2009,current_account_pct_gdp,7.87655950254759
THA,2008,current_account_pct_gdp,0.319466151466348
THA,2007,current_account_pct_gdp,5.92665423116421
THA,2006,current_account_pct_gdp,1.04380762367254
THA,2005,current_account_pct_gdp,-4.036464315232
THA,2004,current_account_pct_gdp,1.59597338993786
THA,2003,current_account_pct_gdp,3.13356400154558
THA,2002,current_account_pct_gdp,3.46550516817669
THA,2001,current_account_pct_gdp,4.24027233043999
THA,2000,current_account_pct_gdp,7.36845240260665
THA,1999,current_account_pct_gdp,9.81128061226545
THA,1998,current_account_pct_gdp,12.5290469721114
THA,1997,current_account_pct_gdp,-2.01164910932919
THA,1996,current_account_pct_gdp,-8.02658256605427
THA,1995,current_account_pct_gdp,-8.0232936998296
THA,1994,current_account_pct_gdp,-5.49408768770675
THA,1993,current_account_pct_gdp,-4.93050710851374
THA,1992,current_account_pct_gdp,-5.65567692212437
THA,1991,current_account_pct_gdp,-7.70751149059111
THA,1990,current_account_pct_gdp,-8.53154931493565
TUR,2024,current_account_pct_gdp,-0.766008235540632
TUR,2023,current_account_pct_gdp,-3.63367003503212
TUR,2022,current_account_pct_gdp,-4.99763806227356
TUR,2021,current_account_pct_gdp,-0.74064931592423
TUR,2020,current_account_pct_gdp,-4.22284721473811
TUR,2019,current_account_pct_gdp,1.9351600379275
TUR,2018,current_account_pct_gdp,-1.85233343060557
TUR,2017,current_account_pct_gdp,-4.06783613710293
TUR,2016,current_account_pct_gdp,-2.54530792537505
TUR,2015,current_account_pct_gdp,-2.46735825450658
TUR,2014,current_account_pct_gdp,-3.40746259930754
TUR,2013,current_account_pct_gdp,-5.12686124176872
TUR,2012,current_account_pct_gdp,-4.72096418758118
TUR,2011,current_account_pct_gdp,-8.81351105932507
TUR,2010,current_account_pct_gdp,-5.70254261669491
TUR,2009,current_account_pct_gdp,-1.73697758122388
TUR,2008,current_account_pct_gdp,-5.0844969449165
TUR,2007,current_account_pct_gdp,-5.39177822047968
TUR,2006,current_account_pct_gdp,-5.5679426761279
TUR,2005,current_account_pct_gdp,-4.12736838327371
TUR,2004,current_account_pct_gdp,-3.46160310805252
TUR,2003,current_account_pct_gdp,-2.39510781690365
TUR,2002,current_account_pct_gdp,-0.259990521546323
TUR,2001,current_account_pct_gdp,1.85959025093731
TUR,2000,current_account_pct_gdp,-3.61057524589502
TUR,1999,current_account_pct_gdp,-0.360379399136068
TUR,1998,current_account_pct_gdp,0.724544822196581
TUR,1997,current_account_pct_gdp,-0.999933462545818
TUR,1996,current_account_pct_gdp,-0.973371226633304
TUR,1995,current_account_pct_gdp,-0.99616690058046
TUR,1994,current_account_pct_gdp,2.01377036999334
TUR,1993,current_account_pct_gdp,-3.56565306523328
TUR,1992,current_account_pct_gdp,-0.612175223712419
TUR,1991,current_account_pct_gdp,0.165524841501632
TUR,1990,current_account_pct_gdp,-1.74238577195045
USA,2025,current_account_pct_gdp,-3.62698693844919
USA,2024,current_account_pct_gdp,-4.04564637199117
USA,2023,current_account_pct_gdp,-3.33680827263036
USA,2022,current_account_pct_gdp,-3.81177015326345
USA,2021,current_account_pct_gdp,-3.61901225446136
USA,2020,current_account_pct_gdp,-2.77659039897534
USA,2019,current_account_pct_gdp,-2.05182158462342
USA,2018,current_account_pct_gdp,-2.12518413076048
USA,2017,current_account_pct_gdp,-1.87442427129943
USA,2016,current_account_pct_gdp,-2.10699725119707
USA,2015,current_account_pct_gdp,-2.2325584903738
USA,2014,current_account_pct_gdp,-2.10117617206317
USA,2013,current_account_pct_gdp,-2.01090797096302
USA,2012,current_account_pct_gdp,-2.57236847367136
USA,2011,current_account_pct_gdp,-2.91862065322661
USA,2010,current_account_pct_gdp,-2.87064145448882
USA,2009,current_account_pct_gdp,-2.62283632200348
USA,2008,current_account_pct_gdp,-4.71585990444596
USA,2007,current_account_pct_gdp,-5.08872735734161
USA,2006,current_account_pct_gdp,-5.91102091022869
USA,2005,current_account_pct_gdp,-5.74598267055862
USA,2004,current_account_pct_gdp,-5.20485224269137
USA,2003,current_account_pct_gdp,-4.55897769378821
USA,2002,current_account_pct_gdp,-4.17334150234402
USA,2001,current_account_pct_gdp,-3.72407526075822
USA,2000,current_account_pct_gdp,-3.92088461637514
USA,1999,current_account_pct_gdp,-2.97598256993022
USA,1998,current_account_pct_gdp,-2.37273907218914
USA,1997,current_account_pct_gdp,-1.64061377884972
USA,1996,current_account_pct_gdp,-1.54496736206885
USA,1995,current_account_pct_gdp,-1.48644935848023
USA,1994,current_account_pct_gdp,-1.66925292387951
USA,1993,current_account_pct_gdp,-1.23616054042839
USA,1992,current_account_pct_gdp,-0.791448803104507
USA,1991,current_account_pct_gdp,0.0462965293516911
USA,1990,current_account_pct_gdp,-1.32399955459737
ZAF,2025,current_account_pct_gdp,-0.422766754018983
ZAF,2024,current_account_pct_gdp,-0.64279979707505
ZAF,2023,current_account_pct_gdp,-1.10356312207881
ZAF,2022,current_account_pct_gdp,-0.296182598127432
ZAF,2021,current_account_pct_gdp,3.7724136934501
ZAF,2020,current_account_pct_gdp,2.00352275153333
ZAF,2019,current_account_pct_gdp,-2.6199906748304
ZAF,2018,current_account_pct_gdp,-3.00051939426576
ZAF,2017,current_account_pct_gdp,-2.37436753188649
ZAF,2016,current_account_pct_gdp,-2.63361451678797
ZAF,2015,current_account_pct_gdp,-4.31028688643789
ZAF,2014,current_account_pct_gdp,-4.81243259488482
ZAF,2013,current_account_pct_gdp,-5.33837274756911
ZAF,2012,current_account_pct_gdp,-4.68373643403848
ZAF,2011,current_account_pct_gdp,-2.01967628513274
ZAF,2010,current_account_pct_gdp,-1.29901805615596
ZAF,2009,current_account_pct_gdp,-2.38458187361532
ZAF,2008,current_account_pct_gdp,-5.1861810846768
ZAF,2007,current_account_pct_gdp,-4.86189160706926
ZAF,2006,current_account_pct_gdp,-4.00012427594728
ZAF,2005,current_account_pct_gdp,-2.7747758989594
ZAF,2004,current_account_pct_gdp,-2.50726120703613
ZAF,2003,current_account_pct_gdp,-0.782449992267883
ZAF,2002,current_account_pct_gdp,0.781937464700479
ZAF,2001,current_account_pct_gdp,0.253001084795547
ZAF,2000,current_account_pct_gdp,-0.125570459653347
ZAF,1999,current_account_pct_gdp,-0.445657419944882
ZAF,1998,current_account_pct_gdp,-1.4374968242162
ZAF,1997,current_account_pct_gdp,-1.31813387872595
ZAF,1996,current_account_pct_gdp,-1.0280828308777
ZAF,1995,current_account_pct_gdp,-1.45179160612888
ZAF,1994,current_account_pct_gdp,0.0192951572527621
ZAF,1993,current_account_pct_gdp,1.90438081566821
ZAF,1992,current_account_pct_gdp,1.34745427194466
ZAF,1991,current_account_pct_gdp,1.03482370495217
ZAF,1990,current_account_pct_gdp,1.23093530701267
AUS,2025,net_exports_pct_gdp,0.587427313786729
AUS,2024,net_exports_pct_gdp,2.09766699937501
AUS,2023,net_exports_pct_gdp,4.35779718612207
AUS,2022,net_exports_pct_gdp,5.22841779415654
AUS,2021,net_exports_pct_gdp,3.80139290672556
AUS,2020,net_exports_pct_gdp,3.37651067920358
AUS,2019,net_exports_pct_gdp,2.1232773369272
AUS,2018,net_exports_pct_gdp,0.0519219504913385
AUS,2017,net_exports_pct_gdp,0.308268917029761
AUS,2016,net_exports_pct_gdp,-2.40711446065075
AUS,2015,net_exports_pct_gdp,-1.52545979333904
AUS,2014,net_exports_pct_gdp,-0.307473555966848
AUS,2013,net_exports_pct_gdp,-1.31422967148145
AUS,2012,net_exports_pct_gdp,-0.177383503666214
AUS,2011,net_exports_pct_gdp,1.0202045047261
AUS,2010,net_exports_pct_gdp,-0.926059661229371
AUS,2009,net_exports_pct_gdp,0.280202131148189
AUS,2008,net_exports_pct_gdp,-2.54339650730225
AUS,2007,net_exports_pct_gdp,-1.63795442213782
AUS,2006,net_exports_pct_gdp,-1.84917942413381
AUS,2005,net_exports_pct_gdp,-2.70764782669673
AUS,2004,net_exports_pct_gdp,-2.68039021527007
AUS,2003,net_exports_pct_gdp,-2.08367518435093
AUS,2002,net_exports_pct_gdp,0.00422339098701967
AUS,2001,net_exports_pct_gdp,0.0857831379697614
AUS,2000,net_exports_pct_gdp,-2.15096039274346
AUS,1999,net_exports_pct_gdp,-2.43595856269776
AUS,1998,net_exports_pct_gdp,-0.876065009411219
AUS,1997,net_exports_pct_gdp,0.273705771676295
AUS,1996,net_exports_pct_gdp,-0.452068472801333
AUS,1995,net_exports_pct_gdp,-1.95973008403158
AUS,1994,net_exports_pct_gdp,-0.513818089991996
AUS,1993,net_exports_pct_gdp,-0.319884544833291
AUS,1992,net_exports_pct_gdp,0.271542317900324
AUS,1991,net_exports_pct_gdp,-0.132245235564831
AUS,1990,net_exports_pct_gdp,-1.92058552811784
BRA,2025,net_exports_pct_gdp,0.34996353083392
BRA,2024,net_exports_pct_gdp,0.292634941087382
BRA,2023,net_exports_pct_gdp,2.27241877640431
BRA,2022,net_exports_pct_gdp,0.445464030534397
BRA,2021,net_exports_pct_gdp,0.562529977933522
BRA,2020,net_exports_pct_gdp,0.60502547502016
BRA,2019,net_exports_pct_gdp,-0.644419487260711
BRA,2018,net_exports_pct_gdp,0.393795614628458
BRA,2017,net_exports_pct_gdp,0.718201365447856
BRA,2016,net_exports_pct_gdp,0.39967600829311
BRA,2015,net_exports_pct_gdp,-1.15324310058813
BRA,2014,net_exports_pct_gdp,-2.66152017502132
BRA,2013,net_exports_pct_gdp,-2.3014960354295
BRA,2012,net_exports_pct_gdp,-1.35919546987673
BRA,2011,net_exports_pct_gdp,-0.769379818781117
BRA,2010,net_exports_pct_gdp,-1.04100856266554
BRA,2009,net_exports_pct_gdp,-0.403233336535072
BRA,2008,net_exports_pct_gdp,-0.189568391678627
BRA,2007,net_exports_pct_gdp,1.36273883261835
BRA,2006,net_exports_pct_gdp,2.70693271597013
BRA,2005,net_exports_pct_gdp,3.40086332879323
BRA,2004,net_exports_pct_gdp,3.41327054511701
BRA,2003,net_exports_pct_gdp,2.22118269421297
BRA,2002,net_exports_pct_gdp,0.842823140524155
BRA,2001,net_exports_pct_gdp,-2.19286368220403
BRA,2000,net_exports_pct_gdp,-2.26366534803512
BRA,1999,net_exports_pct_gdp,-1.85236995626965
BRA,1998,net_exports_pct_gdp,-2.37758425376977
BRA,1997,net_exports_pct_gdp,-2.6089101107068
BRA,1996,net_exports_pct_gdp,-2.17517210961447
BRA,1995,net_exports_pct_gdp,-1.92670992225409
BRA,1994,net_exports_pct_gdp,0.351393057937806
BRA,1993,net_exports_pct_gdp,1.40722276336528
BRA,1992,net_exports_pct_gdp,2.48324853329106
BRA,1991,net_exports_pct_gdp,0.763195435092725
BRA,1990,net_exports_pct_gdp,1.23887388797918
CAN,2025,net_exports_pct_gdp,-0.845731339786309
CAN,2024,net_exports_pct_gdp,-0.18326866762038
CAN,2023,net_exports_pct_gdp,0.108761598286254
CAN,2022,net_exports_pct_gdp,0.489254589402172
CAN,2021,net_exports_pct_gdp,0.103319921461086
CAN,2020,net_exports_pct_gdp,-2.20947350833968
CAN,2019,net_exports_pct_gdp,-1.46609047151413
CAN,2018,net_exports_pct_gdp,-1.94907665428859
CAN,2017,net_exports_pct_gdp,-2.19223542799697
CAN,2016,net_exports_pct_gdp,-2.35853737407648
CAN,2015,net_exports_pct_gdp,-2.46497766327513
CAN,2014,net_exports_pct_gdp,-0.905509501984812
CAN,2013,net_exports_pct_gdp,-1.56720909877066
CAN,2012,net_exports_pct_gdp,-1.88950513299599
CAN,2011,net_exports_pct_gdp,-1.14194914298856
CAN,2010,net_exports_pct_gdp,-1.8733508918089
CAN,2009,net_exports_pct_gdp,-1.4427204348908
CAN,2008,net_exports_pct_gdp,1.76639847825405
CAN,2007,net_exports_pct_gdp,2.17569057971933
CAN,2006,net_exports_pct_gdp,2.75269877669711
CAN,2005,net_exports_pct_gdp,3.95424825107187
CAN,2004,net_exports_pct_gdp,4.46311927979187
CAN,2003,net_exports_pct_gdp,3.89186957658295
CAN,2002,net_exports_pct_gdp,4.41027771890333
CAN,2001,net_exports_pct_gdp,5.73569178749448
CAN,2000,net_exports_pct_gdp,5.6531137918907
CAN,1999,net_exports_pct_gdp,3.60732994682118
CAN,1998,net_exports_pct_gdp,1.97716626016174
CAN,1997,net_exports_pct_gdp,1.92932816993349
CAN,1996,net_exports_pct_gdp,3.93680640681806
CAN,1995,net_exports_pct_gdp,3.13436048392236
CAN,1994,net_exports_pct_gdp,1.17163233043592
CAN,1993,net_exports_pct_gdp,0.0344025797918979
CAN,1992,net_exports_pct_gdp,-0.339765824652439
CAN,1991,net_exports_pct_gdp,-0.516833790983694
CAN,1990,net_exports_pct_gdp,0.154133495135162
CHE,2025,net_exports_pct_gdp,8.94343562613719
CHE,2024,net_exports_pct_gdp,12.0500630368402
CHE,2023,net_exports_pct_gdp,10.9002817825115
CHE,2022,net_exports_pct_gdp,13.6939179096312
CHE,2021,net_exports_pct_gdp,11.8801460383384
CHE,2020,net_exports_pct_gdp,5.68535276290483
CHE,2019,net_exports_pct_gdp,9.27439132002333
CHE,2018,net_exports_pct_gdp,9.98899581118832
CHE,2017,net_exports_pct_gdp,8.33632201188013
CHE,2016,net_exports_pct_gdp,9.53284684326638
CHE,2015,net_exports_pct_gdp,10.1391561860307
CHE,2014,net_exports_pct_gdp,10.2328815883388
CHE,2013,net_exports_pct_gdp,10.2770586406478
CHE,2012,net_exports_pct_gdp,8.99220008292746
CHE,2011,net_exports_pct_gdp,7.35629641765022
CHE,2010,net_exports_pct_gdp,9.53013604716536
CHE,2009,net_exports_pct_gdp,6.15722547765253
CHE,2008,net_exports_pct_gdp,9.20840347799439
CHE,2007,net_exports_pct_gdp,9.45924235155164
CHE,2006,net_exports_pct_gdp,6.60126421242644
CHE,2005,net_exports_pct_gdp,5.0731440226492
CHE,2004,net_exports_pct_gdp,6.66047324704201
CHE,2003,net_exports_pct_gdp,4.57873681883081
CHE,2002,net_exports_pct_gdp,4.70214075111349
CHE,2001,net_exports_pct_gdp,3.65445534061321
CHE,2000,net_exports_pct_gdp,4.35396338688787
CHE,1999,net_exports_pct_gdp,3.24219613011021
CHE,1998,net_exports_pct_gdp,3.1757472072284
CHE,1997,net_exports_pct_gdp,3.99546425504173
CHE,1996,net_exports_pct_gdp,2.81643213915398
CHE,1995,net_exports_pct_gdp,3.26072309704096
CHE,1994,net_exports_pct_gdp,3.44524142509178
CHE,1993,net_exports_pct_gdp,3.41936066621303
CHE,1992,net_exports_pct_gdp,2.05622722076425
CHE,1991,net_exports_pct_gdp,0.904646021095004
CHE,1990,net_exports_pct_gdp,-0.306480349288954
CHN,2025,net_exports_pct_gdp,4.18600884812329
CHN,2024,net_exports_pct_gdp,2.92959659592385
CHN,2023,net_exports_pct_gdp,2.06546863583589
CHN,2022,net_exports_pct_gdp,2.94295638791102
CHN,2021,net_exports_pct_gdp,2.22723233860642
CHN,2020,net_exports_pct_gdp,2.2014242871262
CHN,2019,net_exports_pct_gdp,0.825209544669879
CHN,2018,net_exports_pct_gdp,0.646655214404206
CHN,2017,net_exports_pct_gdp,1.72040771568555
CHN,2016,net_exports_pct_gdp,2.23013078010439
CHN,2015,net_exports_pct_gdp,3.18094361060282
CHN,2014,net_exports_pct_gdp,2.07549690819934
CHN,2013,net_exports_pct_gdp,2.41064480161362
CHN,2012,net_exports_pct_gdp,2.6731955806883
CHN,2011,net_exports_pct_gdp,2.35793856438755
CHN,2010,net_exports_pct_gdp,3.59141806659602
CHN,2009,net_exports_pct_gdp,4.24177919196867
CHN,2008,net_exports_pct_gdp,7.47389420396512
CHN,2007,net_exports_pct_gdp,8.54692723831214
CHN,2006,net_exports_pct_gdp,7.48411387417746
CHN,2005,net_exports_pct_gdp,5.3775205589607
CHN,2004,net_exports_pct_gdp,2.57909845203698
CHN,2003,net_exports_pct_gdp,2.12726757272195
CHN,2002,net_exports_pct_gdp,2.50920440442025
CHN,2001,net_exports_pct_gdp,2.07272781415574
CHN,2000,net_exports_pct_gdp,2.35225624908626
CHN,1999,net_exports_pct_gdp,2.77584309685704
CHN,1998,net_exports_pct_gdp,4.22671356721463
CHN,1997,net_exports_pct_gdp,4.42501286569947
CHN,1996,net_exports_pct_gdp,2.02066969738529
CHN,1995,net_exports_pct_gdp,1.61990618701885
CHN,1994,net_exports_pct_gdp,1.29769212706346
CHN,1993,net_exports_pct_gdp,-2.64064661624748
CHN,1992,net_exports_pct_gdp,1.16638798927299
CHN,1991,net_exports_pct_gdp,3.0170831275571
CHN,1990,net_exports_pct_gdp,2.95054575453738
DNK,2025,net_exports_pct_gdp,11.0118407619241
DNK,2024,net_exports_pct_gdp,10.2389954334025
DNK,2023,net_exports_pct_gdp,9.00338668701092
DNK,2022,net_exports_pct_gdp,9.5146048462102
DNK,2021,net_exports_pct_gdp,6.09322304590076
DNK,2020,net_exports_pct_gdp,5.6403619777515
DNK,2019,net_exports_pct_gdp,6.00974076778084
DNK,2018,net_exports_pct_gdp,5.15275125956845
DNK,2017,net_exports_pct_gdp,6.47622620230559
DNK,2016,net_exports_pct_gdp,6.03512198839121
DNK,2015,net_exports_pct_gdp,6.49828069287248
DNK,2014,net_exports_pct_gdp,6.45594827782968
DNK,2013,net_exports_pct_gdp,6.22900522298097
DNK,2012,net_exports_pct_gdp,5.7994047065436
DNK,2011,net_exports_pct_gdp,6.15432402017224
DNK,2010,net_exports_pct_gdp,6.79383283936203
DNK,2009,net_exports_pct_gdp,4.60296285298569
DNK,2008,net_exports_pct_gdp,3.47152728769529
DNK,2007,net_exports_pct_gdp,2.74729987567765
DNK,2006,net_exports_pct_gdp,3.93887148585628
DNK,2005,net_exports_pct_gdp,5.35144722324195
DNK,2004,net_exports_pct_gdp,5.63535879382754
DNK,2003,net_exports_pct_gdp,6.78499415289513
DNK,2002,net_exports_pct_gdp,6.84611814754535
DNK,2001,net_exports_pct_gdp,7.13650788114402
DNK,2000,net_exports_pct_gdp,6.71528121185067
DNK,1999,net_exports_pct_gdp,6.00228819423112
DNK,1998,net_exports_pct_gdp,3.0759988820655
DNK,1997,net_exports_pct_gdp,4.36471210724676
DNK,1996,net_exports_pct_gdp,5.6680685838076
DNK,1995,net_exports_pct_gdp,4.71334651795823
DNK,1994,net_exports_pct_gdp,5.92875073345932
DNK,1993,net_exports_pct_gdp,7.53193253917937
DNK,1992,net_exports_pct_gdp,6.90450159083126
DNK,1991,net_exports_pct_gdp,6.22040112190112
DNK,1990,net_exports_pct_gdp,5.55730297768705
EMU,2025,net_exports_pct_gdp,3.88161341515127
EMU,2024,net_exports_pct_gdp,4.35626009803254
EMU,2023,net_exports_pct_gdp,3.59001957539098
EMU,2022,net_exports_pct_gdp,1.96689077353933
EMU,2021,net_exports_pct_gdp,4.00262690931596
EMU,2020,net_exports_pct_gdp,3.57478066792367
EMU,2019,net_exports_pct_gdp,3.48777416361967
EMU,2018,net_exports_pct_gdp,3.95452843735028
EMU,2017,net_exports_pct_gdp,4.37131794905747
EMU,2016,net_exports_pct_gdp,4.49117828151299
EMU,2015,net_exports_pct_gdp,4.47912464566312
EMU,2014,net_exports_pct_gdp,3.87728100779384
EMU,2013,net_exports_pct_gdp,3.55474999191048
EMU,2012,net_exports_pct_gdp,2.94811622627554
EMU,2011,net_exports_pct_gdp,1.70433600544284
EMU,2010,net_exports_pct_gdp,1.59220916216142
EMU,2009,net_exports_pct_gdp,1.69208525168069
EMU,2008,net_exports_pct_gdp,1.13311194337304
EMU,2007,net_exports_pct_gdp,1.45489353553147
EMU,2006,net_exports_pct_gdp,1.25370581479852
EMU,2005,net_exports_pct_gdp,1.60436352366669
EMU,2004,net_exports_pct_gdp,2.16922035100342
EMU,2003,net_exports_pct_gdp,1.99513545664103
EMU,2002,net_exports_pct_gdp,2.49773890279632
EMU,2001,net_exports_pct_gdp,1.55506543754505
EMU,2000,net_exports_pct_gdp,0.874864959402338
EMU,1999,net_exports_pct_gdp,1.39140495678201
EMU,1998,net_exports_pct_gdp,1.96121371061136
EMU,1997,net_exports_pct_gdp,2.23818079372803
EMU,1996,net_exports_pct_gdp,1.85042227037667
EMU,1995,net_exports_pct_gdp,1.59255746169653
EMU,1994,net_exports_pct_gdp,1.35201601810627
EMU,1993,net_exports_pct_gdp,1.18695982425958
EMU,1992,net_exports_pct_gdp,-0.169360519397998
EMU,1991,net_exports_pct_gdp,-0.430542571959954
EMU,1990,net_exports_pct_gdp,-0.462980692980846
GBR,2025,net_exports_pct_gdp,-1.26341303105635
GBR,2024,net_exports_pct_gdp,-0.726764896709049
GBR,2023,net_exports_pct_gdp,-1.16784464879273
GBR,2022,net_exports_pct_gdp,-1.07506967398426
GBR,2021,net_exports_pct_gdp,0.0404279246309822
GBR,2020,net_exports_pct_gdp,0.73741481230468
GBR,2019,net_exports_pct_gdp,-1.19784585707431
GBR,2018,net_exports_pct_gdp,-1.2007041945441
GBR,2017,net_exports_pct_gdp,-1.24226238328608
GBR,2016,net_exports_pct_gdp,-1.71641921332033
GBR,2015,net_exports_pct_gdp,-1.36689737014631
GBR,2014,net_exports_pct_gdp,-1.757004820097
GBR,2013,net_exports_pct_gdp,-1.30430748455065
GBR,2012,net_exports_pct_gdp,-0.969792787162515
GBR,2011,net_exports_pct_gdp,-0.794217773639252
GBR,2010,net_exports_pct_gdp,-1.55844734531101
GBR,2009,net_exports_pct_gdp,-1.23899820764971
GBR,2008,net_exports_pct_gdp,-1.67767537106397
GBR,2007,net_exports_pct_gdp,-1.93339171981706
GBR,2006,net_exports_pct_gdp,-1.87905932019918
GBR,2005,net_exports_pct_gdp,-2.13027053644791
GBR,2004,net_exports_pct_gdp,-2.31949382997914
GBR,2003,net_exports_pct_gdp,-2.13076890175223
GBR,2002,net_exports_pct_gdp,-2.37317163410751
GBR,2001,net_exports_pct_gdp,-1.73561677887465
GBR,2000,net_exports_pct_gdp,-1.22533511833803
GBR,1999,net_exports_pct_gdp,-1.04736000886573
GBR,1998,net_exports_pct_gdp,-0.498103318295499
GBR,1997,net_exports_pct_gdp,0.533415959079391
GBR,1996,net_exports_pct_gdp,0.476680943379498
GBR,1995,net_exports_pct_gdp,0.563443873761435
GBR,1994,net_exports_pct_gdp,0.269639396883504
GBR,1993,net_exports_pct_gdp,-0.0843340859701526
GBR,1992,net_exports_pct_gdp,-0.458891946977699
GBR,1991,net_exports_pct_gdp,-0.124552522817555
GBR,1990,net_exports_pct_gdp,-1.59055505113916
IDN,2025,net_exports_pct_gdp,2.30188954645116
IDN,2024,net_exports_pct_gdp,1.80935966969913
IDN,2023,net_exports_pct_gdp,2.1566498947891
IDN,2022,net_exports_pct_gdp,3.5411531766211
IDN,2021,net_exports_pct_gdp,2.62835300316349
IDN,2020,net_exports_pct_gdp,1.69016116954186
IDN,2019,net_exports_pct_gdp,-0.444721941534236
IDN,2018,net_exports_pct_gdp,-1.06881596070924
IDN,2017,net_exports_pct_gdp,0.999111799760611
IDN,2016,net_exports_pct_gdp,0.756645905001065
IDN,2015,net_exports_pct_gdp,0.38271827808234
IDN,2014,net_exports_pct_gdp,-0.748206391649349
IDN,2013,net_exports_pct_gdp,-0.79021991656832
IDN,2012,net_exports_pct_gdp,-0.394140722908962
IDN,2011,net_exports_pct_gdp,2.47469299365683
IDN,2010,net_exports_pct_gdp,1.89678799740786
IDN,2009,net_exports_pct_gdp,2.80611796855043
IDN,2008,net_exports_pct_gdp,1.05516870345029
IDN,2007,net_exports_pct_gdp,4.04218699204524
IDN,2006,net_exports_pct_gdp,5.4123058137465
IDN,2005,net_exports_pct_gdp,4.14659938713492
IDN,2004,net_exports_pct_gdp,4.6720943998287
IDN,2003,net_exports_pct_gdp,7.33881581463063
IDN,2002,net_exports_pct_gdp,6.29578000930272
IDN,2001,net_exports_pct_gdp,8.27107066539839
IDN,2000,net_exports_pct_gdp,10.5177410303677
IDN,1999,net_exports_pct_gdp,8.08434530752776
IDN,1998,net_exports_pct_gdp,9.75007677188731
IDN,1997,net_exports_pct_gdp,-0.27537224241424
IDN,1996,net_exports_pct_gdp,-0.615639692959397
IDN,1995,net_exports_pct_gdp,-1.33426003725737
IDN,1994,net_exports_pct_gdp,1.1457546536717
IDN,1993,net_exports_pct_gdp,2.98624095521867
IDN,1992,net_exports_pct_gdp,3.18749290550225
IDN,1991,net_exports_pct_gdp,1.86295725393954
IDN,1990,net_exports_pct_gdp,1.71965651860047
IND,2025,net_exports_pct_gdp,-1.74211855202993
IND,2024,net_exports_pct_gdp,-1.78872749699502
IND,2023,net_exports_pct_gdp,-1.6133481247678
IND,2022,net_exports_pct_gdp,-2.61759500261296
IND,2021,net_exports_pct_gdp,-2.62477212294165
IND,2020,net_exports_pct_gdp,-0.393151469925627
IND,2019,net_exports_pct_gdp,-2.57687373613013
IND,2018,net_exports_pct_gdp,-3.76131213467656
IND,2017,net_exports_pct_gdp,-3.15896727592607
IND,2016,net_exports_pct_gdp,-1.76601589208677
IND,2015,net_exports_pct_gdp,-2.29653555305562
IND,2014,net_exports_pct_gdp,-2.98625973083243
IND,2013,net_exports_pct_gdp,-2.98240934563964
IND,2012,net_exports_pct_gdp,-6.72486040591518
IND,2011,net_exports_pct_gdp,-6.54305737438719
IND,2010,net_exports_pct_gdp,-4.45333999982715
IND,2009,net_exports_pct_gdp,-5.471830894171
IND,2008,net_exports_pct_gdp,-5.17350591894442
IND,2007,net_exports_pct_gdp,-4.08686918154154
IND,2006,net_exports_pct_gdp,-3.18859765487213
IND,2005,net_exports_pct_gdp,-2.79117622520215
IND,2004,net_exports_pct_gdp,-1.78556413335122
IND,2003,net_exports_pct_gdp,-0.696608416561172
IND,2002,net_exports_pct_gdp,-0.979895086431919
IND,2001,net_exports_pct_gdp,-0.876495485614968
IND,2000,net_exports_pct_gdp,-0.906450287751646
IND,1999,net_exports_pct_gdp,-1.91146881869106
IND,1998,net_exports_pct_gdp,-1.66253172044436
IND,1997,net_exports_pct_gdp,-1.23795223028994
IND,1996,net_exports_pct_gdp,-1.15914932817409
IND,1995,net_exports_pct_gdp,-1.17951263612542
IND,1994,net_exports_pct_gdp,-0.301974544034664
IND,1993,net_exports_pct_gdp,0.016895123258149
IND,1992,net_exports_pct_gdp,-0.74724519178629
IND,1991,net_exports_pct_gdp,0.000754989935874379
IND,1990,net_exports_pct_gdp,-1.39956104190741
JPN,2024,net_exports_pct_gdp,-0.893120118065169
JPN,2023,net_exports_pct_gdp,-1.47646311155409
JPN,2022,net_exports_pct_gdp,-3.56489632597402
JPN,2021,net_exports_pct_gdp,-0.501421974138063
JPN,2020,net_exports_pct_gdp,-0.261842091964545
JPN,2019,net_exports_pct_gdp,-0.28270244369909
JPN,2018,net_exports_pct_gdp,0.0187119994869574
JPN,2017,net_exports_pct_gdp,0.742816999605393
JPN,2016,net_exports_pct_gdp,0.788512917769393
JPN,2015,net_exports_pct_gdp,-0.543410631397387
JPN,2014,net_exports_pct_gdp,-2.54859947339685
JPN,2013,net_exports_pct_gdp,-2.38395128356965
JPN,2012,net_exports_pct_gdp,-1.62646863104798
JPN,2011,net_exports_pct_gdp,-0.642332911629838
JPN,2010,net_exports_pct_gdp,1.32546071702726
JPN,2009,net_exports_pct_gdp,0.443906691282091
JPN,2008,net_exports_pct_gdp,0.336361083060188
JPN,2007,net_exports_pct_gdp,1.74245383201569
JPN,2006,net_exports_pct_gdp,1.28352504597033
JPN,2005,net_exports_pct_gdp,1.38779408141497
JPN,2004,net_exports_pct_gdp,1.88919861265864
JPN,2003,net_exports_pct_gdp,1.58657351647021
JPN,2002,net_exports_pct_gdp,1.24498770452081
JPN,2001,net_exports_pct_gdp,0.585420182648131
JPN,2000,net_exports_pct_gdp,1.34458408508878
JPN,1999,net_exports_pct_gdp,1.46865675442247
JPN,1998,net_exports_pct_gdp,1.72257152533388
JPN,1997,net_exports_pct_gdp,0.965112094707241
JPN,1996,net_exports_pct_gdp,0.370248388996607
JPN,1995,net_exports_pct_gdp,1.22210174051659
JPN,1994,net_exports_pct_gdp,1.83079468427763
JPN,1993,net_exports_pct_gdp,2.06108599174122
JPN,1992,net_exports_pct_gdp,1.97687176161598
JPN,1991,net_exports_pct_gdp,1.44252119807594
JPN,1990,net_exports_pct_gdp,0.748711540246735
KOR,2025,net_exports_pct_gdp,5.16447639894319
KOR,2024,net_exports_pct_gdp,4.07398159944313
KOR,2023,net_exports_pct_gdp,0.38495240187664
KOR,2022,net_exports_pct_gdp,0.00457444041102832
KOR,2021,net_exports_pct_gdp,3.37133377280451
KOR,2020,net_exports_pct_gdp,3.68544253695652
KOR,2019,net_exports_pct_gdp,2.63559003374654
KOR,2018,net_exports_pct_gdp,4.197183372285
KOR,2017,net_exports_pct_gdp,4.50563915770476
KOR,2016,net_exports_pct_gdp,6.32625298509034
KOR,2015,net_exports_pct_gdp,6.54808545154575
KOR,2014,net_exports_pct_gdp,4.64098293740656
KOR,2013,net_exports_pct_gdp,4.30019462255103
KOR,2012,net_exports_pct_gdp,2.52979033798748
KOR,2011,net_exports_pct_gdp,0.882025073458368
KOR,2010,net_exports_pct_gdp,2.51585366507856
KOR,2009,net_exports_pct_gdp,3.89662914724742
KOR,2008,net_exports_pct_gdp,-0.38905282072439
KOR,2007,net_exports_pct_gdp,0.75902040763082
KOR,2006,net_exports_pct_gdp,0.516485614105957
KOR,2005,net_exports_pct_gdp,2.08487849630543
KOR,2004,net_exports_pct_gdp,3.29279711964965
KOR,2003,net_exports_pct_gdp,1.4652050095921
KOR,2002,net_exports_pct_gdp,1.06928534204662
KOR,2001,net_exports_pct_gdp,1.29800739187832
KOR,2000,net_exports_pct_gdp,1.66978772372385
KOR,1999,net_exports_pct_gdp,5.12966478667257
KOR,1998,net_exports_pct_gdp,10.1447968693229
KOR,1997,net_exports_pct_gdp,-0.949166996727933
KOR,1996,net_exports_pct_gdp,-3.31150973554085
KOR,1995,net_exports_pct_gdp,-1.21502802711532
KOR,1994,net_exports_pct_gdp,-0.727850583615544
KOR,1993,net_exports_pct_gdp,0.295933213735821
KOR,1992,net_exports_pct_gdp,-0.684268185648941
KOR,1991,net_exports_pct_gdp,-2.31476499300502
KOR,1990,net_exports_pct_gdp,-0.853213592204829
MEX,2025,net_exports_pct_gdp,-0.633272996185723
MEX,2024,net_exports_pct_gdp,-0.858669079704223
MEX,2023,net_exports_pct_gdp,-1.4432070905527
MEX,2022,net_exports_pct_gdp,-2.93390516007755
MEX,2021,net_exports_pct_gdp,-1.93091123353361
MEX,2020,net_exports_pct_gdp,1.6161884754227
MEX,2019,net_exports_pct_gdp,-0.402670673078944
MEX,2018,net_exports_pct_gdp,-2.1248007728556
MEX,2017,net_exports_pct_gdp,-1.92394880103589
MEX,2016,net_exports_pct_gdp,-2.05894890589345
MEX,2015,net_exports_pct_gdp,-2.08742930172503
MEX,2014,net_exports_pct_gdp,-1.17242463508096
MEX,2013,net_exports_pct_gdp,-1.18007360474353
MEX,2012,net_exports_pct_gdp,-1.1790311072567
MEX,2011,net_exports_pct_gdp,-1.27645482147645
MEX,2010,net_exports_pct_gdp,-1.23846429847528
MEX,2009,net_exports_pct_gdp,-1.56520268489561
MEX,2008,net_exports_pct_gdp,-2.32515941667732
MEX,2007,net_exports_pct_gdp,-1.69640173873917
MEX,2006,net_exports_pct_gdp,-1.37261974746509
MEX,2005,net_exports_pct_gdp,-1.58849699492463
MEX,2004,net_exports_pct_gdp,-1.83390801755218
MEX,2003,net_exports_pct_gdp,-1.3892298623911
MEX,2002,net_exports_pct_gdp,-1.5063054123769
MEX,2001,net_exports_pct_gdp,-1.6576886022459
MEX,2000,net_exports_pct_gdp,-1.44806225098916
MEX,1999,net_exports_pct_gdp,-1.17853107803576
MEX,1998,net_exports_pct_gdp,-1.58838534968979
MEX,1997,net_exports_pct_gdp,0.0192687222807484
MEX,1996,net_exports_pct_gdp,1.6784403703765
MEX,1995,net_exports_pct_gdp,2.06602211605181
MEX,1994,net_exports_pct_gdp,-3.64928070910383
MEX,1993,net_exports_pct_gdp,-2.97115419431017
MEX,1992,net_exports_pct_gdp,-5.04000701816192
MEX,1991,net_exports_pct_gdp,-2.91975509021086
MEX,1990,net_exports_pct_gdp,-1.11075431498621
NOR,2025,net_exports_pct_gdp,11.693080094997
NOR,2024,net_exports_pct_gdp,13.1793548689154
NOR,2023,net_exports_pct_gdp,15.4087339565204
NOR,2022,net_exports_pct_gdp,27.237497335736
NOR,2021,net_exports_pct_gdp,14.4633037955557
NOR,2020,net_exports_pct_gdp,-0.674617264934183
NOR,2019,net_exports_pct_gdp,2.5098604338457
NOR,2018,net_exports_pct_gdp,6.42744385633107
NOR,2017,net_exports_pct_gdp,4.36426616564533
NOR,2016,net_exports_pct_gdp,2.82433828448751
NOR,2015,net_exports_pct_gdp,6.72397907437893
NOR,2014,net_exports_pct_gdp,10.2417840967752
NOR,2013,net_exports_pct_gdp,11.6474546659494
NOR,2012,net_exports_pct_gdp,13.9536840313356
NOR,2011,net_exports_pct_gdp,13.696155790354
NOR,2010,net_exports_pct_gdp,12.036243455458
NOR,2009,net_exports_pct_gdp,12.1111373252301
NOR,2008,net_exports_pct_gdp,17.4683934165158
NOR,2007,net_exports_pct_gdp,13.8201417120062
NOR,2006,net_exports_pct_gdp,17.1780415575778
NOR,2005,net_exports_pct_gdp,16.2357586529672
NOR,2004,net_exports_pct_gdp,13.3954403134722
NOR,2003,net_exports_pct_gdp,12.9028242529564
NOR,2002,net_exports_pct_gdp,13.3193564208846
NOR,2001,net_exports_pct_gdp,16.7526866289358
NOR,2000,net_exports_pct_gdp,16.8889827043627
NOR,1999,net_exports_pct_gdp,7.20513621510166
NOR,1998,net_exports_pct_gdp,1.78810953947254
NOR,1997,net_exports_pct_gdp,7.88998445009895
NOR,1996,net_exports_pct_gdp,8.55897864216681
NOR,1995,net_exports_pct_gdp,5.80371834988429
NOR,1994,net_exports_pct_gdp,5.7196087250588
NOR,1993,net_exports_pct_gdp,6.04656250698391
NOR,1992,net_exports_pct_gdp,6.36927852967899
NOR,1991,net_exports_pct_gdp,7.46079381308099
NOR,1990,net_exports_pct_gdp,5.90113243916151
NZL,2024,net_exports_pct_gdp,-1.25024879997408
NZL,2023,net_exports_pct_gdp,-2.60488400780866
NZL,2022,net_exports_pct_gdp,-5.11477457668861
NZL,2021,net_exports_pct_gdp,-3.76414376392075
NZL,2020,net_exports_pct_gdp,-0.490045569373976
NZL,2019,net_exports_pct_gdp,0.17932173101122
NZL,2018,net_exports_pct_gdp,-0.098366334530505
NZL,2017,net_exports_pct_gdp,0.906723721007027
NZL,2016,net_exports_pct_gdp,0.782760843539921
NZL,2015,net_exports_pct_gdp,1.01660148986726
NZL,2014,net_exports_pct_gdp,0.810486909895106
NZL,2013,net_exports_pct_gdp,1.60970288354994
NZL,2012,net_exports_pct_gdp,0.694479507575931
NZL,2011,net_exports_pct_gdp,1.54804278807149
NZL,2010,net_exports_pct_gdp,2.28985165999529
NZL,2009,net_exports_pct_gdp,2.31656663466327
NZL,2008,net_exports_pct_gdp,-0.250736142350704
NZL,2007,net_exports_pct_gdp,0.121067320930183
NZL,2006,net_exports_pct_gdp,-0.386037534010837
NZL,2005,net_exports_pct_gdp,-1.44841257664005
NZL,2004,net_exports_pct_gdp,0.287268939369432
NZL,2003,net_exports_pct_gdp,1.76468145769609
NZL,2002,net_exports_pct_gdp,3.03814885227954
NZL,2001,net_exports_pct_gdp,3.62825532972839
NZL,2000,net_exports_pct_gdp,2.97399010338871
NZL,1999,net_exports_pct_gdp,0.49987194093386
NZL,1998,net_exports_pct_gdp,1.33862542826653
NZL,1997,net_exports_pct_gdp,1.39388446310166
NZL,1996,net_exports_pct_gdp,1.58158673010158
NZL,1995,net_exports_pct_gdp,1.87248015295731
NZL,1994,net_exports_pct_gdp,2.74172185430464
NZL,1993,net_exports_pct_gdp,3.651197162282
NZL,1992,net_exports_pct_gdp,3.14929469585754
NZL,1991,net_exports_pct_gdp,3.68712730527729
NZL,1990,net_exports_pct_gdp,0.915575288662367
SGP,2025,net_exports_pct_gdp,35.3969428869762
SGP,2024,net_exports_pct_gdp,36.0123318495488
SGP,2023,net_exports_pct_gdp,37.1588058240263
SGP,2022,net_exports_pct_gdp,39.7743951547498
SGP,2021,net_exports_pct_gdp,35.7853448639528
SGP,2020,net_exports_pct_gdp,31.2794004151861
SGP,2019,net_exports_pct_gdp,29.3679959677239
SGP,2018,net_exports_pct_gdp,29.7002689521849
SGP,2017,net_exports_pct_gdp,26.5455976672221
SGP,2016,net_exports_pct_gdp,26.2537696584132
SGP,2015,net_exports_pct_gdp,27.2978180591015
SGP,2014,net_exports_pct_gdp,23.4397524087732
SGP,2013,net_exports_pct_gdp,23.1138126272669
SGP,2012,net_exports_pct_gdp,24.2262599638529
SGP,2011,net_exports_pct_gdp,27.5567859215369
SGP,2010,net_exports_pct_gdp,26.3123657984079
SGP,2009,net_exports_pct_gdp,23.4970581934138
SGP,2008,net_exports_pct_gdp,20.660826979181
SGP,2007,net_exports_pct_gdp,31.2703155436645
SGP,2006,net_exports_pct_gdp,30.7118345791052
SGP,2005,net_exports_pct_gdp,29.8888225532735
SGP,2004,net_exports_pct_gdp,26.3796783467827
SGP,2003,net_exports_pct_gdp,27.9538484780261
SGP,2002,net_exports_pct_gdp,18.4262221473873
SGP,2001,net_exports_pct_gdp,16.4962557245645
SGP,2000,net_exports_pct_gdp,12.3372601012845
SGP,1999,net_exports_pct_gdp,17.0051793986428
SGP,1998,net_exports_pct_gdp,21.4958853430112
SGP,1997,net_exports_pct_gdp,14.7293501335895
SGP,1996,net_exports_pct_gdp,16.3750614978067
SGP,1995,net_exports_pct_gdp,16.7826178479921
SGP,1994,net_exports_pct_gdp,16.1701704227429
SGP,1993,net_exports_pct_gdp,9.88489947724286
SGP,1992,net_exports_pct_gdp,12.1396322665279
SGP,1991,net_exports_pct_gdp,13.2043930188381
SGP,1990,net_exports_pct_gdp,10.0528710227926
SWE,2025,net_exports_pct_gdp,2.12199653609362
SWE,2024,net_exports_pct_gdp,3.0267870497447
SWE,2023,net_exports_pct_gdp,2.77204649638697
SWE,2022,net_exports_pct_gdp,1.51237489071877
SWE,2021,net_exports_pct_gdp,3.85823661439414
SWE,2020,net_exports_pct_gdp,4.10015849251574
SWE,2019,net_exports_pct_gdp,3.82617773354029
SWE,2018,net_exports_pct_gdp,1.47298871853519
SWE,2017,net_exports_pct_gdp,1.76618549832857
SWE,2016,net_exports_pct_gdp,2.42314641614769
SWE,2015,net_exports_pct_gdp,3.24984826052675
SWE,2014,net_exports_pct_gdp,3.09448374308027
SWE,2013,net_exports_pct_gdp,3.83229749675162
SWE,2012,net_exports_pct_gdp,4.36907553909993
SWE,2011,net_exports_pct_gdp,4.43749313393887
SWE,2010,net_exports_pct_gdp,4.66257489059595
SWE,2009,net_exports_pct_gdp,4.95993694600249
SWE,2008,net_exports_pct_gdp,5.21982986980939
SWE,2007,net_exports_pct_gdp,5.90111816094453
SWE,2006,net_exports_pct_gdp,6.86643363798994
SWE,2005,net_exports_pct_gdp,6.49531093116219
SWE,2004,net_exports_pct_gdp,6.70197941532619
SWE,2003,net_exports_pct_gdp,5.3439500112904
SWE,2002,net_exports_pct_gdp,5.23801896500267
SWE,2001,net_exports_pct_gdp,5.22983219311525
SWE,2000,net_exports_pct_gdp,5.01869207377194
SWE,1999,net_exports_pct_gdp,5.50573388019032
SWE,1998,net_exports_pct_gdp,5.92576735745593
SWE,1997,net_exports_pct_gdp,6.46836834290418
SWE,1996,net_exports_pct_gdp,5.74661331464582
SWE,1995,net_exports_pct_gdp,5.99863198580961
SWE,1994,net_exports_pct_gdp,3.67439967993508
SWE,1993,net_exports_pct_gdp,2.97233154773917
SWE,1992,net_exports_pct_gdp,1.39179255198332
SWE,1991,net_exports_pct_gdp,1.34996473076765
SWE,1990,net_exports_pct_gdp,0.292747323495321
THA,2025,net_exports_pct_gdp,3.8825092131433
THA,2024,net_exports_pct_gdp,3.62032249390491
THA,2023,net_exports_pct_gdp,2.23481685883837
THA,2022,net_exports_pct_gdp,-2.1457942849745
THA,2021,net_exports_pct_gdp,-0.289247293953325
THA,2020,net_exports_pct_gdp,5.01519599576888
THA,2019,net_exports_pct_gdp,9.34826652860584
THA,2018,net_exports_pct_gdp,8.83432906768032
THA,2017,net_exports_pct_gdp,12.4542374991155
THA,2016,net_exports_pct_gdp,13.5665406494723
THA,2015,net_exports_pct_gdp,10.4337183886468
THA,2014,net_exports_pct_gdp,5.88277487803757
THA,2013,net_exports_pct_gdp,1.88000797202791
THA,2012,net_exports_pct_gdp,0.227532749356617
THA,2011,net_exports_pct_gdp,2.03441153574638
THA,2010,net_exports_pct_gdp,5.72182368019674
THA,2009,net_exports_pct_gdp,9.60780612894098
THA,2008,net_exports_pct_gdp,2.39582467328235
THA,2007,net_exports_pct_gdp,7.87132335077913
THA,2006,net_exports_pct_gdp,3.26373787533432
THA,2005,net_exports_pct_gdp,-1.0484330304734
THA,2004,net_exports_pct_gdp,4.53184095784439
THA,2003,net_exports_pct_gdp,6.35228356151351
THA,2002,net_exports_pct_gdp,6.32176218087354
THA,2001,net_exports_pct_gdp,6.23341323977301
THA,2000,net_exports_pct_gdp,8.38254612589796
THA,1999,net_exports_pct_gdp,12.1707970185138
THA,1998,net_exports_pct_gdp,15.6341319559728
THA,1997,net_exports_pct_gdp,1.42232676830187
THA,1996,net_exports_pct_gdp,-6.2373076037532
THA,1995,net_exports_pct_gdp,-6.69148480633837
THA,1994,net_exports_pct_gdp,-4.76472517612745
THA,1993,net_exports_pct_gdp,-4.11153799718455
THA,1992,net_exports_pct_gdp,-4.00969435656943
THA,1991,net_exports_pct_gdp,-6.54251594338113
THA,1990,net_exports_pct_gdp,-7.51850787477837
TUR,2025,net_exports_pct_gdp,-0.235134381841593
TUR,2024,net_exports_pct_gdp,0.537640299510246
TUR,2023,net_exports_pct_gdp,-1.85602311192189
TUR,2022,net_exports_pct_gdp,-3.61585073655095
TUR,2021,net_exports_pct_gdp,0.498368961459877
TUR,2020,net_exports_pct_gdp,-2.90984442364009
TUR,2019,net_exports_pct_gdp,3.48130339674987
TUR,2018,net_exports_pct_gdp,0.630574922822866
TUR,2017,net_exports_pct_gdp,-3.05666052974179
TUR,2016,net_exports_pct_gdp,-1.60577894110722
TUR,2015,net_exports_pct_gdp,-1.31335609821325
TUR,2014,net_exports_pct_gdp,-2.67212467047683
TUR,2013,net_exports_pct_gdp,-4.26183338158831
TUR,2012,net_exports_pct_gdp,-3.39612506729306
TUR,2011,net_exports_pct_gdp,-6.67086901506326
TUR,2010,net_exports_pct_gdp,-3.76344510314783
TUR,2009,net_exports_pct_gdp,0.476580482539053
TUR,2008,net_exports_pct_gdp,-2.91849408664854
TUR,2007,net_exports_pct_gdp,-3.65230751340748
TUR,2006,net_exports_pct_gdp,-3.59430600497415
TUR,2005,net_exports_pct_gdp,-2.07123439281512
TUR,2004,net_exports_pct_gdp,-1.2845801756369
TUR,2003,net_exports_pct_gdp,0.0211661117711708
TUR,2002,net_exports_pct_gdp,2.42764213538544
TUR,2001,net_exports_pct_gdp,4.64933731885119
TUR,2000,net_exports_pct_gdp,-2.50784216732289
TUR,1999,net_exports_pct_gdp,-0.00498917662931236
TUR,1998,net_exports_pct_gdp,0.93197566539943
TUR,1997,net_exports_pct_gdp,0.11700413387833
TUR,1996,net_exports_pct_gdp,-0.531495252067271
TUR,1995,net_exports_pct_gdp,0.65522101870179
TUR,1994,net_exports_pct_gdp,0.978410073484351
TUR,1993,net_exports_pct_gdp,-5.66948207576583
TUR,1992,net_exports_pct_gdp,-2.95289417652611
TUR,1991,net_exports_pct_gdp,-2.79375144516835
TUR,1990,net_exports_pct_gdp,-4.21278979657569
USA,2024,net_exports_pct_gdp,-3.06662434752828
USA,2023,net_exports_pct_gdp,-2.82795073709931
USA,2022,net_exports_pct_gdp,-3.59970406777088
USA,2021,net_exports_pct_gdp,-3.57938846341164
USA,2020,net_exports_pct_gdp,-2.89378184080948
USA,2019,net_exports_pct_gdp,-2.68008580508563
USA,2018,net_exports_pct_gdp,-2.87113761100856
USA,2017,net_exports_pct_gdp,-2.77037616875539
USA,2016,net_exports_pct_gdp,-2.67627933189587
USA,2015,net_exports_pct_gdp,-2.86591667382253
USA,2014,net_exports_pct_gdp,-2.89014091098105
USA,2013,net_exports_pct_gdp,-2.83432252119183
USA,2012,net_exports_pct_gdp,-3.39373703778215
USA,2011,net_exports_pct_gdp,-3.71555101074813
USA,2010,net_exports_pct_gdp,-3.53717207641639
USA,2009,net_exports_pct_gdp,-2.8950895171296
USA,2008,net_exports_pct_gdp,-5.01609967648987
USA,2007,net_exports_pct_gdp,-5.08443697308071
USA,2006,net_exports_pct_gdp,-5.69250678744429
USA,2005,net_exports_pct_gdp,-5.67444452292576
USA,2004,net_exports_pct_gdp,-5.19056091103065
USA,2003,net_exports_pct_gdp,-4.55599247585421
USA,2002,net_exports_pct_gdp,-4.02361290601209
USA,2001,net_exports_pct_gdp,-3.56028659802953
USA,2000,net_exports_pct_gdp,-3.71744009727097
USA,1999,net_exports_pct_gdp,-2.69489528377232
USA,1998,net_exports_pct_gdp,-1.79536892337118
USA,1997,net_exports_pct_gdp,-1.18881237910304
USA,1996,net_exports_pct_gdp,-1.19380086167408
USA,1995,net_exports_pct_gdp,-1.17493388853482
USA,1994,net_exports_pct_gdp,-1.26916433061863
USA,1993,net_exports_pct_gdp,-0.950257918609434
USA,1992,net_exports_pct_gdp,-0.532764691096014
USA,1991,net_exports_pct_gdp,-0.464637879459816
USA,1990,net_exports_pct_gdp,-1.30560321870476
ZAF,2025,net_exports_pct_gdp,1.90929232808787
ZAF,2024,net_exports_pct_gdp,1.93704365623559
ZAF,2023,net_exports_pct_gdp,0.827749537292378
ZAF,2022,net_exports_pct_gdp,2.13174623051444
ZAF,2021,net_exports_pct_gdp,6.21850738256707
ZAF,2020,net_exports_pct_gdp,4.39216924037491
ZAF,2019,net_exports_pct_gdp,0.506262402089596
ZAF,2018,net_exports_pct_gdp,0.508529174050609
ZAF,2017,net_exports_pct_gdp,1.1442197330691
ZAF,2016,net_exports_pct_gdp,0.45091883491279
ZAF,2015,net_exports_pct_gdp,-1.29939931974983
ZAF,2014,net_exports_pct_gdp,-1.498335448365
ZAF,2013,net_exports_pct_gdp,-2.11646698932911
ZAF,2012,net_exports_pct_gdp,-1.3043188057987
ZAF,2011,net_exports_pct_gdp,0.759946504853332
ZAF,2010,net_exports_pct_gdp,1.16074809084438
ZAF,2009,net_exports_pct_gdp,0.377957648767233
ZAF,2008,net_exports_pct_gdp,-1.46517645748784
ZAF,2007,net_exports_pct_gdp,-1.20721034834303
ZAF,2006,net_exports_pct_gdp,-1.57164151069059
ZAF,2005,net_exports_pct_gdp,-0.228252413945679
ZAF,2004,net_exports_pct_gdp,-0.128537652673302
ZAF,2003,net_exports_pct_gdp,2.10668415382791
ZAF,2002,net_exports_pct_gdp,3.39683280592358
ZAF,2001,net_exports_pct_gdp,3.54237608330853
ZAF,2000,net_exports_pct_gdp,2.58788488597607
ZAF,1999,net_exports_pct_gdp,2.28013593205309
ZAF,1998,net_exports_pct_gdp,1.0027982981868
ZAF,1997,net_exports_pct_gdp,1.01984928122529
ZAF,1996,net_exports_pct_gdp,1.35023470541686
ZAF,1995,net_exports_pct_gdp,0.597687436248138
ZAF,1994,net_exports_pct_gdp,1.98406644359411
ZAF,1993,net_exports_pct_gdp,4.13060891586304
ZAF,1992,net_exports_pct_gdp,3.58893970953496
ZAF,1991,net_exports_pct_gdp,3.80002142818878
ZAF,1990,net_exports_pct_gdp,4.86528254330368
AUS,2025,reserves_months_imports,1.58449713774203
AUS,2024,reserves_months_imports,1.35214316804638
AUS,2023,reserves_months_imports,1.42689960362476
AUS,2022,reserves_months_imports,1.30088944606724
AUS,2021,reserves_months_imports,1.73481181496435
AUS,2020,reserves_months_imports,1.5961397996989
AUS,2019,reserves_months_imports,1.78228736371468
AUS,2018,reserves_months_imports,1.57003412299637
AUS,2017,reserves_months_imports,2.08176490163879
AUS,2016,reserves_months_imports,1.88832548352904
AUS,2015,reserves_months_imports,1.60125212905097
AUS,2014,reserves_months_imports,1.66103068226082
AUS,2013,reserves_months_imports,1.55435208477367
AUS,2012,reserves_months_imports,1.36947135285815
AUS,2011,reserves_months_imports,1.3329222997953
AUS,2010,reserves_months_imports,1.4494932951904
AUS,2009,reserves_months_imports,1.80269721013609
AUS,2008,reserves_months_imports,1.18557465037047
AUS,2007,reserves_months_imports,1.11922244758873
AUS,2006,reserves_months_imports,2.85248884994684
AUS,2005,reserves_months_imports,2.59298920284395
AUS,2004,reserves_months_imports,2.56446102441055
AUS,2003,reserves_months_imports,2.93863794104373
AUS,2002,reserves_months_imports,2.337860991248
AUS,2001,reserves_months_imports,2.26211190061693
AUS,2000,reserves_months_imports,2.06379898799533
AUS,1999,reserves_months_imports,2.5041341473426
AUS,1998,reserves_months_imports,1.88090639363923
AUS,1997,reserves_months_imports,2.01592657347321
AUS,1996,reserves_months_imports,2.04645702693278
AUS,1995,reserves_months_imports,1.88653543285781
AUS,1994,reserves_months_imports,2.06752690755426
AUS,1993,reserves_months_imports,2.46473700610061
AUS,1992,reserves_months_imports,2.410046612253
AUS,1991,reserves_months_imports,3.38935828462702
AUS,1990,reserves_months_imports,3.2911342342281
BRA,2025,reserves_months_imports,8.4209144130353
BRA,2024,reserves_months_imports,7.95225602897552
BRA,2023,reserves_months_imports,9.42965093795292
BRA,2022,reserves_months_imports,8.33579218529621
BRA,2021,reserves_months_imports,11.1402301211994
BRA,2020,reserves_months_imports,14.9438769882272
BRA,2019,reserves_months_imports,12.2312070465136
BRA,2018,reserves_months_imports,13.202166862988
BRA,2017,reserves_months_imports,14.8647023427237
BRA,2016,reserves_months_imports,16.6034201407585
BRA,2015,reserves_months_imports,14.6482488458148
BRA,2014,reserves_months_imports,11.3474043536962
BRA,2013,reserves_months_imports,11.204987102341
BRA,2012,reserves_months_imports,11.6309530113885
BRA,2011,reserves_months_imports,10.5265784637235
BRA,2010,reserves_months_imports,10.2280608885101
BRA,2009,reserves_months_imports,12.9658318881251
BRA,2008,reserves_months_imports,8.33142232895231
BRA,2007,reserves_months_imports,10.7535621523233
BRA,2006,reserves_months_imports,6.6063279497004
BRA,2005,reserves_months_imports,5.01765489488027
BRA,2004,reserves_months_imports,6.01897746167502
BRA,2003,reserves_months_imports,6.80818213950274
BRA,2002,reserves_months_imports,5.36911462837761
BRA,2001,reserves_months_imports,4.44144456291018
BRA,2000,reserves_months_imports,4.14153415965172
BRA,1999,reserves_months_imports,4.99722590078224
BRA,1998,reserves_months_imports,5.35795221353622
BRA,1997,reserves_months_imports,6.36862290275464
BRA,1996,reserves_months_imports,8.64001092885266
BRA,1995,reserves_months_imports,7.99060658364422
BRA,1994,reserves_months_imports,8.50057189488636
BRA,1993,reserves_months_imports,8.32447041844802
BRA,1992,reserves_months_imports,7.68235720772798
BRA,1991,reserves_months_imports,2.90417921149638
BRA,1990,reserves_months_imports,2.9297685435826
CAN,2025,reserves_months_imports,1.59858615113231
CAN,2024,reserves_months_imports,1.5422071135267
CAN,2023,reserves_months_imports,1.55714979575801
CAN,2022,reserves_months_imports,1.46541502582442
CAN,2021,reserves_months_imports,1.72003903449133
CAN,2020,reserves_months_imports,1.76069410604191
CAN,2019,reserves_months_imports,1.44775879309168
CAN,2018,reserves_months_imports,1.43503478148262
CAN,2017,reserves_months_imports,1.59591357331042
CAN,2016,reserves_months_imports,1.65079590323093
CAN,2015,reserves_months_imports,1.54392945017431
CAN,2014,reserves_months_imports,1.29918684137955
CAN,2013,reserves_months_imports,1.2551770449071
CAN,2012,reserves_months_imports,1.19486014225825
CAN,2011,reserves_months_imports,1.19116603863505
CAN,2010,reserves_months_imports,1.17295270117455
CAN,2009,reserves_months_imports,1.36080788737442
CAN,2008,reserves_months_imports,0.881536944156732
CAN,2007,reserves_months_imports,0.878669443792734
CAN,2006,reserves_months_imports,0.834629965214521
CAN,2005,reserves_months_imports,0.883794061681325
CAN,2004,reserves_months_imports,1.06751407941516
CAN,2003,reserves_months_imports,1.28132010174152
CAN,2002,reserves_months_imports,1.4362408296048
CAN,2001,reserves_months_imports,1.31951370457923
CAN,2000,reserves_months_imports,1.16129866637947
CAN,1999,reserves_months_imports,1.12648674765852
CAN,1998,reserves_months_imports,1.01444025546778
CAN,1997,reserves_months_imports,0.794660875560186
CAN,1996,reserves_months_imports,1.03282424599181
CAN,1995,reserves_months_imports,0.811781644246909
CAN,1994,reserves_months_imports,0.757311657106887
CAN,1993,reserves_months_imports,0.888017879732009
CAN,1992,reserves_months_imports,0.944194189324303
CAN,1991,reserves_months_imports,1.36273737213214
CAN,1990,reserves_months_imports,1.53735331891058
CHE,2025,reserves_months_imports,13.1988008035668
CHE,2024,reserves_months_imports,13.1903467469865
CHE,2023,reserves_months_imports,12.943374645767
CHE,2022,reserves_months_imports,15.0105362573548
CHE,2021,reserves_months_imports,19.2467144477569
CHE,2020,reserves_months_imports,21.3472405398935
CHE,2019,reserves_months_imports,16.5474933642214
CHE,2018,reserves_months_imports,15.1105604842755
CHE,2017,reserves_months_imports,16.5202615600178
CHE,2016,reserves_months_imports,14.7781437779488
CHE,2015,reserves_months_imports,14.0381093116377
CHE,2014,reserves_months_imports,11.7247018785997
CHE,2013,reserves_months_imports,11.7256836953022
CHE,2012,reserves_months_imports,12.2950040469463
CHE,2011,reserves_months_imports,7.44644961446411
CHE,2010,reserves_months_imports,7.56172322193645
CHE,2009,reserves_months_imports,4.26935140341523
CHE,2008,reserves_months_imports,2.04763355976139
CHE,2007,reserves_months_imports,2.3636319329158
CHE,2006,reserves_months_imports,2.56436167235939
CHE,2005,reserves_months_imports,2.51617493578477
CHE,2004,reserves_months_imports,3.92301370716735
CHE,2003,reserves_months_imports,4.27684182116484
CHE,2002,reserves_months_imports,4.38047244829935
CHE,2001,reserves_months_imports,3.56768315967572
CHE,2000,reserves_months_imports,3.71646131613972
CHE,1999,reserves_months_imports,5.29221636992954
CHE,1998,reserves_months_imports,5.71608776779031
CHE,1997,reserves_months_imports,6.01082429732153
CHE,1996,reserves_months_imports,6.34892776704211
CHE,1995,reserves_months_imports,6.34478621234093
CHE,1994,reserves_months_imports,7.14480083364375
CHE,1993,reserves_months_imports,7.64485841385571
CHE,1992,reserves_months_imports,6.59880317929945
CHE,1991,reserves_months_imports,6.40089124287991
CHE,1990,reserves_months_imports,6.27504373800145
CHN,2025,reserves_months_imports,11.9430464176221
CHN,2024,reserves_months_imports,11.0155252612111
CHN,2023,reserves_months_imports,11.4423012102454
CHN,2022,reserves_months_imports,11.0459629699848
CHN,2021,reserves_months_imports,11.4763094263764
CHN,2020,reserves_months_imports,14.4970336212148
CHN,2019,reserves_months_imports,13.6333355975394
CHN,2018,reserves_months_imports,13.1417391678264
CHN,2017,reserves_months_imports,15.4175323187252
CHN,2016,reserves_months_imports,16.7160982737837
CHN,2015,reserves_months_imports,17.935784855181
CHN,2014,reserves_months_imports,18.9654201864734
CHN,2013,reserves_months_imports,19.5432820448992
CHN,2012,reserves_months_imports,19.0830480218235
CHN,2011,reserves_months_imports,19.1307572380525
CHN,2010,reserves_months_imports,21.8294857327459
CHN,2009,reserves_months_imports,25.389762462257
CHN,2008,reserves_months_imports,19.1459316518489
CHN,2007,reserves_months_imports,18.0957914112379
CHN,2006,reserves_months_imports,15.3932049867437
CHN,2005,reserves_months_imports,14.1697653869492
CHN,2004,reserves_months_imports,12.904400622439
CHN,2003,reserves_months_imports,11.442740318432
CHN,2002,reserves_months_imports,15.2992330754394
CHN,2001,reserves_months_imports,12.6317565159013
CHN,2000,reserves_months_imports,10.9413586396921
CHN,1999,reserves_months_imports,13.6364945397097
CHN,1998,reserves_months_imports,15.3155648378232
CHN,1997,reserves_months_imports,15.3584570935983
CHN,1996,reserves_months_imports,7.71067045739524
CHN,1995,reserves_months_imports,6.32825586255357
CHN,1994,reserves_months_imports,5.8589383126685
CHN,1993,reserves_months_imports,3.15485276716324
CHN,1992,reserves_months_imports,3.76716826644375
CHN,1991,reserves_months_imports,10.1087909129257
CHN,1990,reserves_months_imports,8.50061506335466
DNK,2024,reserves_months_imports,4.40117717539998
DNK,2023,reserves_months_imports,4.69462972280691
DNK,2022,reserves_months_imports,4.21712222634877
DNK,2021,reserves_months_imports,4.16057736639066
DNK,2020,reserves_months_imports,4.52934660153463
DNK,2019,reserves_months_imports,3.93865095048992
DNK,2018,reserves_months_imports,4.13082930342231
DNK,2017,reserves_months_imports,4.91746136076967
DNK,2016,reserves_months_imports,4.59154537433829
DNK,2015,reserves_months_imports,4.65573697899575
DNK,2014,reserves_months_imports,4.72763161190367
DNK,2013,reserves_months_imports,5.63812486752115
DNK,2012,reserves_months_imports,5.98006953214415
DNK,2011,reserves_months_imports,5.41292963265338
DNK,2010,reserves_months_imports,5.66431743256402
DNK,2009,reserves_months_imports,5.77753583914642
DNK,2008,reserves_months_imports,2.37530433752281
DNK,2007,reserves_months_imports,2.18376095205743
DNK,2006,reserves_months_imports,2.37350744821369
DNK,2005,reserves_months_imports,3.03833519962537
DNK,2004,reserves_months_imports,4.21129945172041
DNK,2003,reserves_months_imports,4.70608998491133
DNK,2002,reserves_months_imports,3.91694177480327
DNK,2001,reserves_months_imports,2.69174517246558
DNK,2000,reserves_months_imports,2.34232031470903
DNK,1999,reserves_months_imports,3.7618712245471
DNK,1998,reserves_months_imports,2.57361224279521
DNK,1997,reserves_months_imports,2.99203268363521
DNK,1996,reserves_months_imports,1.76680725955736
DNK,1995,reserves_months_imports,1.53923654638264
DNK,1994,reserves_months_imports,1.57506647068335
DNK,1993,reserves_months_imports,1.95455947425729
DNK,1992,reserves_months_imports,2.12579280634974
DNK,1991,reserves_months_imports,1.68055693194717
DNK,1990,reserves_months_imports,2.53529750223436
EMU,2025,reserves_months_imports,3.67348634225124
EMU,2024,reserves_months_imports,2.55676610171874
EMU,2023,reserves_months_imports,2.26935141555977
EMU,2022,reserves_months_imports,2.30049341546673
EMU,2021,reserves_months_imports,2.70418615618978
EMU,2020,reserves_months_imports,3.16455002090499
EMU,2019,reserves_months_imports,2.2868399830356
EMU,2018,reserves_months_imports,2.05268308762389
EMU,2017,reserves_months_imports,2.24686038815574
EMU,2016,reserves_months_imports,2.21437881173655
EMU,2015,reserves_months_imports,2.07821304785975
EMU,2014,reserves_months_imports,1.88616351035479
EMU,2013,reserves_months_imports,1.99118598704978
EMU,2012,reserves_months_imports,2.351880491941
EMU,2011,reserves_months_imports,1.98422016960833
EMU,2010,reserves_months_imports,2.20668875011791
EMU,2009,reserves_months_imports,2.10646185403424
EMU,2008,reserves_months_imports,1.36295607490826
EMU,2007,reserves_months_imports,1.56825750748683
EMU,2006,reserves_months_imports,1.54241306573978
EMU,2005,reserves_months_imports,1.53108196216065
EMU,2004,reserves_months_imports,1.75484245280872
EMU,2003,reserves_months_imports,2.03873580806604
EMU,2002,reserves_months_imports,2.21443838129966
EMU,2001,reserves_months_imports,1.8760715863077
EMU,2000,reserves_months_imports,1.95154136124451
EMU,1999,reserves_months_imports,2.20884229724299
EMU,1990,reserves_months_imports,3.83839863457031
GBR,2025,reserves_months_imports,1.38773026145435
GBR,2024,reserves_months_imports,1.18272554676037
GBR,2023,reserves_months_imports,1.25355978527131
GBR,2022,reserves_months_imports,1.41227364359352
GBR,2021,reserves_months_imports,1.91277921919496
GBR,2020,reserves_months_imports,2.1161105409397
GBR,2019,reserves_months_imports,1.68473544806755
GBR,2018,reserves_months_imports,1.62160065704144
GBR,2017,reserves_months_imports,1.58905823431859
GBR,2016,reserves_months_imports,1.49593733402752
GBR,2015,reserves_months_imports,1.56885775056848
GBR,2014,reserves_months_imports,1.20982422016014
GBR,2013,reserves_months_imports,1.19820109358142
GBR,2012,reserves_months_imports,1.21181144741228
GBR,2011,reserves_months_imports,1.11662614701046
GBR,2010,reserves_months_imports,1.13583836210976
GBR,2009,reserves_months_imports,0.965325264591292
GBR,2008,reserves_months_imports,0.530752979118063
GBR,2007,reserves_months_imports,0.614730670256313
GBR,2006,reserves_months_imports,0.597484134087491
GBR,2005,reserves_months_imports,0.686589142942834
GBR,2004,reserves_months_imports,0.837146297763697
GBR,2003,reserves_months_imports,0.924570246675464
GBR,2002,reserves_months_imports,1.00793032280885
GBR,2001,reserves_months_imports,0.876404449269559
GBR,2000,reserves_months_imports,0.935057175777233
GBR,1999,reserves_months_imports,0.90959988381713
GBR,1998,reserves_months_imports,0.849729315522174
GBR,1997,reserves_months_imports,0.848240799085382
GBR,1996,reserves_months_imports,1.12325191665556
GBR,1995,reserves_months_imports,1.27485538720077
GBR,1994,reserves_months_imports,1.46821849351434
GBR,1993,reserves_months_imports,1.44625371820276
GBR,1992,reserves_months_imports,1.33812693071793
GBR,1991,reserves_months_imports,1.49335400907614
GBR,1990,reserves_months_imports,1.26564143976707
IDN,2025,reserves_months_imports,5.51085431823322
IDN,2024,reserves_months_imports,5.72012468838059
IDN,2023,reserves_months_imports,5.72806559441344
IDN,2022,reserves_months_imports,5.21322077470096
IDN,2021,reserves_months_imports,6.78517585393017
IDN,2020,reserves_months_imports,8.40697484639797
IDN,2019,reserves_months_imports,6.31777434419502
IDN,2018,reserves_months_imports,5.59560758848402
IDN,2017,reserves_months_imports,7.08716242011101
IDN,2016,reserves_months_imports,7.22588805609531
IDN,2015,reserves_months_imports,6.44616105766404
IDN,2014,reserves_months_imports,5.74432339947261
IDN,2013,reserves_months_imports,4.95031846769598
IDN,2012,reserves_months_imports,5.58937942738163
IDN,2011,reserves_months_imports,6.05969044940623
IDN,2010,reserves_months_imports,6.86991432991074
IDN,2009,reserves_months_imports,6.54684575689915
IDN,2008,reserves_months_imports,4.00096264531685
IDN,2007,reserves_months_imports,5.67712529732221
IDN,2006,reserves_months_imports,4.91547534687069
IDN,2005,reserves_months_imports,4.10478485517762
IDN,2004,reserves_months_imports,5.420563210953
IDN,2003,reserves_months_imports,6.7749044109302
IDN,2002,reserves_months_imports,6.2952679657633
IDN,2001,reserves_months_imports,5.66905378340598
IDN,2000,reserves_months_imports,5.26483607241346
IDN,1999,reserves_months_imports,6.09229450072994
IDN,1998,reserves_months_imports,5.23322602998225
IDN,1997,reserves_months_imports,2.95480794337669
IDN,1996,reserves_months_imports,3.49495904632741
IDN,1995,reserves_months_imports,2.90213829092754
IDN,1994,reserves_months_imports,3.23073711587063
IDN,1993,reserves_months_imports,3.38379068304971
IDN,1992,reserves_months_imports,3.33166241980596
IDN,1991,reserves_months_imports,3.27992052287353
IDN,1990,reserves_months_imports,3.13746645310853
IND,2025,reserves_months_imports,7.8761457217327
IND,2024,reserves_months_imports,7.52136088188696
IND,2023,reserves_months_imports,7.97237314389747
IND,2022,reserves_months_imports,7.00951210544359
IND,2021,reserves_months_imports,9.84238574452328
IND,2020,reserves_months_imports,12.9323281065786
IND,2019,reserves_months_imports,8.27365940048396
IND,2018,reserves_months_imports,6.90105548512364
IND,2017,reserves_months_imports,8.16271866943629
IND,2016,reserves_months_imports,8.43013905768235
IND,2015,reserves_months_imports,8.00309182929653
IND,2014,reserves_months_imports,6.5991330802017
IND,2013,reserves_months_imports,6.02774649537524
IND,2012,reserves_months_imports,5.90371509588661
IND,2011,reserves_months_imports,6.18879010347658
IND,2010,reserves_months_imports,7.76063411026838
IND,2009,reserves_months_imports,9.77371114314451
IND,2008,reserves_months_imports,7.71425265694142
IND,2007,reserves_months_imports,11.1391919314526
IND,2006,reserves_months_imports,8.91992866511892
IND,2005,reserves_months_imports,8.51847317184615
IND,2004,reserves_months_imports,11.3051095119993
IND,2003,reserves_months_imports,12.2832820147208
IND,2002,reserves_months_imports,10.3730834871592
IND,2001,reserves_months_imports,7.45295243694093
IND,2000,reserves_months_imports,6.1214797944893
IND,1999,reserves_months_imports,6.31148133710289
IND,1998,reserves_months_imports,5.6743768531153
IND,1997,reserves_months_imports,5.39180134948693
IND,1996,reserves_months_imports,5.00904589274726
IND,1995,reserves_months_imports,5.13385971679427
IND,1994,reserves_months_imports,6.88055422641741
IND,1993,reserves_months_imports,5.07094897356213
IND,1992,reserves_months_imports,3.37116986123404
IND,1991,reserves_months_imports,2.92296631274637
IND,1990,reserves_months_imports,2.0364027734552
JPN,2025,reserves_months_imports,14.0093945645036
JPN,2024,reserves_months_imports,12.9546613262798
JPN,2023,reserves_months_imports,13.5201465788884
JPN,2022,reserves_months_imports,12.3368757899621
JPN,2021,reserves_months_imports,16.0722158274857
JPN,2020,reserves_months_imports,18.5186166099083
JPN,2019,reserves_months_imports,15.4233523008405
JPN,2018,reserves_months_imports,14.689130719455
JPN,2017,reserves_months_imports,16.273309373505
JPN,2016,reserves_months_imports,16.968973864069
JPN,2015,reserves_months_imports,16.8028215906603
JPN,2014,reserves_months_imports,14.2124232003685
JPN,2013,reserves_months_imports,14.971877035387
JPN,2012,reserves_months_imports,14.2347343263613
JPN,2011,reserves_months_imports,15.2333155611711
JPN,2010,reserves_months_imports,15.8070134520484
JPN,2009,reserves_months_imports,18.3847316266499
JPN,2008,reserves_months_imports,13.3310524110076
JPN,2007,reserves_months_imports,15.0050233221166
JPN,2006,reserves_months_imports,15.0181261034339
JPN,2005,reserves_months_imports,15.8351701910594
JPN,2004,reserves_months_imports,17.9567856611529
JPN,2003,reserves_months_imports,17.0649282535659
JPN,2002,reserves_months_imports,13.0738264108092
JPN,2001,reserves_months_imports,10.694240054348
JPN,2000,reserves_months_imports,8.79520531144648
JPN,1999,reserves_months_imports,8.24784981843094
JPN,1998,reserves_months_imports,6.60815287311937
JPN,1997,reserves_months_imports,5.67928011600088
JPN,1996,reserves_months_imports,5.41194184014078
KOR,2025,reserves_months_imports,6.46273036949367
KOR,2024,reserves_months_imports,6.19834331246318
KOR,2023,reserves_months_imports,6.31772211606366
KOR,2022,reserves_months_imports,5.90124848137764
KOR,2021,reserves_months_imports,7.50434101810614
KOR,2020,reserves_months_imports,9.35214589379262
KOR,2019,reserves_months_imports,7.71289239419086
KOR,2018,reserves_months_imports,7.12215104071275
KOR,2017,reserves_months_imports,7.55831770286656
KOR,2016,reserves_months_imports,8.38848501351327
KOR,2015,reserves_months_imports,7.9205453756485
KOR,2014,reserves_months_imports,6.54230372996404
KOR,2013,reserves_months_imports,6.19845985710316
KOR,2012,reserves_months_imports,5.76906053221769
KOR,2011,reserves_months_imports,5.39203401880799
KOR,2010,reserves_months_imports,6.5467233974824
KOR,2009,reserves_months_imports,7.80292095600634
KOR,2008,reserves_months_imports,4.46436257694186
KOR,2007,reserves_months_imports,6.85652160718251
KOR,2006,reserves_months_imports,7.27710997239579
KOR,2005,reserves_months_imports,7.61490774363077
KOR,2004,reserves_months_imports,8.54332338799098
KOR,2003,reserves_months_imports,8.33289295687719
KOR,2002,reserves_months_imports,7.55038951610631
KOR,2001,reserves_months_imports,6.81867907289459
KOR,2000,reserves_months_imports,5.81220374170108
KOR,1999,reserves_months_imports,6.02012281185595
KOR,1998,reserves_months_imports,5.14613795652844
KOR,1997,reserves_months_imports,1.39905230868822
KOR,1996,reserves_months_imports,2.30980927061515
KOR,1995,reserves_months_imports,2.49162519314958
KOR,1994,reserves_months_imports,2.61642803792074
KOR,1993,reserves_months_imports,2.53421136398603
KOR,1992,reserves_months_imports,2.25508362112236
KOR,1991,reserves_months_imports,1.83932275079553
KOR,1990,reserves_months_imports,2.32180625211208
MEX,2025,reserves_months_imports,3.74625370139359
MEX,2024,reserves_months_imports,3.54735732153754
MEX,2023,reserves_months_imports,3.44254741981939
MEX,2022,reserves_months_imports,3.32190681281323
MEX,2021,reserves_months_imports,4.12398114778684
MEX,2020,reserves_months_imports,5.07902828726659
MEX,2019,reserves_months_imports,3.91541539352767
MEX,2018,reserves_months_imports,3.74611361421752
MEX,2017,reserves_months_imports,4.12120736692421
MEX,2016,reserves_months_imports,4.54794007085504
MEX,2015,reserves_months_imports,4.46007738307296
MEX,2014,reserves_months_imports,4.80529226012456
MEX,2013,reserves_months_imports,4.5658776197185
MEX,2012,reserves_months_imports,4.48471717639987
MEX,2011,reserves_months_imports,4.27630853093349
MEX,2010,reserves_months_imports,4.05364499570365
MEX,2009,reserves_months_imports,4.18740932590072
MEX,2008,reserves_months_imports,3.10571376172191
MEX,2007,reserves_months_imports,3.06932316704467
MEX,2006,reserves_months_imports,2.96677953801298
MEX,2005,reserves_months_imports,3.31288171093641
MEX,2004,reserves_months_imports,3.28782723404344
MEX,2003,reserves_months_imports,3.44046588174088
MEX,2002,reserves_months_imports,2.98006982310122
MEX,2001,reserves_months_imports,2.63689971681986
MEX,2000,reserves_months_imports,2.01762486355417
MEX,1999,reserves_months_imports,2.20924037805729
MEX,1998,reserves_months_imports,2.4492236787245
MEX,1997,reserves_months_imports,3.40567406946924
MEX,1996,reserves_months_imports,2.71075061116895
MEX,1995,reserves_months_imports,2.82554644014576
MEX,1994,reserves_months_imports,0.883109318233717
MEX,1993,reserves_months_imports,4.06437524271201
MEX,1992,reserves_months_imports,3.18858335706006
MEX,1991,reserves_months_imports,3.55524780127227
MEX,1990,reserves_months_imports,2.30528819968242
NOR,2025,reserves_months_imports,4.36557594204946
NOR,2024,reserves_months_imports,4.3382923846671
NOR,2023,reserves_months_imports,4.64099738201527
NOR,2022,reserves_months_imports,4.14849931629286
NOR,2021,reserves_months_imports,5.59363126814602
NOR,2020,reserves_months_imports,6.46279679729791
NOR,2019,reserves_months_imports,4.68841396030322
NOR,2018,reserves_months_imports,4.3770537696345
NOR,2017,reserves_months_imports,4.99674051840652
NOR,2016,reserves_months_imports,4.89290817591653
NOR,2015,reserves_months_imports,4.60791812644752
NOR,2014,reserves_months_imports,4.31661097346496
NOR,2013,reserves_months_imports,3.79443439347997
NOR,2012,reserves_months_imports,3.48527271543998
NOR,2011,reserves_months_imports,3.43016101727525
NOR,2010,reserves_months_imports,4.25008438350318
NOR,2009,reserves_months_imports,4.51883746092856
NOR,2008,reserves_months_imports,3.36472918620156
NOR,2007,reserves_months_imports,4.48190446729242
NOR,2006,reserves_months_imports,5.42599732631983
NOR,2005,reserves_months_imports,5.2821495320429
NOR,2004,reserves_months_imports,5.9136491092739
NOR,2003,reserves_months_imports,6.13335910719972
NOR,2002,reserves_months_imports,6.18317748451325
NOR,2001,reserves_months_imports,4.85481006981423
NOR,2000,reserves_months_imports,5.64774617045517
NOR,1999,reserves_months_imports,5.01953047779497
NOR,1998,reserves_months_imports,3.77096624851353
NOR,1997,reserves_months_imports,4.80940747824939
NOR,1996,reserves_months_imports,5.61645299659769
NOR,1995,reserves_months_imports,5.16724323204805
NOR,1994,reserves_months_imports,5.17450316037911
NOR,1993,reserves_months_imports,5.74529613726864
NOR,1992,reserves_months_imports,3.29540414448996
NOR,1991,reserves_months_imports,3.68296611640622
NOR,1990,reserves_months_imports,4.16358507710611
NZL,2025,reserves_months_imports,3.90496667135683
NZL,2024,reserves_months_imports,3.15568037399391
NZL,2023,reserves_months_imports,2.20826681754074
NZL,2022,reserves_months_imports,2.01441364729261
NZL,2021,reserves_months_imports,2.52902101596809
NZL,2020,reserves_months_imports,2.84275697597291
NZL,2019,reserves_months_imports,3.06126592955326
NZL,2018,reserves_months_imports,2.92388714011526
NZL,2017,reserves_months_imports,3.67195664946257
NZL,2016,reserves_months_imports,3.59312295581662
NZL,2015,reserves_months_imports,2.95843612781614
NZL,2014,reserves_months_imports,2.78090421394715
NZL,2013,reserves_months_imports,3.03824657155074
NZL,2012,reserves_months_imports,3.36299390273748
NZL,2011,reserves_months_imports,3.35466684777766
NZL,2010,reserves_months_imports,3.93935711731829
NZL,2009,reserves_months_imports,4.45627606089587
NZL,2008,reserves_months_imports,2.27322344137947
NZL,2007,reserves_months_imports,3.84800618611694
NZL,2006,reserves_months_imports,3.80189466206866
NZL,2005,reserves_months_imports,2.41181801463321
NZL,2004,reserves_months_imports,2.17416482069195
NZL,2003,reserves_months_imports,2.4284681544279
NZL,2002,reserves_months_imports,2.42416144990214
NZL,2001,reserves_months_imports,2.02711420418651
NZL,2000,reserves_months_imports,2.10917121369746
SGP,2025,reserves_months_imports,4.38779137884008
SGP,2024,reserves_months_imports,4.1819284049901
SGP,2023,reserves_months_imports,4.31234700367134
SGP,2022,reserves_months_imports,3.52234707372305
SGP,2021,reserves_months_imports,5.86539457353699
SGP,2020,reserves_months_imports,6.5266318785032
SGP,2019,reserves_months_imports,4.79837409853881
SGP,2018,reserves_months_imports,4.90921841872551
SGP,2017,reserves_months_imports,5.48780927285261
SGP,2016,reserves_months_imports,5.59069271249593
SGP,2015,reserves_months_imports,5.41630753480116
SGP,2014,reserves_months_imports,5.12342361688902
SGP,2013,reserves_months_imports,5.43683101786015
SGP,2012,reserves_months_imports,5.43623357526727
SGP,2011,reserves_months_imports,5.16536886202671
SGP,2010,reserves_months_imports,5.8077734027456
SGP,2009,reserves_months_imports,6.00113380620524
SGP,2008,reserves_months_imports,4.63162921909622
SGP,2007,reserves_months_imports,5.08024174951609
SGP,2006,reserves_months_imports,4.90075591105156
SGP,2005,reserves_months_imports,4.93299643486235
SGP,2004,reserves_months_imports,5.5881238501796
SGP,2003,reserves_months_imports,6.14268374450453
SGP,2002,reserves_months_imports,5.89466903678695
SGP,2001,reserves_months_imports,5.58717831248265
SGP,2000,reserves_months_imports,5.25898275858787
SGP,1999,reserves_months_imports,6.07284229447315
SGP,1998,reserves_months_imports,6.72326849529725
SGP,1997,reserves_months_imports,5.22617018959628
SGP,1996,reserves_months_imports,5.62069868758878
SGP,1995,reserves_months_imports,5.33343548856718
SGP,1994,reserves_months_imports,5.89415997584386
SGP,1993,reserves_months_imports,5.82257520009455
SGP,1992,reserves_months_imports,5.66612932922392
SGP,1991,reserves_months_imports,5.30244340181343
SGP,1990,reserves_months_imports,4.73325824236763
SWE,2025,reserves_months_imports,2.14189659264151
SWE,2024,reserves_months_imports,1.96248348090941
SWE,2023,reserves_months_imports,1.97480345957102
SWE,2022,reserves_months_imports,2.15475930163952
SWE,2021,reserves_months_imports,2.28146887394591
SWE,2020,reserves_months_imports,2.71477817462825
SWE,2019,reserves_months_imports,2.36175864659101
SWE,2018,reserves_months_imports,2.45777473866315
SWE,2017,reserves_months_imports,2.76167236360183
SWE,2016,reserves_months_imports,2.80614863669302
SWE,2015,reserves_months_imports,2.79051939985163
SWE,2014,reserves_months_imports,2.58575183617163
SWE,2013,reserves_months_imports,2.80719012177958
SWE,2012,reserves_months_imports,2.32075965130654
SWE,2011,reserves_months_imports,2.10360028104502
SWE,2010,reserves_months_imports,2.38037538162464
SWE,2009,reserves_months_imports,2.73511631695985
SWE,2008,reserves_months_imports,1.25544430800608
SWE,2007,reserves_months_imports,1.43250724421516
SWE,2006,reserves_months_imports,1.57579081615099
SWE,2005,reserves_months_imports,1.60752829346924
SWE,2004,reserves_months_imports,1.79316727665871
SWE,2003,reserves_months_imports,1.97914951775057
SWE,2002,reserves_months_imports,2.1144774464933
SWE,2001,reserves_months_imports,1.76274568562439
SWE,2000,reserves_months_imports,1.66941984045954
SWE,1999,reserves_months_imports,1.82729665672222
SWE,1998,reserves_months_imports,1.71207779271416
SWE,1997,reserves_months_imports,1.39439725910341
SWE,1996,reserves_months_imports,2.33378461862783
SWE,1995,reserves_months_imports,3.03605297568187
SWE,1994,reserves_months_imports,3.80619057412386
SWE,1993,reserves_months_imports,3.60697132580413
SWE,1992,reserves_months_imports,3.44956800628855
SWE,1991,reserves_months_imports,3.01984301827038
SWE,1990,reserves_months_imports,2.88206757647327
THA,2025,reserves_months_imports,8.02619323823452
THA,2024,reserves_months_imports,7.45570372627258
THA,2023,reserves_months_imports,7.56658893215616
THA,2022,reserves_months_imports,7.11722437680349
THA,2021,reserves_months_imports,9.01100320674599
THA,2020,reserves_months_imports,12.2043932728337
THA,2019,reserves_months_imports,8.90152084891791
THA,2018,reserves_months_imports,7.78824916649138
THA,2017,reserves_months_imports,8.78162959167524
THA,2016,reserves_months_imports,8.34136438746495
THA,2015,reserves_months_imports,7.354632050016
THA,2014,reserves_months_imports,6.66361179348732
THA,2013,reserves_months_imports,6.51019841309142
THA,2012,reserves_months_imports,7.26906226177321
THA,2011,reserves_months_imports,7.74152006876012
THA,2010,reserves_months_imports,9.0725601386283
THA,2009,reserves_months_imports,9.81395828770847
THA,2008,reserves_months_imports,6.0802354647904
THA,2007,reserves_months_imports,5.93095596443648
THA,2006,reserves_months_imports,5.08069119941125
THA,2005,reserves_months_imports,4.35228452163583
THA,2004,reserves_months_imports,5.12847386166865
THA,2003,reserves_months_imports,5.42849987458567
THA,2002,reserves_months_imports,5.77678521095063
THA,2001,reserves_months_imports,5.2498144282551
THA,2000,reserves_months_imports,5.07297233118356
THA,1999,reserves_months_imports,6.68570746657057
THA,1998,reserves_months_imports,6.39744899631092
THA,1997,reserves_months_imports,4.05176432338582
THA,1996,reserves_months_imports,5.10521376349522
THA,1995,reserves_months_imports,5.02791401691384
THA,1994,reserves_months_imports,5.35205576697511
THA,1993,reserves_months_imports,5.38309606241756
THA,1992,reserves_months_imports,5.09736145751023
THA,1991,reserves_months_imports,4.84116575518534
THA,1990,reserves_months_imports,4.41170447433326
TUR,2024,reserves_months_imports,4.72961263910876
TUR,2023,reserves_months_imports,4.15773246137926
TUR,2022,reserves_months_imports,3.88032643940638
TUR,2021,reserves_months_imports,4.45898866581647
TUR,2020,reserves_months_imports,4.62292551551256
TUR,2019,reserves_months_imports,5.18429649280588
TUR,2018,reserves_months_imports,4.21759333209898
TUR,2017,reserves_months_imports,4.7879486495226
TUR,2016,reserves_months_imports,5.43169973687983
TUR,2015,reserves_months_imports,5.46401299517088
TUR,2014,reserves_months_imports,5.46656223125612
TUR,2013,reserves_months_imports,5.46467548164703
TUR,2012,reserves_months_imports,5.52884305144567
TUR,2011,reserves_months_imports,4.01504832644044
TUR,2010,reserves_months_imports,4.98149669912827
TUR,2009,reserves_months_imports,5.4952405363962
TUR,2008,reserves_months_imports,3.91083997729574
TUR,2007,reserves_months_imports,4.81895725661339
TUR,2006,reserves_months_imports,4.83278965480535
TUR,2005,reserves_months_imports,4.74021599368579
TUR,2004,reserves_months_imports,4.07383655222626
TUR,2003,reserves_months_imports,5.24559296762759
TUR,2002,reserves_months_imports,5.6418668646411
TUR,2001,reserves_months_imports,4.59996500318701
TUR,2000,reserves_months_imports,4.15738738710061
TUR,1999,reserves_months_imports,5.46612415757457
TUR,1998,reserves_months_imports,4.10647163475539
TUR,1997,reserves_months_imports,3.9115922183397
TUR,1996,reserves_months_imports,4.01481843420629
TUR,1995,reserves_months_imports,3.72027864167706
TUR,1994,reserves_months_imports,3.40113427671981
TUR,1993,reserves_months_imports,2.51197349949084
TUR,1992,reserves_months_imports,2.98288711526786
TUR,1991,reserves_months_imports,2.85972029652918
TUR,1990,reserves_months_imports,3.1611868376464
USA,2025,reserves_months_imports,2.83633267220007
USA,2024,reserves_months_imports,1.94032058064747
USA,2023,reserves_months_imports,1.79263382538627
USA,2022,reserves_months_imports,1.67967044769329
USA,2021,reserves_months_imports,1.97445270826071
USA,2020,reserves_months_imports,2.09737678529136
USA,2019,reserves_months_imports,1.54805985915951
USA,2018,reserves_months_imports,1.3600015179599
USA,2017,reserves_months_imports,1.48411996805483
USA,2016,reserves_months_imports,1.44075451131827
USA,2015,reserves_months_imports,1.34985594012155
USA,2014,reserves_months_imports,1.48004639876335
USA,2013,reserves_months_imports,1.59421468829977
USA,2012,reserves_months_imports,2.04662420386995
USA,2011,reserves_months_imports,1.96135892377522
USA,2010,reserves_months_imports,2.00331890203891
USA,2009,reserves_months_imports,1.92028077353965
USA,2008,reserves_months_imports,1.07901356702484
USA,2007,reserves_months_imports,1.06599499526028
USA,2006,reserves_months_imports,0.920734980795974
USA,2005,reserves_months_imports,0.903588941772187
USA,2004,reserves_months_imports,1.05559111218244
USA,2003,reserves_months_imports,1.19878399570069
USA,2002,reserves_months_imports,1.11647810305723
USA,2001,reserves_months_imports,0.938134144021969
USA,2000,reserves_months_imports,0.854272096906953
USA,1999,reserves_months_imports,1.07377331452326
USA,1998,reserves_months_imports,1.29127119690475
USA,1997,reserves_months_imports,1.2572687990174
USA,1996,reserves_months_imports,1.66275864603054
USA,1995,reserves_months_imports,1.95523553618241
USA,1994,reserves_months_imports,2.06391324712794
USA,1993,reserves_months_imports,2.39765174502404
USA,1992,reserves_months_imports,2.31231476555185
USA,1991,reserves_months_imports,2.60169338107099
USA,1990,reserves_months_imports,2.73557589265657
ZAF,2025,reserves_months_imports,6.22465629934582
ZAF,2024,reserves_months_imports,5.67102712164407
ZAF,2023,reserves_months_imports,5.33074985880917
ZAF,2022,reserves_months_imports,4.91388463271698
ZAF,2021,reserves_months_imports,5.56291275582496
ZAF,2020,reserves_months_imports,7.12354295570034
ZAF,2019,reserves_months_imports,5.40690081512174
ZAF,2018,reserves_months_imports,4.81246249518312
ZAF,2017,reserves_months_imports,5.2254571809234
ZAF,2016,reserves_months_imports,5.43700662124582
ZAF,2015,reserves_months_imports,4.72421413251299
ZAF,2014,reserves_months_imports,4.42516066122755
ZAF,2013,reserves_months_imports,4.30463726127469
ZAF,2012,reserves_months_imports,4.33171873217314
ZAF,2011,reserves_months_imports,4.19180307031225
ZAF,2010,reserves_months_imports,4.54059848802417
ZAF,2009,reserves_months_imports,5.12662348081341
ZAF,2008,reserves_months_imports,3.3280835307273
ZAF,2007,reserves_months_imports,3.46397510382695
ZAF,2006,reserves_months_imports,3.23727857447778
ZAF,2005,reserves_months_imports,3.16114379578521
ZAF,2004,reserves_months_imports,2.68935775221081
ZAF,2003,reserves_months_imports,1.92764823872227
ZAF,2002,reserves_months_imports,2.50168882524226
ZAF,2001,reserves_months_imports,2.45317346788814
ZAF,2000,reserves_months_imports,2.38388518393691
ZAF,1999,reserves_months_imports,2.54961732709242
ZAF,1998,reserves_months_imports,1.76142933259018
ZAF,1997,reserves_months_imports,1.81151705227386
ZAF,1996,reserves_months_imports,0.749182306824821
ZAF,1995,reserves_months_imports,1.43270061747907
ZAF,1994,reserves_months_imports,1.30339237556196
ZAF,1993,reserves_months_imports,1.30157267285546
ZAF,1992,reserves_months_imports,1.45376401915937
ZAF,1991,reserves_months_imports,1.52429876674072
ZAF,1990,reserves_months_imports,1.19465480077854
